tweet_id,party,username,name,date,time,full_text,like,retweet_count,reply_count,view_count,followers_count
1.73778E+18,CPN (SC),Bhanubhakta99,Bhanubhakta Joshi,12/21/2023,16:19:16,‘६०प्रतिशत विद्यार्थी स्कुल गएका छैनन्’ https://t.co/yesegP5FAC,1,1,0,168,17
1.73778E+18,CPN (SC),Bhanubhakta99,Bhanubhakta Joshi,12/21/2023,16:16:43,"RT @EduKhabar: सामुदायिक विद्यालयमा १० वर्ष पढाएपछि स्वतः बढुवा, योग्यता, तालिम र लाइसेन्स भएका प्राथमिक तहका शिक्षकलाई निमावि र माविमा बढु…",0,4,0,0,17
1.5313E+18,CPN (SC),Krishnacpnus,Krishna Kumar Shrestha,5/30/2022,21:35:49,https://t.co/yNDAB7elEU,1,0,1,0,69
1.5313E+18,CPN (SC),Krishnacpnus,Krishna Kumar Shrestha,5/30/2022,21:34:18,https://t.co/g97kWpTdnn,0,0,0,0,69
1.5313E+18,CPN (SC),Krishnacpnus,Krishna Kumar Shrestha,5/30/2022,21:34:07,https://t.co/C3eLyMYI9J,0,0,0,0,69
1.53001E+18,CPN (SC),Krishnacpnus,Krishna Kumar Shrestha,5/27/2022,8:18:50,https://t.co/BAaC1xnPFJ,0,1,0,0,69
1.52985E+18,CPN (SC),Krishnacpnus,Krishna Kumar Shrestha,5/26/2022,21:08:05,https://t.co/SbHb30OZEc,0,0,0,0,69
1.52749E+18,CPN (SC),Krishnacpnus,Krishna Kumar Shrestha,5/20/2022,8:51:04,https://t.co/zGGiQI6Beh,0,0,0,0,69
1.50936E+18,CPN (SC),Krishnacpnus,Krishna Kumar Shrestha,3/31/2022,8:13:30,https://t.co/FSs6fb6J3O,0,0,0,0,69
1.50159E+18,CPN (SC),Krishnacpnus,Krishna Kumar Shrestha,3/9/2022,21:40:06,https://t.co/TZkSHuZnDl,0,0,0,0,69
1.50049E+18,CPN (SC),Krishnacpnus,Krishna Kumar Shrestha,3/6/2022,21:07:21,https://t.co/ZpyxPHkvwP,2,0,0,0,69
1.4992E+18,CPN (SC),Krishnacpnus,Krishna Kumar Shrestha,3/3/2022,7:25:11,नेपाली बौद्धमार्गी एवं हिमाली आदिवासी शेर्पा समुदायले मनाउने ग्याल्बो ल्होसार अर्थात् नयाँ वर्ष २१४९ क्षु–फो–ताक्लोका उपलक्ष्यमा सम्पूर्ण शेर्पा समुदाय सहित सम्पुर्ण नेपालीमा हार्दिक शुभकामना व्यक्त गर्दछु ।,0,0,0,0,69
1.49075E+18,CPN (SC),Krishnacpnus,Krishna Kumar Shrestha,2/8/2022,0:02:28,"RT @ourktv: अलपत्र नेपालीको व्यवस्थापनका लागि सीआईबीको टोली लिएर यूएई जाँदै छु : श्रममन्त्री श्रेष्ठ

#NewsUpdates https://t.co/k1iSFGQw2Y",0,4,0,0,69
1.49071E+18,CPN (SC),Krishnacpnus,Krishna Kumar Shrestha,2/7/2022,20:58:14,https://t.co/abblI117oj,1,0,1,0,69
1.49067E+18,CPN (SC),Krishnacpnus,Krishna Kumar Shrestha,2/7/2022,18:45:33,https://t.co/j6Z7j1LHkj,0,0,0,0,69
1.49067E+18,CPN (SC),Krishnacpnus,Krishna Kumar Shrestha,2/7/2022,18:45:26,https://t.co/4K8nV8QHpE,2,0,2,0,69
1.48637E+18,CPN (SC),Krishnacpnus,Krishna Kumar Shrestha,1/26/2022,21:57:51,RT @NAYA_PATRIKA: रोजगारीको प्रलोभन देखाएर अलपत्र पार्ने म्यानपावर कम्पनी र दलाललाई कारबाही हुन्छ : श्रममन्त्री https://t.co/3eGKRVIP5Q,0,2,0,0,69
1.48637E+18,CPN (SC),Krishnacpnus,Krishna Kumar Shrestha,1/26/2022,21:57:40,"RT @ThahaKhabar: मेरो सचिवालयको मोबाइल नम्बर ९८२३३५६७०४ र ९८२३३५६७०६ मा सिधा सम्पर्क गरी गुनासा, आफूलाई परेका समस्याहरु टिपाउन सक्नुहुनेछ।…",0,3,0,0,69
1.48637E+18,CPN (SC),Krishnacpnus,Krishna Kumar Shrestha,1/26/2022,21:56:56,RT @Ujyaalo: श्रममन्त्री कृष्णकुमार श्रेष्ठको अपील https://t.co/lQzSDjZ6L1,0,6,0,0,69
1.48637E+18,CPN (SC),Krishnacpnus,Krishna Kumar Shrestha,1/26/2022,21:56:54,RT @ThahaKhabar: वैदेशिक रोजगारीको नाममा ठगीमा परे मलाई फोन गर्नुस् : श्रममन्त्री श्रेष्ठ [Video] https://t.co/17PddUU0yp,0,4,0,0,69
1.48637E+18,CPN (SC),Krishnacpnus,Krishna Kumar Shrestha,1/26/2022,21:56:50,RT @Nepalkhabar24: भिजिट भिसामा विदेश लगेर नेपालीलाई दलालले अलपत्र पारे : श्रममन्त्री श्रेष्ठ https://t.co/YhE1Drnp0l,0,3,0,0,69
1.48637E+18,CPN (SC),Krishnacpnus,Krishna Kumar Shrestha,1/26/2022,21:55:54,RT @cpn_socialist: https://t.co/nHX3bIK2T4,0,10,0,0,69
1.48601E+18,CPN (SC),Krishnacpnus,Krishna Kumar Shrestha,1/25/2022,22:11:33,https://t.co/XhglVtNlZe,0,0,0,0,69
1.48313E+18,CPN (SC),Krishnacpnus,Krishna Kumar Shrestha,1/17/2022,23:10:17,https://t.co/ZvlkQ3abw5,1,0,0,0,69
1.48292E+18,CPN (SC),Krishnacpnus,Krishna Kumar Shrestha,1/17/2022,9:39:06,https://t.co/DbmGQG0fDB,1,0,0,0,69
1.48148E+18,CPN (SC),Krishnacpnus,Krishna Kumar Shrestha,1/13/2022,10:07:26,https://t.co/YukqR4bM84,1,0,0,0,69
1.48148E+18,CPN (SC),Krishnacpnus,Krishna Kumar Shrestha,1/13/2022,10:06:43,https://t.co/cBIwPa28XL,0,0,0,0,69
1.48095E+18,CPN (SC),Krishnacpnus,Krishna Kumar Shrestha,1/11/2022,23:11:47,इजरायल जान हवाई भाडा प्रतिव्यक्ति ८० हजार घट्योhttps://t.co/oLzpwjU1aZ,1,0,0,0,69
1.47459E+18,CPN (SC),Krishnacpnus,Krishna Kumar Shrestha,12/25/2021,9:49:51,"इसाई धर्मावलम्बीहरुको महान् चाड क्रिसमसको उपलक्ष्यमा इसाई धर्मावलम्बी सहित सम्पुर्ण नेपाली दिदीबहिनी तथा दाजुभाइहरुमा सुस्वास्थ्य, दीर्घायु, सुख, शान्ति, सम्वृद्धि र उत्तरोत्तर प्रगतिको हार्दिक शुभकामना व्यक्त गर्दछु ।",0,0,0,0,69
1.47242E+18,CPN (SC),Krishnacpnus,Krishna Kumar Shrestha,12/19/2021,10:00:04,मङ्सिर शुक्ल पूर्णिमाका दिन मनाइने किरात समुदायको महान् पर्व उँधौलीका अवसरमा सम्पूर्ण दिदीबहिनी तथा दाजुभाइहरुमा हार्दिक शुभकामना व्यक्त गर्दछु ।,1,0,1,0,69
1.47095E+18,CPN (SC),Krishnacpnus,Krishna Kumar Shrestha,12/15/2021,8:53:40,"दोस्रो कार्यकालका लागि नेपाली कांग्रेसको सभापतिमा निर्वाचित हुनुभएकोमा सम्माननीय प्रधानमन्त्री श्री शेरबहादुर देउवाज्यूलाई 
हार्दिक बधाई तथा शुभकामना व्यक्त गर्दछु ।",3,0,2,0,69
1.46675E+18,CPN (SC),Krishnacpnus,Krishna Kumar Shrestha,12/3/2021,18:22:50,"नेपाल-कतार संयुक्त समितिको बैठकपछि सहमतिपत्र आदान-प्रदान गरिंदै, बैठकमा सन् २००५ मा भएको श्रम सम्झौता पुनरावलोकन गर्ने लगायता विषयमा सहमति भएको छ । https://t.co/ttnYbqJ1hS",33,3,5,0,69
1.46568E+18,CPN (SC),Krishnacpnus,Krishna Kumar Shrestha,11/30/2021,19:18:57,"श्रम, रोजगार तथा सामाजिक सुरक्षा मन्त्रालयका सचिव सुर्यप्रसाद गौतमलाई आज एक कार्यक्रम आयोजना गरी बिदाई गरिएको छ । https://t.co/Fd9uuqoo1d",5,1,2,0,69
1.46568E+18,CPN (SC),Krishnacpnus,Krishna Kumar Shrestha,11/30/2021,19:18:18,"श्रम, रोजगार तथा सामाजिक सुरक्षामन्त्री कृष्णकुमार श्रेष्ठसँग लेवनानका अवैतनिक महावाणिज्यदूत एल शेख मोहमद गोजायलले शिष्टाचार भेट गर्नुभएको छ । मन्त्रालयमा आज भएको भेटवार्तामा लेवनानमा कार्यरत नेपाली श्रमिकहरुको सुरक्षा र व्यवस्थापनको बिषयमा छलफल भयो । https://t.co/ssvinheiyT",11,1,0,0,69
1.4646E+18,CPN (SC),Krishnacpnus,Krishna Kumar Shrestha,11/27/2021,20:12:46,"गोरखापत्रमा प्रकाशित अन्तर्वार्ता ;
https://t.co/BnBKJOR0Kn",0,0,0,0,69
1.46352E+18,CPN (SC),Krishnacpnus,Krishna Kumar Shrestha,11/24/2021,20:16:31,https://t.co/ca8SxqOKOk,3,0,1,0,69
1.46314E+18,CPN (SC),Krishnacpnus,Krishna Kumar Shrestha,11/23/2021,19:38:06,प्रतिनिधिसभाको उद्योग तथा वाणिज्य र श्रम तथा उपभोक्ता हित समितिमा वैदेशिक रोजगारी र आन्तरिक श्रम बजारलाई व्यवस्थित गर्नेबारे छलफल https://t.co/3TOO9KJRlZ,3,0,0,0,69
1.46299E+18,CPN (SC),Krishnacpnus,Krishna Kumar Shrestha,11/23/2021,9:37:07,RT @PrabhabNews: https://t.co/dbImcFgrgR,0,1,0,0,69
1.46299E+18,CPN (SC),Krishnacpnus,Krishna Kumar Shrestha,11/23/2021,9:36:49,"RT @NepalLive1: श्रममन्त्री श्रेष्ठ र साउदी अरेबियाका राजदूतबीच भेटवार्ता
https://t.co/NOs1AyqEea",0,1,0,0,69
1.46299E+18,CPN (SC),Krishnacpnus,Krishna Kumar Shrestha,11/23/2021,9:36:43,RT @hamrosambad: श्रममन्त्री श्रेष्ठसँग साउदी अरेबियाका राजदूतको शिष्टाचार भेट https://t.co/Z8OrTlywF0,0,1,0,0,69
1.46276E+18,CPN (SC),Krishnacpnus,Krishna Kumar Shrestha,11/22/2021,18:28:44,"Ambassador of the Kingdom of Saudi Arabia to Nepal His Excellency Mr. Musaid bin Sulaiman Al Marwany paid courtesy call on the Minister for Labour, Employment and Social Security Hon. Mr. Krishna Kumar Shrestha at the Ministry in Singh Durbar. https://t.co/mOS2LWPcAF",14,1,0,0,69
1.46207E+18,CPN (SC),Krishnacpnus,Krishna Kumar Shrestha,11/20/2021,20:44:48,https://t.co/hz7QktbmPG,1,1,0,0,69
1.46205E+18,CPN (SC),Krishnacpnus,Krishna Kumar Shrestha,11/20/2021,18:58:56,नेपाल कम्युनिष्ट पार्टी (एकीकृत समाजवादी) तनहुँ- काठमाडौं सम्पर्क मञ्चद्वारा आयोजित भेलामा @ncp_madhavnepal https://t.co/fTLPPfXCKN,44,7,2,0,69
1.46191E+18,CPN (SC),Krishnacpnus,Krishna Kumar Shrestha,11/20/2021,9:44:13,https://t.co/UYoUz0sf6X,2,1,0,0,69
1.4619E+18,CPN (SC),Krishnacpnus,Krishna Kumar Shrestha,11/20/2021,9:08:59,https://t.co/astDEgnUun,3,2,0,0,69
1.4619E+18,CPN (SC),Krishnacpnus,Krishna Kumar Shrestha,11/20/2021,9:08:47,https://t.co/bowpsgeSxA,7,2,0,0,69
1.4619E+18,CPN (SC),Krishnacpnus,Krishna Kumar Shrestha,11/20/2021,9:08:38,https://t.co/wOz8UmPizJ,3,1,0,0,69
1.4619E+18,CPN (SC),Krishnacpnus,Krishna Kumar Shrestha,11/20/2021,9:08:32,https://t.co/wLJIvXLs3q,1,0,0,0,69
1.74296E+18,CPN (SC),ncp_madhavnepal,Madhav Kumar Nepal,1/4/2024,22:59:05,"RT @DrSJaishankar: पूर्व प्रधानमन्त्री @ncp_madhavnepal लाई आज भेटेर अत्यन्तै खुशी लाग्यो ।

भारत-नेपाल साझेदारीलाई अझ प्रगाढ बनाउने विषयमा…",0,82,0,0,71404
1.72289E+18,CPN (SC),ncp_madhavnepal,Madhav Kumar Nepal,11/10/2023,13:46:49,चीनको खुनमिङमा आयोजित दक्षिण र दक्षिण एसियाली पार्टीहरुको भेला 'सेयरिङ द अचिभमेन्ट अफ द बीआरआई’ कार्यक्रममा । https://t.co/Gh4GBA0C5P,41,2,80,4768,71404
1.69461E+18,CPN (SC),ncp_madhavnepal,Madhav Kumar Nepal,8/24/2023,13:07:16,"नेपालको मध्य तथा सुदूरपश्चिम क्षेत्रमा मनाइने महत्त्वपूर्ण सांस्कृतिक चाड गौरा पर्व, २०८० को सुखद् अवसरमा स्वदेश तथा विदेशमा रहनु भएका सम्पूर्ण नेपाली दिदीबहिनी तथा दाजुभाइहरूमा हार्दिक शुभकामना व्यक्त गर्दछु ।",26,0,10,4562,71404
1.69456E+18,CPN (SC),ncp_madhavnepal,Madhav Kumar Nepal,8/24/2023,9:51:55,हाम्रो छिमेकी मित्रराष्ट्र भारतले “चन्द्रयान–३” यान चन्द्रमाको दक्षिणी ध्रुवमा सफलतापूर्वक अवतरण गराएको  खवरले मलाई  खुसी लागको छ । चन्द्रमामा भारतीय अन्तरिक्षयान अवतरणको ऐतिहासिक सफलताका लागि भारत सरकार र भारतीय जनतामा हार्दिक बधाई ज्ञापन गर्दछु ।,23,0,5,4227,71404
1.68293E+18,CPN (SC),ncp_madhavnepal,Madhav Kumar Nepal,7/23/2023,7:40:22,https://t.co/ZBmdkh3V0k,39,5,65,6739,71404
1.67878E+18,CPN (SC),ncp_madhavnepal,Madhav Kumar Nepal,7/11/2023,20:54:06,मनाङ एयरको हेलिकप्टर सोलुखुम्बुको लिखुपिके गाउँपालिका-५ को लामजुरामा दुर्घटना हुँदा क्याप्टेन चेतबहादुर गुरुङ र ५ जना विदेशी नागरिकको दु:खद निधन भएको घटनाले मलाई स्तब्ध बनाएको छ । दिवंगत हुनुहुने सवैप्रति भावपुर्ण श्रद्धाञ्जली अर्पण गर्दछु र परिवारजनमा गहिरो समवेदना व्यक्त गर्दछु,12,1,3,3632,71404
1.67427E+18,CPN (SC),ncp_madhavnepal,Madhav Kumar Nepal,6/29/2023,10:10:42,"आज असार १४ गते, जननेता कमरेड मदन कुमार भण्डारीको ७२ औं जन्मजयन्ती । मदन जन्मजयन्तीको सन्दर्भमा उहाँप्रति उच्च सम्मानका साथ श्रद्धाञ्जली अर्पण गर्दछु । https://t.co/8ykjpeM52g",19,2,11,5038,71404
1.67408E+18,CPN (SC),ncp_madhavnepal,Madhav Kumar Nepal,6/28/2023,21:20:25,इद-उल-अजाह (बकर-इद) को शुभकामना ! https://t.co/ZQWzC84OVv,34,0,15,7025,71404
1.66521E+18,CPN (SC),ncp_madhavnepal,Madhav Kumar Nepal,6/4/2023,10:04:54,https://t.co/8de5xiInge,23,0,13,4971,71404
1.66519E+18,CPN (SC),ncp_madhavnepal,Madhav Kumar Nepal,6/4/2023,8:43:14,https://t.co/QdSqI6Louz,12,0,2,4194,71404
1.66298E+18,CPN (SC),ncp_madhavnepal,Madhav Kumar Nepal,5/29/2023,5:59:16,https://t.co/O4SAP1AbtY,35,1,22,7241,71404
1.65906E+18,CPN (SC),ncp_madhavnepal,Madhav Kumar Nepal,5/18/2023,10:31:06,RT @cpn_socialist: https://t.co/lNjFl1QQFK,0,2,0,0,71404
1.65906E+18,CPN (SC),ncp_madhavnepal,Madhav Kumar Nepal,5/18/2023,10:27:45,https://t.co/vMQgGNOAsD,14,3,6,5253,71404
1.65863E+18,CPN (SC),ncp_madhavnepal,Madhav Kumar Nepal,5/17/2023,6:24:49,कमरेड मदन-आश्रितप्रति भावपुर्ण श्रद्धाञ्जली ! https://t.co/1vmWCLqth8,10,1,4,4228,71404
1.65653E+18,CPN (SC),ncp_madhavnepal,Madhav Kumar Nepal,5/11/2023,10:53:29,"२०६२/६३ को जनक्रान्तिको क्रममा घाइते हुनुभएका  'जिउँदो शहीद ' मुकेश कायस्थको निधन भएको खवरले मलाई स्तब्ध बनाएको छ । 

वीर शहीद कायस्थप्रति उच्च सम्मान सहित भावपुर्ण श्रद्धाञ्जली अर्पण गर्दछु र परिवारजनमा गहिरो समवेदना व्यक्त गर्दछु । https://t.co/EaC0649Lab",13,2,5,4597,71404
1.65328E+18,CPN (SC),ncp_madhavnepal,Madhav Kumar Nepal,5/2/2023,11:53:21,एसीसी प्रिमियर लिगको फाइनलमा यूएईलाई ७ विकेटले हराउँदै  एसिया कपका लागि छनोट हुन सफल नेपाली क्रिकेट टोलीलाई हार्दिक बधाई तथा शुभकामना व्यक्त गर्दछु । https://t.co/EomT002qeW,64,3,10,7261,71404
1.65228E+18,CPN (SC),ncp_madhavnepal,Madhav Kumar Nepal,4/29/2023,17:48:51,"एसिसी प्रिमियर कप क्रिकेटको फाइनलमा प्रवेश गरेकोमा नेपाली क्रिकेट टोलीलाई हार्दिक बधाई ज्ञापन गर्दछु, उपाधि हासिल गर्दै एसिया कपका लागि छनोट हुन नेपाली टोलीलाई सफलता मिलोस् भन्ने शुभकामना पनि व्यक्त गर्दछु ।",28,0,6,4992,71404
1.65034E+18,CPN (SC),ncp_madhavnepal,Madhav Kumar Nepal,4/24/2023,8:50:01,https://t.co/cT36xFUjPt,19,0,7,6115,71404
1.65006E+18,CPN (SC),ncp_madhavnepal,Madhav Kumar Nepal,4/23/2023,14:32:54,https://t.co/092BIQfa8W,10,1,4,3612,71404
1.64923E+18,CPN (SC),ncp_madhavnepal,Madhav Kumar Nepal,4/21/2023,7:41:41,ईद मुवारक ! https://t.co/ZF2tUfY08v,25,2,5,4470,71404
1.64532E+18,CPN (SC),ncp_madhavnepal,Madhav Kumar Nepal,4/10/2023,12:33:10,"रौतहट जिल्लाको माधवनारायण नगरपालिका–४ विसुनपुर्वा मानपुर टोलमा आगलागीबाट २२ वटा घर जलेर क्षति भएको घटनाले मलाई दु:खित बनाएको छ ।आगलागी पीडितको पुनःस्थापना तथा दीर्घकालिन व्यवस्थापनका लागि आवश्यक सहयोग गर्न सरकार, सामाजिक संघ संस्था तथा सम्वद्ध सवैमा अनुरोध गर्दछु ।",20,0,0,4572,71404
1.64319E+18,CPN (SC),ncp_madhavnepal,Madhav Kumar Nepal,4/4/2023,15:32:23,हाम्रो पार्टी नेकपा (एकीकृत समाजवादी) का केन्द्रीय सदस्य कमरेड अर्जुन बुढाथोकीको निधन भएको खवरले मलाई स्तब्ध बनाएको छ ।  उहाँको निधनले पार्टीलाई अपुरणीय क्षति भएको छ । दिवंगत बुढाथोकीप्रति भावपुर्ण श्रद्धाञ्जली अर्पण गर्दै शोकसन्तप्त परिवारजनमा गहिरो समवेदना व्यक्त गर्दछु ।,16,1,4,5419,71404
1.63802E+18,CPN (SC),ncp_madhavnepal,Madhav Kumar Nepal,3/21/2023,9:18:56,https://t.co/H78LYCIhHO,13,2,1,3538,71404
1.63634E+18,CPN (SC),ncp_madhavnepal,Madhav Kumar Nepal,3/16/2023,18:01:34,आईसीसी क्रिकेट विश्वकप लिग-२ अन्तर्गत भएको एकदिवसीयमा युएईलाई हराउँदै विश्वकप क्वालिफायरमा छनोट भई नेपाली क्रिकेट इतिहासमै ठुलो उपलब्धि हासिल गर्न सफल नेपाली राष्ट्रिय क्रिकेट टोलीलाई हार्दिक बधाई ज्ञापन गर्दै थप सफलताको शुभकामना व्यक्त गर्दछु । https://t.co/Kvlcqe04Ss,85,3,7,5376,71404
1.63096E+18,CPN (SC),ncp_madhavnepal,Madhav Kumar Nepal,3/1/2023,21:37:41,https://t.co/4eBrCc1U3u,3,0,0,2773,71404
1.62719E+18,CPN (SC),ncp_madhavnepal,Madhav Kumar Nepal,2/19/2023,12:18:02,https://t.co/0Hr806S0ej,63,3,8,7779,71404
1.62256E+18,CPN (SC),ncp_madhavnepal,Madhav Kumar Nepal,2/6/2023,17:39:24,"सोमवार बिहान टर्कीमा गएको विनाशकारी भूकम्पका कारण जनधनको ठुलो क्षति भएको घटनाले मलाई दुःखित बनाएको छ । 

भूकम्पका कारण ज्यान गुमाएका सवैप्रति श्रद्धाञ्जलि अर्पण गर्दै टर्किस सरकार र त्यहाँका नागरिकहरुमा समवेदना व्यक्त गर्दछु ।",71,4,12,8012,71404
1.61988E+18,CPN (SC),ncp_madhavnepal,Madhav Kumar Nepal,1/30/2023,7:41:23,"शहीद दिवस, २०७९ को अवसरमा देश र जनताको मुक्तिका लागि आफ्नो अमूल्य जीवन उत्सर्ग गर्ने महान शहीदहरू शुक्रराज शास्त्री, गंगालाल श्रेष्ठ, धर्मभक्त माथेमा र दशरथ चन्द सहित सम्पूर्ण ज्ञात–अज्ञात शहीदहरूप्रति भावपूर्ण श्रद्धाञ्जली अर्पण गर्दछु । https://t.co/iCwSt0dplm",109,3,13,11496,71404
1.61697E+18,CPN (SC),ncp_madhavnepal,Madhav Kumar Nepal,1/22/2023,7:00:22,तामाङ समुदायले नयाँ वर्षको रूपमा माघ शुक्ल प्रतिपदाको दिन मनाउने महत्वपूर्ण पर्व ‘सोनाम ल्होसार’ को अवसरमा तामाङ समुदायका साथै सम्पुर्ण नेपाली दिदीबहिनी तथा दाजुभाइहरुमा हार्दिक शुभकामना व्यक्त गर्दछु ।,36,1,2,4361,71404
1.61457E+18,CPN (SC),ncp_madhavnepal,Madhav Kumar Nepal,1/15/2023,16:26:01,भावपर्ण श्रद्धाञ्जली ! https://t.co/Bz3jMQfRxk,36,2,5,4964,71404
1.60944E+18,CPN (SC),ncp_madhavnepal,Madhav Kumar Nepal,1/1/2023,12:30:45,https://t.co/hMfAa2XEKY,104,4,16,12208,71404
1.59021E+18,CPN (SC),ncp_madhavnepal,Madhav Kumar Nepal,11/9/2022,10:57:53,पश्चिम नेपालको डोटी केन्द्रविन्दु भएर मंगलबार राति गएको भूकम्पमा परी मृत्यु हुनेहरुप्रति भावपुर्ण श्रद्धाञ्जली व्यक्त गर्दै घाइतेहरुको शीघ्र स्वास्थ्यलाभ कामना गर्दछु । प्रभावित क्षेत्रमा उद्धार कार्यमा कुनै पनि कमी नगरी सबै संयन्त्रहरु परिचालन गर्न सरकारको ध्यानाकर्षण गराउँछु ।,63,7,14,0,71404
1.5815E+18,CPN (SC),ncp_madhavnepal,Madhav Kumar Nepal,10/16/2022,9:53:27,"नेपाली भाषा, साहित्य र संस्कृतिका धरोहर ‘शताब्दी पुरुष’ सत्यमोहन जोशीको आज बिहान १०३ वर्षको उमेरमा दुःखद् निधन भएको खबरले मलाई स्तब्ध बनाएको छ । 

यस दुःखद घडीमा संस्कृतिविद् जोशीप्रति भावपुर्ण श्रध्दाञ्जलि अर्पण गर्दै शोक सन्तप्त परिवारमा गहिरो समवेदना प्रकट गर्दछु ।",108,9,10,0,71404
1.58127E+18,CPN (SC),ncp_madhavnepal,Madhav Kumar Nepal,10/15/2022,18:54:00,RT @cpn_socialist: https://t.co/LUuzThVr1S,0,22,0,0,71404
1.5791E+18,CPN (SC),ncp_madhavnepal,Madhav Kumar Nepal,10/9/2022,19:07:24,"आगामी मंसिर ४ गते हुने प्रतिनिधिसभा निर्वाचनमा  रौतहट क्षेत्र नं. १ बाट बाम-लोकतान्त्रिक गठबन्धनको साझा उम्मेदवारको रुपमा उम्मेदवारी दर्ता गराएको छु ।

सम्पूर्ण आमाबुवा, दिदीबहिनी तथा दाजुभाइ सबैको सहयोग र अमूल्य मत प्राप्त हुने विश्वास लिएको छु । https://t.co/PhFJERTvkU",382,9,141,0,71404
1.57154E+18,CPN (SC),ncp_madhavnepal,Madhav Kumar Nepal,9/18/2022,22:26:33,https://t.co/xjVzn8GEVp,72,8,24,0,71404
1.56489E+18,CPN (SC),ncp_madhavnepal,Madhav Kumar Nepal,8/31/2022,14:20:23,हिजो बिहान रौतहटको गरूडा नगरपालिका वडा नं.३ मलाहिटोलमा चट्याङ्ग लागेर तीन जनाको मृत्यु भएको र १३ जना घाइते भएको खवरले मलाई स्तब्ध बनाएको छ । दुर्घटनामा दु:खद निधन भएका स्थानीयबासिन्दाप्रति भावपुर्ण श्रद्धाञ्जली अर्पण गर्दै घाइतेहरुको शीघ्र स्वास्थ्यलाभको कामना गर्दछु ।,62,0,16,0,71404
1.56121E+18,CPN (SC),ncp_madhavnepal,Madhav Kumar Nepal,8/21/2022,10:00:35,"नेपाली कांग्रेसका नेता, सांसद तथा समाजवादी चिन्तक प्रदीप गिरिको शनिबार राति उपचारको क्रममा निधन भएको खबरले अत्यन्त दुःखी बनाएको छ । दिवंगत नेता गिरिप्रति भावपूर्ण श्रद्धाञ्जली अर्पण गर्दै शोकाकुल परिवारजनमा गहिरो समवेदना प्रकट गर्दछु ।",114,2,11,0,71404
1.56044E+18,CPN (SC),ncp_madhavnepal,Madhav Kumar Nepal,8/19/2022,7:24:19,https://t.co/2QUucafhR6,229,65,212,0,71404
1.55775E+18,CPN (SC),ncp_madhavnepal,Madhav Kumar Nepal,8/11/2022,20:56:59,आज गरिएको परीक्षणमा कोरोना संक्रमण देखिएको छ । अहिले सामान्य लक्षण सहित घरमै आराम एवम् स्वास्थ्यलाभ गरिरहेको छु । स्वास्थ्य संवेदनशीलतालाई मध्यनजर गर्दै केही दिनका लागि भेटघाट तथा निर्धारित कार्यक्रमहरू स्थगित गरिएको कुरा सबैमा सविनय अनुरोध छ ।,286,17,146,0,71404
1.55737E+18,CPN (SC),ncp_madhavnepal,Madhav Kumar Nepal,8/10/2022,20:00:22,RT @cpn_socialist: https://t.co/4nE41CM3Ub,0,3,0,0,71404
1.5458E+18,CPN (SC),ncp_madhavnepal,Madhav Kumar Nepal,7/9/2022,22:03:09,https://t.co/NoFWT15OVq,45,5,2,0,71404
1.53129E+18,CPN (SC),ncp_madhavnepal,Madhav Kumar Nepal,5/30/2022,20:38:25,RT @cpn_socialist: https://t.co/Xqq55Cobvk,0,2,0,0,71404
1.5217E+18,CPN (SC),ncp_madhavnepal,Madhav Kumar Nepal,5/4/2022,9:25:02,RT @cpn_socialist: https://t.co/lF3NIcocc7,0,5,0,0,71404
1.52097E+18,CPN (SC),ncp_madhavnepal,Madhav Kumar Nepal,5/2/2022,9:35:24,RT @cpn_socialist: https://t.co/F05dV8dtJT,0,8,0,0,71404
1.52097E+18,CPN (SC),ncp_madhavnepal,Madhav Kumar Nepal,5/2/2022,9:29:09,RT @cpn_socialist: https://t.co/cpwebvu8zq,0,4,0,0,71404
1.52097E+18,CPN (SC),ncp_madhavnepal,Madhav Kumar Nepal,5/2/2022,9:14:58,"RT @cpn_socialist: प्रतिगमनलाई परास्त गराैं, कलम चिन्हमा मतदान गराैं । https://t.co/O2EW0IsREp",0,5,0,0,71404
1.52061E+18,CPN (SC),ncp_madhavnepal,Madhav Kumar Nepal,5/1/2022,9:47:39,RT @cpn_socialist: श्रमिक दिवसको शुभकामना ! श्रमिक आन्दोलनका उपलब्धीको रक्षा गर्न र प्रतिगमनकारीलाई व्यवहारिक रुपमै परास्त गर्ने अवसरका रुप…,0,4,0,0,71404
1.51948E+18,CPN (SC),ncp_madhavnepal,Madhav Kumar Nepal,4/28/2022,6:47:37,RT @cpn_socialist: https://t.co/rXg7nehMoi,0,5,0,0,71404
1.51915E+18,CPN (SC),ncp_madhavnepal,Madhav Kumar Nepal,4/27/2022,8:40:23,RT @cpn_socialist: https://t.co/H2FGAUM1Ft,0,3,0,0,71404
1.51915E+18,CPN (SC),ncp_madhavnepal,Madhav Kumar Nepal,4/27/2022,8:40:20,RT @cpn_socialist: https://t.co/SHH00hOGeQ,0,3,0,0,71404
1.51915E+18,CPN (SC),ncp_madhavnepal,Madhav Kumar Nepal,4/27/2022,8:40:17,RT @cpn_socialist: https://t.co/ynQUv0ChJw,0,9,0,0,71404
1.51626E+18,CPN (SC),ncp_madhavnepal,Madhav Kumar Nepal,4/19/2022,9:14:09,RT @cpn_socialist: https://t.co/0BhU4hSbAY,0,5,0,0,71404
1.51626E+18,CPN (SC),ncp_madhavnepal,Madhav Kumar Nepal,4/19/2022,9:14:06,RT @cpn_socialist: https://t.co/8BGwOWuNPg,0,5,0,0,71404
1.51626E+18,CPN (SC),ncp_madhavnepal,Madhav Kumar Nepal,4/19/2022,9:14:03,RT @cpn_socialist: https://t.co/Etlp4Wokcf,0,3,0,0,71404
1.51626E+18,CPN (SC),ncp_madhavnepal,Madhav Kumar Nepal,4/19/2022,9:14:00,RT @cpn_socialist: https://t.co/ZbpDklIYtI,0,3,0,0,71404
1.51554E+18,CPN (SC),ncp_madhavnepal,Madhav Kumar Nepal,4/17/2022,9:38:21,RT @cpn_socialist: https://t.co/nnPjQQ1rAL,0,6,0,0,71404
1.5152E+18,CPN (SC),ncp_madhavnepal,Madhav Kumar Nepal,4/16/2022,11:19:39,"RT @cpn_socialist: स्थानीय तहको चुनावबारे अध्यक्ष माधवकुमार नेपालको भिडियो सन्देशl 
https://t.co/HaWDEy1yh0",0,5,0,0,71404
1.50105E+18,CPN (SC),ncp_madhavnepal,Madhav Kumar Nepal,3/8/2022,9:48:48,RT @cpn_socialist: ११२ औँ अन्तर्राष्ट्रिय महिला दिवसको शुभकामना https://t.co/5pALcJPBiY,0,6,0,0,71404
1.48785E+18,CPN (SC),ncp_madhavnepal,Madhav Kumar Nepal,1/30/2022,23:34:56,RT @cpn_socialist: हाम्रो पार्टी नेकपा (एकीकृत समाजवादी) केन्द्रीय निर्वाचन आयोग सदस्य तथा संविधानसभा सदस्य कमरेड डा. दुमनसिंह थापाको दु:खद…,0,4,0,0,71404
1.4877E+18,CPN (SC),ncp_madhavnepal,Madhav Kumar Nepal,1/30/2022,13:50:49,https://t.co/EXBK2xKuK2,297,10,38,0,71404
1.48637E+18,CPN (SC),ncp_madhavnepal,Madhav Kumar Nepal,1/26/2022,21:55:41,RT @cpn_socialist: https://t.co/nHX3bIK2T4,0,10,0,0,71404
1.48445E+18,CPN (SC),ncp_madhavnepal,Madhav Kumar Nepal,1/21/2022,15:00:21,https://t.co/DPa29IKw3v,111,3,29,0,71404
1.4762E+18,CPN (SC),ncp_madhavnepal,Madhav Kumar Nepal,12/29/2021,20:10:10,RT @cpn_socialist: बंगलादेशमा सम्पन्न भएको एसियन सिनियर सेन्ट्रल जोन भलिबल च्यालेन्ज कपको उपाधि विजेता राष्ट्रिय महिला भलिबल टोलीलाई हार्दि…,0,4,0,0,71404
1.47567E+18,CPN (SC),ncp_madhavnepal,Madhav Kumar Nepal,12/28/2021,9:07:21,RT @cpn_socialist: https://t.co/VJkbu4Lkaz,0,4,0,0,71404
1.47245E+18,CPN (SC),ncp_madhavnepal,Madhav Kumar Nepal,12/19/2021,12:15:48,"नेपालीहरुकाे महत्त्वपूर्ण पर्वहरु धान्यपूर्णिमा, योमरीपुन्ही तथा उँधौलीका अवसरमा सम्पूर्ण दिदीबहिनी तथा दाजुभाइहरुमा हार्दिक शुभकामना व्यक्त गर्दछु ।",243,7,18,0,71404
1.47092E+18,CPN (SC),ncp_madhavnepal,Madhav Kumar Nepal,12/15/2021,6:46:14,दोस्रो कार्यकालका लागि नेपाली कांग्रेसको सभापतिमा निर्वाचित हुनुभएकोमा सम्माननीय प्रधानमन्त्री श्री शेरबहादुर देउवाजीलाई बधाई तथा शुभकामना व्यक्त गर्दछु ।,675,24,66,0,71404
1.46708E+18,CPN (SC),ncp_madhavnepal,Madhav Kumar Nepal,12/4/2021,16:36:36,"RT @cpn_socialist: सन्धिखर्क, अर्घाखॅाचीमा आयोजित कार्यकर्ता भेलामा पार्टी अध्यक्ष कमरेड माधवकुमार नेपाल । https://t.co/qEgRlsSWoB",0,9,0,0,71404
1.46675E+18,CPN (SC),ncp_madhavnepal,Madhav Kumar Nepal,12/3/2021,18:25:17,"RT @Krishnacpnus: नेपाल-कतार संयुक्त समितिको बैठकपछि सहमतिपत्र आदान-प्रदान गरिंदै, बैठकमा सन् २००५ मा भएको श्रम सम्झौता पुनरावलोकन गर्ने ल…",0,3,0,0,71404
1.46206E+18,CPN (SC),ncp_madhavnepal,Madhav Kumar Nepal,11/20/2021,19:36:01,RT @Krishnacpnus: नेपाल कम्युनिष्ट पार्टी (एकीकृत समाजवादी) तनहुँ- काठमाडौं सम्पर्क मञ्चद्वारा आयोजित भेलामा @ncp_madhavnepal https://t.co/…,0,7,0,0,71404
1.46025E+18,CPN (SC),ncp_madhavnepal,Madhav Kumar Nepal,11/15/2021,20:08:47,"RT @ourktv: नेकपा एकिकृत समाजवादीका अध्यक्ष माधवकुमार नेपालसँग सत्ता गठबन्धनको भविष्य, पार्टीको औचित्यदेखि प्रधानन्यायाधीश प्रकरणसम्म रोचक…",0,4,0,0,71404
1.45592E+18,CPN (SC),ncp_madhavnepal,Madhav Kumar Nepal,11/3/2021,21:19:34,RT @cpn_socialist: नेपाल कम्युनिष्ट पार्टी (एकीकृत समाजवादी)को आधिकारिक लोगो https://t.co/5goDc8YJ5w,0,9,0,0,71404
1.45182E+18,CPN (SC),ncp_madhavnepal,Madhav Kumar Nepal,10/23/2021,13:54:49,https://t.co/PovukWvFDC,176,6,26,0,71404
1.45182E+18,CPN (SC),ncp_madhavnepal,Madhav Kumar Nepal,10/23/2021,13:51:21,https://t.co/eETpAzRsnn,101,8,22,0,71404
1.45182E+18,CPN (SC),ncp_madhavnepal,Madhav Kumar Nepal,10/23/2021,13:49:30,https://t.co/w8hDiH49ku,36,2,1,0,71404
1.4503E+18,CPN (SC),ncp_madhavnepal,Madhav Kumar Nepal,10/19/2021,8:44:09,मोहम्मद जयन्ती १४९६ को अवसरमा मुस्लिम समुदाय सहित सवै नेपालीमा हार्दिक शुभकामना ।,269,8,33,0,71404
1.44972E+18,CPN (SC),ncp_madhavnepal,Madhav Kumar Nepal,10/17/2021,18:18:56,"RT @Online_khabar: एकीकृत समाजवादीको अभियान : हरेक वडामा १०० संगठित सदस्य
https://t.co/yCu7YTsCRb",0,3,0,0,71404
1.44971E+18,CPN (SC),ncp_madhavnepal,Madhav Kumar Nepal,10/17/2021,18:11:06,https://t.co/NlEYKQfi7U,108,6,13,0,71404
1.44719E+18,CPN (SC),ncp_madhavnepal,Madhav Kumar Nepal,10/10/2021,19:02:36,RT @cpn_socialist: https://t.co/8Lafr641t3,0,2,0,0,71404
1.44356E+18,CPN (SC),ncp_madhavnepal,Madhav Kumar Nepal,9/30/2021,18:29:55,https://t.co/tpvN9q5Uf1,202,11,49,0,71404
1.44104E+18,CPN (SC),ncp_madhavnepal,Madhav Kumar Nepal,9/23/2021,19:59:38,RT @cpn_socialist: https://t.co/GCVI1dRCgo,0,6,0,0,71404
1.44104E+18,CPN (SC),ncp_madhavnepal,Madhav Kumar Nepal,9/23/2021,19:59:35,RT @cpn_socialist: https://t.co/wWQRCLgPFu,0,2,0,0,71404
1.44059E+18,CPN (SC),ncp_madhavnepal,Madhav Kumar Nepal,9/22/2021,14:17:46,RT @nagarik_news: नेपालको प्रस्ताव: चुनावसम्मै गठबन्धन https://t.co/GQEbW7WxWl,0,7,0,0,71404
1.43979E+18,CPN (SC),ncp_madhavnepal,Madhav Kumar Nepal,9/20/2021,9:05:58,RT @cpn_socialist: https://t.co/tlMi04VXhc,0,2,0,0,71404
1.43957E+18,CPN (SC),ncp_madhavnepal,Madhav Kumar Nepal,9/19/2021,18:11:56,"RT @Online_khabar: एमालेको नाम सुनेरै जनताले नाक खुम्च्याउने भइसके : माधव नेपाल
https://t.co/IW3TufiqbH",0,2,0,0,71404
1.43957E+18,CPN (SC),ncp_madhavnepal,Madhav Kumar Nepal,9/19/2021,18:11:40,RT @cpn_socialist: https://t.co/mxGH69eDIL,0,2,0,0,71404
1.43957E+18,CPN (SC),ncp_madhavnepal,Madhav Kumar Nepal,9/19/2021,18:10:56,RT @cpn_socialist: https://t.co/qhjRt6dGgm,0,5,0,0,71404
1.43957E+18,CPN (SC),ncp_madhavnepal,Madhav Kumar Nepal,9/19/2021,18:10:51,RT @cpn_socialist: https://t.co/p1qPvsQ9X5,0,2,0,0,71404
1.43956E+18,CPN (SC),ncp_madhavnepal,Madhav Kumar Nepal,9/19/2021,17:46:39,"RT @cpn_socialist: नेकपा (एकीकृत समाजवादी )कास्कीको कार्यकर्ता भेला पोखरामा,  अध्यक्ष कमरेड माधवकुमार नेपालद्वारा सम्वोधन। https://t.co/sT5…",0,7,0,0,71404
1.4394E+18,CPN (SC),ncp_madhavnepal,Madhav Kumar Nepal,9/19/2021,7:05:49,RT @setopati: सर्वोच्च अदालतको फैसलाबाट संविधान र लोकतन्त्रको रक्षा भएको कुरालाई पनि यस अवसरमा उच्च सम्मानसहित स्मरण गर्नैपर्ने उनले बताएका…,0,5,0,0,71404
1.43928E+18,CPN (SC),ncp_madhavnepal,Madhav Kumar Nepal,9/18/2021,23:17:32,RT @cpn_socialist: https://t.co/D7sexPn0ex,0,1,0,0,71404
1.43924E+18,CPN (SC),ncp_madhavnepal,Madhav Kumar Nepal,9/18/2021,20:49:07,RT @cpn_socialist: https://t.co/YPKr5g1HHS,0,4,0,0,71404
1.43853E+18,CPN (SC),ncp_madhavnepal,Madhav Kumar Nepal,9/16/2021,21:39:26,नेकपा( एकीकृत समाजवादी)को केन्द्रीय कार्यालय २०७८ असोज १ गतेदेखि नयॅा बानेश्वरको आलोकनगर (तीनकुने पुल दक्षिण)मा श्री पूजा थापा बस्नेतज्यूको घरमा रहने र उक्त कार्यालय भोलि बिहान १०:०० बजेदेखि आरम्भ गरिने कुरा सबैमा जानकारी गराउॅछु। साथै सबैबाट सकारात्मक सहयोगको अपेक्षा समेत गर्दछु,1003,37,153,0,71404
1.43848E+18,CPN (SC),ncp_madhavnepal,Madhav Kumar Nepal,9/16/2021,18:08:27,"RT @cpn_socialist: नेकपा( एकीकृत समाजवादी) केन्द्रीय कार्यालय उद्घाटन असोज १ गते बिहान ठिक १० बजे हुने भएकोले केन्द्रीय कार्यालय, आलोकनगर (…",0,9,0,0,71404
1.43728E+18,CPN (SC),ncp_madhavnepal,Madhav Kumar Nepal,9/13/2021,10:25:41,RT @cpn_socialist: https://t.co/UMfo99zHBh,0,1,0,0,71404
1.43668E+18,CPN (SC),ncp_madhavnepal,Madhav Kumar Nepal,9/11/2021,18:44:49,RT @cpn_socialist: नेकपा एकीकृत समाजवादी जिल्ला सङ्गठन दोलखाको अधिबेशन आयोजक कमिटी घोषणा तथा सपथ ग्रहण कार्यक्रम https://t.co/9u5Itkz42I,0,4,0,0,71404
1.43668E+18,CPN (SC),ncp_madhavnepal,Madhav Kumar Nepal,9/11/2021,18:44:41,RT @cpn_socialist: युवा संघ नेपालको लुम्बिनी प्रदेशस्तरीय भेलामा अध्यक्ष कमरेड माधवकुमार नेपाल https://t.co/VedqiDk08I,0,4,0,0,71404
1.43668E+18,CPN (SC),ncp_madhavnepal,Madhav Kumar Nepal,9/11/2021,18:44:38,RT @cpn_socialist: https://t.co/JaG9yvCz6T,0,1,0,0,71404
1.43668E+18,CPN (SC),ncp_madhavnepal,Madhav Kumar Nepal,9/11/2021,18:44:34,RT @cpn_socialist: बाँकेमा पार्टीको जिल्ला कार्यालयको उदघाटन गर्नुहुँदै अध्यक्ष माधवकुमार नेपाल https://t.co/tNAiTDwHky,0,5,0,0,71404
1.43668E+18,CPN (SC),ncp_madhavnepal,Madhav Kumar Nepal,9/11/2021,18:44:30,RT @cpn_socialist: https://t.co/EJI1jhh91a,0,4,0,0,71404
bpaudel1959_0,CPN (UML),bpaudel1959,Bishnu Paudel,4/6/2024,12:16:05,"हार्दिक शुभकामना ! 

बझाङ जिल्लाको प्रदेश सभा निर्वाचन क्षेत्र १ का विकासप्रेमी तथा समृद्धि र सामाजिक न्यायका पक्षधर मतदाताको आस्था र विश्वासको प्रतिनिधित्व गर्दै अत्यधिक मतान्तरका साथ विजयी हुनुहोस्,  नेकपा (एमाले) का सूर्य ध्वजाबाहक उम्मेदवार दमन भण्डारीलाई हार्दिक शुभकामना !!",58,10,7,0,0
bpaudel1959_1,CPN (UML),bpaudel1959,Bishnu Paudel,4/6/2024,11:59:44,"हार्दिक शुभकामना ! 

इलाम निर्वाचन क्षेत्र न. २ का विकासप्रेमी, समृद्धिका वाहक र सामाजिक न्यायका पक्षधर मतदाताको आस्था र विश्वासको प्रतिनिधित्व गर्दै अत्यधिक मतान्तरका साथ विजयी हुनुहोस्,  नेकपा (एमाले) का सूर्य ध्वजाबाहक उम्मेदवार सुहाङ नेम्वाङलाई हार्दिक शुभकामना !!",94,13,11,0,0
bpaudel1959_2,CPN (UML),bpaudel1959,Bishnu Paudel,3/27/2024,14:28:47,यस बर्षको एसईई परीक्षामा सहभागी हुनुहुने सम्पूर्ण  विद्यार्थीहरूको उत्कृष्ट सफलता र उज्ज्वल भविष्यका लागि हार्दिक शुभकामना ।,45,6,3,0,0
bpaudel1959_3,CPN (UML),bpaudel1959,Bishnu Paudel,3/24/2024,2:09:33,"हरेक वर्ष फाल्गुण शुक्ल पूर्णिमाको दिन पहाडी जिल्लाहरूमा र त्यसको भोलिपल्ट तराईका जिल्लाहरूमा विभिन्न रङ तथा अबिर खेल्दै उत्साह र उल्लासका साथ मनाईने  फागुपूर्णिमा / होली पर्वको सुखद् अवसरमा स्वदेश तथा विदेशमा रहनु भएका सम्पूर्ण दिदीबहिनी तथा दाजुभाइहरूमा सुख, शान्ति तथा…",40,2,4,0,0
bpaudel1959_4,CPN (UML),bpaudel1959,Bishnu Paudel,3/19/2024,12:40:43,"आज सिंहदरबारमा आयोजित विशेष समारोहमा पाँच राजनीतिक दलको न्यूनतम् नीतिगत प्राथमिकता र साझा सङ्कल्प सार्वजनिक भयो । नयाँ सरकार सुशासन, विकास, समृद्धि र सामाजिक न्यायको पक्षमा असाधारण उपलब्धि हासिल गर्ने नयाँ सङ्कल्पका साथ अघि बढ्दै छ ।",135,15,11,0,0
bpaudel1959_5,CPN (UML),bpaudel1959,Bishnu Paudel,3/19/2024,3:18:48,बरिष्ठ साहित्यकार परशु प्रधानको निधनको खबरले स्तब्ध छु। उहाँको निधनले नेपाली साहित्य क्षेत्रमा अपुरणीय क्षती पुगेको छ । दिवंगत प्रधानप्रति भावपूर्ण श्रद्धाञ्जली एवं शोकाकुल परिवारजनमा गहिरो समवेदना ब्यक्त गर्दछु ।,11,0,1,0,0
bpaudel1959_6,CPN (UML),bpaudel1959,Bishnu Paudel,3/19/2024,1:58:02,हिजो साँझ रुकुमबाट काठमाडौँका लागि जाँदैगरेको बस बागलुङको निसीखोला जाउलेपानीमा दुर्घटना हुँदा  ज्यान गुमाउनुहुने ७ जना यात्रुहरूप्रति श्रद्धाञ्जली अर्पण गर्दछु ! घाईते हुनुभएका सबैको छिटो एवम् भरपर्दो उपचारका लागि सरकारको धानाकर्षण सहित शीघ्र स्वास्थ्यलाभको कामना गर्दछु ।,26,2,1,0,0
bpaudel1959_7,CPN (UML),bpaudel1959,Bishnu Paudel,3/16/2024,15:21:00,आज कार्यदलको तर्फबाट सरकारमा सहभागी पाँच राजनीतिक दलको न्यनूतम् नीतिगत प्राथमिकता र साझा संकल्प शीर्ष नेतृत्व समक्ष हस्तान्तरण गरियो ।,116,11,7,0,0
bpaudel1959_8,CPN (UML),bpaudel1959,Bishnu Paudel,3/8/2024,3:10:16,"आज ८ मार्च, अन्तराष्ट्रिय श्रमिक महिला दिवस ! सम्पूर्ण आमा दिदीबहिनीहरूमा हार्दिक शुभकामना ! 

त्यसैगरी महाशिवरात्रि पर्वको अवसरमा स्वदेश तथा विदेशमा रहनुभएका सम्पूर्ण नेपाली दिदीबहिनी तथा दाजुभाइमा सुख, शान्ति र समृद्धिका लागि हार्दिक शुभकामना !",52,5,4,0,0
bpaudel1959_9,CPN (UML),bpaudel1959,Bishnu Paudel,3/6/2024,14:26:59,हार्दिक बधाई तथा सफल कार्यकालको शुभकामना !,103,14,7,0,0
bpaudel1959_10,CPN (UML),bpaudel1959,Bishnu Paudel,3/6/2024,4:26:49,लुम्बिनीबाट काठमाडौं आउँदै गरेको यात्रुबाहक बस गजुरीस्थित त्रिशुली नदीमा खस्दा ७ जना यात्रुको निधन भएको खबरले स्तब्ध भएको छु । मृतकहरूप्रति श्रद्धाञ्जली र परिवारजनमा गहिरो समवेदना ब्यक्त गर्दछु । घाइतेहरुको शीघ्र स्वास्थ्य लाभको कामना गर्दछु । सडक यातायातलाई सुरक्षित र व्यवस्थित…,71,9,7,0,0
bpaudel1959_11,CPN (UML),bpaudel1959,Bishnu Paudel,3/5/2024,10:49:51,नेकपा (एमाले) संसदीय दलको प्रमुख सचेतकमा नियुक्त हुनुभएका माननीय महेश बर्तौला र सचेतकमा नियुक्त हुनु भएका माननीय सुनिता बराललाई हार्दिक बधाई र सफल कार्यकालको शुभकामना !,180,18,12,0,0
bpaudel1959_12,CPN (UML),bpaudel1959,Bishnu Paudel,3/4/2024,12:09:49,हार्दिक बधाई तथा सफल कार्यकालको शुभकामना !,372,30,62,0,0
bpaudel1959_13,CPN (UML),bpaudel1959,Bishnu Paudel,3/2/2024,15:04:56,नेपाली जनताका प्रियनेताको नाममा स्थापित केपी ओली फुटबल कपको सफल आयोजनाका लागि राष्ट्रीय युवा संघ नेपाललाई हार्दिक धन्यवाद ! आजको फाइनल खेलमा विजयी हुने मछिन्द्र क्लबलाई वधाई !! फाइनल खेलमा उत्कृष्ट प्रदर्शन गर्ने एनआरटि क्लवलाई आगामी दिनमा सफलताका लागि शुभकामना !!!,78,8,9,0,0
bpaudel1959_14,CPN (UML),bpaudel1959,Bishnu Paudel,2/29/2024,4:58:43,वेष्ट एसियन फुटबल महासङ्घ (वाफ) महिला च्याम्पियनसीप फुटबलको उपाधिका लागि नेपालले आज जोर्डनसँग प्रतिस्पर्धा गर्दैछ । साउदी अरबीयामा हुने आजको फाइनल खेलमा नेपाली महिला फुटबल टिमले उपाधि चुमेर नेपाल र नेपालीको शान उच्च बनाउने अपेक्षा सहित सफलताको अग्रिम शुभकामना व्यक्त गर्दछु ।…,54,5,1,0,0
bpaudel1959_15,CPN (UML),bpaudel1959,Bishnu Paudel,2/27/2024,5:25:00,bhakta raj acharya songs collection/ भक्त राज आचार्य का सुमधुर गीतहरू/su...  via ,6,0,0,0,0
bpaudel1959_16,CPN (UML),bpaudel1959,Bishnu Paudel,2/27/2024,2:04:16,"राष्ट्रिय मगर दिवस- २०८० को उपलक्ष्यमा मगर समुदायका साथै सम्पूर्ण नेपाली दाजुभाई तथा दिदिबहिनिहरूमा हार्दिक मंगलमय शुभकामना व्यक्त गर्दछु !

फोटो : नेपाली पात्रो",39,4,1,0,0
bpaudel1959_17,CPN (UML),bpaudel1959,Bishnu Paudel,2/26/2024,15:26:33,"नेपाली सुगम संगीतमा विशिष्ट स्थान बनाउनु भएका भजन शिरोमणी, बरिष्ठ गायक तथा संगीतकार भक्तराज आचार्यको निधनको खबरले स्तब्ध छु। आचार्यको निधनले नेपाली संगीत क्षेत्रमा अपुरणीय क्षती पुगेको छ । दिवंगत आचार्यप्रति भावपूर्ण श्रद्धाञ्जली एवं शोकाकुल परिवारजनमा गहिरो समवेदना।",22,4,4,0,0
bpaudel1959_18,CPN (UML),bpaudel1959,Bishnu Paudel,2/23/2024,12:15:55,"आजको कान्तिपुरमा प्रकाशित अध्यक्ष केपी शर्मा ओलीज्यूको आलेख ‘जिन्दगी अर्थात् संयोगको पुञ्ज’ बाट :  

अचम्म त के भने मानिसले भूतप्रेत बनाउँछ, मसान बनाउँछ अनि आफैं डराउँछ । कुनै चराको बच्चालाई मसानले किन खाँदैन ? मसानले बँदेल वा हरिणको पाठोलाई किन खाँदैन ? मानिसबाहेकका जीवहरू…",142,24,29,0,0
bpaudel1959_19,CPN (UML),bpaudel1959,Bishnu Paudel,12/31/2023,2:13:54,"गुरुङ समुदायको नयाँ वर्ष 'तमु ल्होसार' को सुखद् अवसरमा देश तथा विदेशमा रहनुभएका तमु दाजुभाइ तथा दिदीबहिनीहरुका साथै सम्पूर्ण नेपालीहरुमा सु-स्वास्थ्य, सुख, शान्ति र समुन्नतिको शुभेच्छासहित हार्दिक मंगलमय शुभकामना व्यक्त गर्दछु । यस् सांस्कृतिक पर्वले विविधतामा एकता, सामाजिक एवं…",47,2,1,0,0
bpaudel1959_20,CPN (UML),bpaudel1959,Bishnu Paudel,12/17/2023,5:30:52,प्राचीनकालदेखि नै मिथिला क्षेत्रमा मनाइने विवाह पञ्चमी पर्वको अबसरमा हार्दिक शुभकामना ! यस् पर्वले सामाजिक एवं सांस्कृतिक ऐक्यबद्धता र सहिष्णुता अभिवृद्धि गर्न र राष्ट्रिय एकता सुदृढ पार्न सहयोग पुर्‍याउने छ भन्ने विश्वास ब्यक्त गर्दछु ।,67,8,3,0,0
bpaudel1959_21,CPN (UML),bpaudel1959,Bishnu Paudel,11/21/2023,16:17:45,"नेकपा (एमाले) पोलिटब्युरो सदस्य, लुम्बिनी प्रदेश सभामा प्रमुख प्रतिपक्षी दलका नेता एवम् लुम्बिनी प्रदेशका निवर्तमान मुख्यमन्त्री कमरेड लिला गिरीकी ममतामयी आमा केशवकुमारी गिरीप्रति भावपूर्ण श्रद्धाञ्जली ! 

परिवारजन तथा आफन्तहरूमा समवेदना !

समाजका लागि सुयोग्य सन्तान छाडेर…",32,5,6,0,0
bpaudel1959_22,CPN (UML),bpaudel1959,Bishnu Paudel,11/19/2023,3:32:41,नेकपा (एमाले) केन्द्रीय सल्लाहकार परिषद सदस्य कमरेड रामचन्द्र आचार्यकी जीवन संगिनी सितादेवि आचार्यको निधनले गहिरो पिडाबोध भएको छ । दिवंगत सितादेवी आचार्यप्रति भावपूर्ण श्रद्धाञ्जली अर्पण गर्दछु । कमरेड रामचन्द्र आचार्य र शोकसन्तप्त परिवारजनमा गहिरो समवेदना प्रकट गर्दछु ।,18,1,4,0,0
bpaudel1959_23,CPN (UML),bpaudel1959,Bishnu Paudel,11/19/2023,2:32:07,"छठ पर्व- २०८० का अवसरमा स्वदेश तथा विदेशमा रहनुभएका सम्पूर्ण नेपालीहरूको सुख, शान्ति र समृद्धिका लागि हार्दिक शुभकामना व्यक्त गर्दछु ।यस् पर्वले धार्मिक, सांस्कृतिक तथा सामाजिक सद्भाव, सहिष्णुता र राष्ट्रिय एकता सुदृढ पार्न सहयोग पुर्‍याउने विश्वास ब्यक्त गर्दछु  ।",30,4,6,0,0
bpaudel1959_24,CPN (UML),bpaudel1959,Bishnu Paudel,11/18/2023,7:55:52,"नेकपा (एमाले)का  केन्द्रीय  सदस्य कमरेड कोमल ओलीकी ममतामयी आमा दीपा ओलीको ८२ बर्षको उमेरमा निधन भएको खबरले गहिरो पिडावोध भएको छ । 

आमा दीपा  ओलीप्रति भावपूर्ण श्रध्दाञ्जली अर्पण गर्दछु । शोकसन्तप्त परिवारजन तथा आफन्तहरूमा समवेदना व्यक्त गर्दछु ।",57,4,16,0,0
bpaudel1959_25,CPN (UML),bpaudel1959,Bishnu Paudel,11/15/2023,1:52:13,स्वदेश तथा विदेशमा रहनु भएका सम्पूर्ण नेपालीहरूमा २०८० सालको तिहारको उपलक्ष्यमा हार्दिक शुभकामना !!,57,5,2,0,0
bpaudel1959_26,CPN (UML),bpaudel1959,Bishnu Paudel,11/14/2023,3:43:02,"नेपालको मौलिक संवत्, नेपाल संवतको नयाँ वर्ष ११४४ शुभारम्भको सुखद् उपलक्ष्यमा स्वदेश तथा विदेशमा रहनुभएका सम्पूर्ण नेपालीहरूमा हार्दिक शुभकामना व्यक्त गर्दछु ।न्हूदँया भिन्तुना !",25,5,3,0,0
bpaudel1959_27,CPN (UML),bpaudel1959,Bishnu Paudel,11/6/2023,12:14:32,"बिक्रम सम्वत् २०२० को दशकबाट राजनीतिमा सक्रिय रहँदै आउनुभएका र नेपाली कम्युनिस्ट आन्दोलन मार्फत जनता एवम् राष्ट्रको पक्षमा महत्वपूर्ण योगदान गर्नुभएका अग्रज नेता, नेकपा (एमाले)का केन्द्रीय सल्लाहकार परिषदका सदस्य कमरेड रामचन्द्र चापागाईको निधनबाट गहिरो पिडाबोध भएको छ । दिवंगत…",29,5,4,0,0
bpaudel1959_28,CPN (UML),bpaudel1959,Bishnu Paudel,11/4/2023,2:12:15,"हिजो राती ११ बजेर ४७ मिनट जाँदा जाजरकोट जिल्लाको बारेकोट गाउँपालिकालाई केन्द्रविन्दु बनाएर गएको ६.४ मेग्निच्यूटको भूकम्पमा परी ठूलो संख्यामा मानवीय र भौतिक क्षति भएको खबरले गहिरो पिडाबोध भएको छ । दुखको यस घडिमा दिवंगतहरूप्रति श्रध्दाञ्जली, परिवारजनमा समवेदना र घाईतेहरूको…",47,7,2,0,0
bpaudel1959_29,CPN (UML),bpaudel1959,Bishnu Paudel,11/3/2023,9:26:14,"नेपाली क्रिकेट टिमले पछिल्ला दिनहरुमा जारी राखेको प्रदर्शनबाट सम्पूर्ण नेपाली गौरवान्वित भएका छौं ।
आईसीसी टि–२० विश्वकप एसिया क्षेत्र फाइनल छनोटको सेमिफाइनल खेलमा युनाईटेड अरब इमिरेट्स (युएई) लाई ८ विकेटले हराउँदै सन् २०२४ मा अमेरिका र वेस्ट इन्डिजमा हुने आईसिसी मेन्स टी–२०…",93,10,7,0,0
bpaudel1959_30,CPN (UML),bpaudel1959,Bishnu Paudel,9/12/2023,0:14:34,समस्त नेपाली र नेपाल राष्ट्रको पक्षमा अविस्मरणीय योगदान र अमिट स्मृति छाडेर सदाका लागि विदा हुनुभयो संविधानसभाका अध्यक्ष तथा नेकपा (एमाले)का उपाध्यक्ष कमरेड सुवासचन्द्र नेम्वाङ ! भावपूर्ण एवम् हार्दिक श्रद्धाञ्जली !!,255,18,38,0,0
bpaudel1959_31,CPN (UML),bpaudel1959,Bishnu Paudel,9/6/2023,7:23:29,"श्रीकृष्ण जन्माष्टमी पर्वको  शुभ उपलक्ष्यमा देश तथा विदेशमा रहनुभएका सम्पूर्ण नेपाली दाजुभाइ तथा दिदीबहिनीमा सुख, शान्ति, समृद्धि, सुस्वास्थ्य र उत्तरोत्तर प्रगतिको लागि हार्दिक मङ्गलमय शुभकामना व्यक्त गर्दछु  ।",52,5,4,0,0
bpaudel1959_32,CPN (UML),bpaudel1959,Bishnu Paudel,8/31/2023,1:57:59,"प्रत्येक वर्ष श्रावण शुक्ल पूर्णिमाका दिन मनाइने पौराणिक, धार्मिक, सांस्कृतिक एवं पर्व रक्षा बन्धन, जनैपूर्णिमा (ऋषि तर्पणी) को शुभ उपलक्ष्यमा देश तथा विदेशमा रहनुभएका सम्पूर्ण नेपाली दाजुभाइ तथा दिदीबहिनीमा सुख, शान्ति, समृद्धि, सुस्वास्थ्य र प्रगतिको लागि हार्दिक शुभकामना  !",92,4,8,0,0
bpaudel1959_33,CPN (UML),bpaudel1959,Bishnu Paudel,8/30/2023,3:22:28,"नेपाली  टीमले  आज पहिलो पटक एसिया कप खेल्दै छ । विश्वको उत्कृष्ट क्रिकेट टीम पाकिस्तानसँगको खेलमा  जितका लागि शुभकामना  ! 
फोटो-क्यान",70,8,1,0,0
bpaudel1959_34,CPN (UML),bpaudel1959,Bishnu Paudel,8/28/2023,9:52:46,प्रतिनिधि सभा अर्थ समितिको सभापतिमा निर्वाचित हुनुभएका माननीय सन्तोष चालिसेलाई हार्दिक वधाई ! सफल एवम् उपलब्धिपूर्ण कार्यकालका लागि हार्दिक शुभकामना !!,51,3,6,0,0
bpaudel1959_35,CPN (UML),bpaudel1959,Bishnu Paudel,8/24/2023,6:51:11,"भाद्र शुक्ल पञ्चमीदेखि अष्टमीसम्म सुदूरपश्चिममा मनाइने गौरा पर्वको पावन अवसरमा स्वदेश तथा विदेशमा रहनुभएका सम्पूर्ण नेपाली दिदीबहिनी तथा दाजुभाइहरूमा सुख, शान्ति र समृद्धिका लागि हार्दिक मङ्गलमय शुभकामना व्यक्त गर्दछु ।",65,4,2,0,0
bpaudel1959_36,CPN (UML),bpaudel1959,Bishnu Paudel,7/23/2023,0:52:26,"आज नेपाल कम्युनिस्ट पार्टीका संस्थापक महासचिव पुष्पलालको ४५औं स्मृति दिवस ! 
लोकतन्त्र, सामाजिक न्याय र समाजवादको उद्देश्यमा अविचलित भएर अघि बढ्न मार्गदर्शन गर्नुहुने कमरेड पुष्पलालप्रति भावपूर्ण श्रद्धाञ्जली !!",93,9,12,0,0
bpaudel1959_37,CPN (UML),bpaudel1959,Bishnu Paudel,7/14/2023,3:53:22,"आदिकवि भानुभक्त आचार्यमा हार्दिक श्रद्धाञ्जलि अर्पण गर्दछु।  नेपाली भाषा, साहित्य र संस्कृतिको संवर्द्धनका निम्ति भानुभक्तको अतुलनीय योगदानको स्मरण गर्दै युगयुगसम्म नेपाल र नेपालीका प्रेरणाश्रोत रहिरहनु हुनेछ भन्ने बिश्वास व्यक्त गर्दछु  ।",50,4,1,0,0
bpaudel1959_38,CPN (UML),bpaudel1959,Bishnu Paudel,7/12/2023,4:04:28,सम्माननीय प्रधानमन्त्री एवं नेकपा माओवादी केन्द्रका अध्यक्ष पुष्पकमल दाहाल प्रचण्डज्यूकी जीवनसंगिनी सीता दाहालको उपचारका क्रममा आज बिहान भएको निधनको खबरले दु:खी भएको छु। दिवंगत सीता दाहालप्रति श्रद्धाञ्जली अर्पण गर्दछु । शोकाकुल परिवारमा हार्दिक समवेदना व्यक्त गर्दछु ।,109,7,13,0,0
bpaudel1959_39,CPN (UML),bpaudel1959,Bishnu Paudel,7/11/2023,13:53:18,"सोलुखुम्बुबाट काठमाडौंका लागि उडेको मनाङ एयरको हेलिकप्टर लिखुपिके गाउँपालिका–५, लाम्जुरापासको चिहानडाँडामा दुर्घटनामा परेको खबरले स्तव्ध भएको छु। दुर्घटनामा परेर ज्यान गुमाएका चालक दलका सदस्य र यात्रुप्रति हार्दिक श्रदाञ्जली व्यक्त गर्दै शोकाकुल परिवारजनमा समवेदना व्यक्त गर्दछु ।",35,7,5,0,0
bpaudel1959_40,CPN (UML),bpaudel1959,Bishnu Paudel,7/6/2023,13:53:47,माध्यमिक शिक्षा परीक्षा (एसईई) मा विभिन्न ग्रेडमा उत्तीर्ण हुने भाइबहिनीहरुमा हार्दिक बधाई तथा शुभकामना । भविष्यका कर्णधार भाइ बहिनीलाई आगामी दिनमा अझै उत्कृष्ट सफलता मिल्दै जाओस भन्ने शुभेच्छा व्यक्त गर्दछु  ।,53,4,7,0,0
bpaudel1959_41,CPN (UML),bpaudel1959,Bishnu Paudel,6/29/2023,3:10:37,"आज नेपाली जनताका प्रिय नेता, जननेता मदन भण्डारीको ७२औं जन्म जयन्ती ! जनता र राष्ट्रको उज्जवल भविष्यका लागि समर्पित भएर अघि बढ्न प्रेरणा लिने दिन । जननेता मदन भण्डारीप्रति हार्दिक श्रध्दाञ्जलि !!",190,16,27,0,0
bpaudel1959_42,CPN (UML),bpaudel1959,Bishnu Paudel,3/16/2023,13:20:21,"आज र्कीतिपुरस्थित क्रिकेट मैदानमा भएको खेलबाट नेपाली राष्ट्रिय क्रिकेट टोली विश्वकपको ग्लोबल क्वालिफायरमा सिधै छनोट भएको छ।

यस सफलताका लागि नेपाली खेलाडीहरुको खेल कौशल र प्रशिक्षक देसाईको उच्च प्रशंसा गर्दछु । जिम्बाबेमा हुने खेलमा पनि यस्तै उच्च प्रदर्शनको अपेक्षा गरेको छु ।",289,20,21,0,0
bpaudel1959_43,CPN (UML),bpaudel1959,Bishnu Paudel,3/13/2023,13:20:55,"राष्ट्र र जनताको पक्षमा असाधारण र अविस्मरणीय योगदान दिएर राष्ट्रपतिको ज़िम्मेवारीबाट विदा हुनुभएको छ । भावी जीवन शुस्वास्थ्य र थप उपलब्धिपूर्ण हुन सकोस, हार्दिक शुभकामना !",323,17,35,0,0
bpaudel1959_44,CPN (UML),bpaudel1959,Bishnu Paudel,3/12/2023,10:14:32,"नेपालले एक दिवसीय अन्तर्राष्ट्रिय क्रिकेट खेलको मान्यता पाएकोमा नेपाली खेलाडीहरुलाई हार्दिक बधाई छ । आईसीसी क्रिकेट विश्वकप लिग– २ का बाँकी दुई खेल पनि जितेर सीधै विश्वकप क्वालिफायर्समा नेपालले स्थान बनाउन संभवहोस्, हार्दिक शुभकामना !  

फोटो- क्यान",249,16,10,0,0
bpaudel1959_45,CPN (UML),bpaudel1959,Bishnu Paudel,3/11/2023,9:33:03,नेपाली राजनीतिमा महत्वपूर्ण योगदानका कारण विशिष्ट स्थान बनाउन सफल महिला नेतृ अष्टलक्ष्मी शाक्यज्यूलाई गरिमामय उपराष्ट्रपति पदमा सानदार विजयका लागि हार्दिक शुभकामना !,256,9,25,0,0
bpaudel1959_46,CPN (UML),bpaudel1959,Bishnu Paudel,3/10/2023,6:09:23,संघीय लोकतान्त्रिक गणतन्त्र नेपालको सम्माननीय राष्ट्रपति निर्वाचित हुनुभएकोमा आदरणीय रामचन्द्र पौडेलज्यूलाई हार्दिक बधाई तथा सफल कार्यकालको शुभकामना ।,85,7,2,0,0
bpaudel1959_47,CPN (UML),bpaudel1959,Bishnu Paudel,3/8/2023,2:09:43,"आज ८ मार्च, ११३ औं अन्तर्राष्ट्रिय महिला दिवस ! 
महिला विरूद्धका सबै प्रकारका हिंसा, विभेद, उत्पीडन एवं असमानता अन्त्य गर्ने र लैंगिक समानता एवं महिला सशक्तीकरणका क्षेत्रमा उपलब्धि हाँसिल गर्दै अघि बढ्ने प्रेरणा लिन सकौं ।  सम्पूर्ण नेपाली दिदिबहिनीहरूमा हार्दिक शुभकामना !!",109,6,5,0,0
bpaudel1959_48,CPN (UML),bpaudel1959,Bishnu Paudel,3/6/2023,1:33:13,"रङको पर्व फागु पूर्णिमाको सुखद अवसरमा स्वदेश तथा विदेशमा बस्नुहुने सम्पूर्ण नेपाली दाजुभाइ तथा दिदीबहिनीहरुमा सुख, शान्ति र समृध्दिको हार्दिक शुभकामना व्यक्त गर्दछु ।",100,6,6,0,0
bpaudel1959_49,CPN (UML),bpaudel1959,Bishnu Paudel,3/5/2023,4:55:45,"आज फागुन २१ गते, शहीद स्मृति दिवस !
नेपाली कम्युनिस्ट आन्दोलनमा क्रान्तिकारी पुनर्गठनको अगुवाई गर्दै शाहदात वरण गर्नुहुने सुखानिका आदरणीय शहिदहरू रामनाथ दाहाल, नेत्र घिमिरे, कृष्ण कुईकेल, बीरेन राजवंशी, नारायण श्रेष्ठप्रति हार्दिक श्रद्धांजलि !",188,13,20,0,0
bpaudel1959_50,CPN (UML),bpaudel1959,Bishnu Paudel,3/2/2023,15:01:07,श्रीलङ्कामा हुने यु– १९ विश्वकपका लागि छनोट भएकोमा हाम्रो नेपाली टिमलाई बधाइ छ । नेपालको गौरव विश्वस्तरमा स्थापित गर्न सकेकोमा हाम्रा खेलाडीको योगदानको प्रशंसा गर्दछु ।  श्रीलङ्कामा पनि नेपाली टिमले यही लय र क्षमता प्रदर्शित गर्ने अपेक्षा गरेको छु ।,186,8,6,0,0
bpaudel1959_51,CPN (UML),bpaudel1959,Bishnu Paudel,2/25/2023,6:00:59,राष्ट्रपति पदका उम्मेदवार माननीय सुवासचन्द्र नेम्वाङज्यूलाई भारी मतान्तरका साथ विजयका लागि हार्दिक शुभकामना !,1200,39,107,0,0
bpaudel1959_52,CPN (UML),bpaudel1959,Bishnu Paudel,9/4/2022,6:14:24,हाम्रो पार्टी नेकपा(एमाले)का उपाध्यक्ष एबं पूर्व गृहमन्त्री कमरेड रामबहादुर थापाकी ममतामयी आमाको निधन भएको खबरले दुखित बनाएको छ। दिवंगत आमाप्रति भावपूर्ण श्रद्धाञ्जली अर्पण गर्दै शोकाकुल परिवारजन र आफन्तहरूमा गहिरो समवेदना ब्यक्त गर्दछु।,86,7,18,0,0
bpaudel1959_53,CPN (UML),bpaudel1959,Bishnu Paudel,9/3/2022,1:23:34,नेपाली मौलिकतामा आधारित ऐतिहासिक गौरा पर्वको  उपलक्ष्यमा सम्पूर्ण नेपाली दिदीबहिनी तथा दाजुभाईहरूमा हार्दिक शुभकामना व्यक्त गर्दछु । यस पर्वले सामाजिक तथा सांस्कृतिक सद्भाव र एकता अभिवृद्धि गर्ने छ भन्ने विश्वास लिएको छु ।,120,7,4,0,0
bpaudel1959_54,CPN (UML),bpaudel1959,Bishnu Paudel,8/30/2022,0:26:12,"सामाजिक तथा सांस्कृतिक एकताका दृष्टिले अत्यन्त महत्वपूर्ण नेपाली महिलाहरुको महान पर्व हरितालिका (तीज)का अवसरमा स्वदेश तथा विदेशमा रहनु भएका नेपाली दिदीबहिनीहरूमा सुख, शान्ति, समृद्धि र सौभाग्यका लागि हार्दिक शुभकामना !",121,3,7,0,0
bpaudel1959_55,CPN (UML),bpaudel1959,Bishnu Paudel,8/27/2022,3:46:29,बुटवलमा अन्तर्राष्ट्रिय स्तरको सम्मेलन केन्द्र निर्माण गर्ने हाम्रो सपना आज पूरा भएकोछ । यसका लागि योगदान गर्नुहुने सबैलाई हार्दिक धन्यवाद दिन चाहान्छु ।,769,70,71,0,0
bpaudel1959_56,CPN (UML),bpaudel1959,Bishnu Paudel,8/20/2022,16:47:06,हार्दिक श्रद्धाञ्जली !,106,3,3,0,0
bpaudel1959_57,CPN (UML),bpaudel1959,Bishnu Paudel,8/19/2022,4:25:44,श्रीकृष्ण जन्माष्टमीको पावन अवसरमा सम्पुर्ण दिदीबहिनी तथा दाजुभाईहरुमा हार्दिक शुभकामना व्यक्त गर्दछु।,132,7,4,0,0
bpaudel1959_58,CPN (UML),bpaudel1959,Bishnu Paudel,8/17/2022,13:52:00,"वरिष्ठ प्रगतिवादी साहित्यकार, पूर्व सांसद रामचन्द्र भट्टराई नेपाल प्रज्ञा प्रतिष्ठानको नेपाली साहित्य पुरस्कारबाट सम्मानित हुनुभएकोमा हार्दिक बधाई ज्ञापन गर्दछु ।",55,5,3,0,0
bpaudel1959_59,CPN (UML),bpaudel1959,Bishnu Paudel,8/12/2022,1:33:03,"प्रत्येक वर्ष श्रावण शुक्ल पूर्णिमाका दिन मनाइने रक्षाबन्धन, जनै पूर्णिमा (ऋषि तर्पणी) पर्वका अवसरमा स्वदेश तथा विदेशमा रहनुभएका सम्पूर्ण नेपाली दाजुभाइ, दिदीबहिनीलाई हार्दिक शुभकामना व्यक्त गर्दछु ।",190,14,18,0,0
bpaudel1959_60,CPN (UML),bpaudel1959,Bishnu Paudel,8/9/2022,7:10:54,२८औं विश्व आदिवासी दिवसको अवसरमा स्वदेश तथा विदेशमा रहनुभएका सम्पूर्ण आदिवासी दिदीबहिनी तथा दाजुभाइहरुमा हार्दिक शुभकामना व्यक्त गर्दछु ।,75,8,9,0,0
bpaudel1959_61,CPN (UML),bpaudel1959,Bishnu Paudel,7/27/2022,14:50:15,यस बर्षको एसईई परीक्षामा उत्तीर्ण हुनुहुने सम्पूर्ण  विद्यार्थीलाई हार्दिक बधाई ज्ञापन गर्दछु । भविष्यका कर्णधार विद्यार्थी भाइ बहिनीहरूलाई आगामी दिनमा अझै उत्कृष्ट सफलताको लागि हार्दिक शुभकामना व्यक्त गर्दछु ।,152,9,9,0,0
bpaudel1959_62,CPN (UML),bpaudel1959,Bishnu Paudel,7/26/2022,4:26:58,नेपाल ट्रेड युनियन महासंघ (जिफन्ट) को आठौं राष्ट्रिय महाधिवेशनबाट निर्वाचित  अध्यक्ष कमरेड विनोद श्रेष्ठ सहित सम्पूर्ण पदाधिकारी तथा सदस्य कमरेडहरुलाई हार्दिक बधाई तथा सफल कार्यकालको शुभकामना !,91,6,5,0,0
bpaudel1959_63,CPN (UML),bpaudel1959,Bishnu Paudel,7/23/2022,1:52:54,"आज नेपाल कम्युनिष्ट पार्टीका संस्थापक महासचिव कमरेड पुष्पलालको ४४औं स्मृति दिवस, भावपूर्ण श्रद्धांञ्जली !",175,20,13,0,0
bpaudel1959_64,CPN (UML),bpaudel1959,Bishnu Paudel,7/14/2022,4:15:31,"संघीय लोकतान्त्रिक गणतन्त्र आ-आफ्नो क्षेत्रबाट समाजका लागि उत्कृष्ट योगदान गर्ने ब्यक्तित्वहरूलाई सम्मान गर्ने प्रणाली हो । तसर्थ, नेपाली माटोमा जन्मिएका हिप हप गायन विधाका विख्यात नक्षत्र यम वुद्धको प्रतिमा (शालिक) निर्माण गर्ने काठमाडौं महानगरपालिकाको निर्णय स्वागतयोग्य छ ।",885,111,109,0,0
bpaudel1959_65,CPN (UML),bpaudel1959,Bishnu Paudel,7/10/2022,3:11:42,इस्लाम धर्मावलम्बीहरुको महान पर्व इद-अल-अजहा (बकरिद) को शुभ अवसरमा स्वदेश तथा विदेशमा रहनुभएका सम्पूर्ण नेपाली दिदीबहिनी तथा दाजुभाईहरुमा हार्दिक शुभकामना ब्यक्त गर्दछु ।,45,6,3,0,0
bpaudel1959_66,CPN (UML),bpaudel1959,Bishnu Paudel,6/28/2022,5:35:12,"आज नेपाली क्रान्तिका सिद्धान्तकार, जनताको बहुदलीय जनवादका प्रणेता जननेता मदन भण्डारीको ७१औं  जन्मदिन ! जननेताप्रति हार्दिक श्रद्धांजली ।",152,6,16,0,0
GokulPBaskota_0,CPN (UML),Gokul Baskota,Gokul Baskota,4/17/2024,1:26:15,सिमसार छैन तर बिचरण छ।सडकका यी मान्छेको हतारो र तनावपुर्ण दौडधुप भन्दा पात झरेको रुखमा बसीरहेका चराहरुको जीवन वास्तवमै स्वतन्त्र र ढुक्कको लाग्दैन त?हिजो बनेपा जनागालको दृष्य!,130,10,10,0,0
GokulPBaskota_1,CPN (UML),Gokul Baskota,Gokul Baskota,4/16/2024,6:21:50,जिल्लाको ठीक हो,1,0,1,0,0
GokulPBaskota_2,CPN (UML),Gokul Baskota,Gokul Baskota,4/16/2024,4:21:36,कस्ले दाईजो दियो अब त बोल्यो कि प्रतिगामी हुनेछ भन्छ,15,3,3,0,0
GokulPBaskota_3,CPN (UML),Gokul Baskota,Gokul Baskota,4/16/2024,1:29:41,"फेरि राजनितिक कचिंगलमा मुलुक फस्ने देखिनु दुखद हो।सधैको अस्थीरता किन र केका लागि?समावेशी क्षेत्रलाई पनि प्रतिष्पर्धी बनाएर समेत  एउटै दलले बहुमत हासिल गर्न सक्ने चुनावी प्रणालीमा देशलाई लानै पर्छ।चुनावपुर्व गठबन्धन गर्ने,दुईचार सीट ल्याउने,सत्ताको च्याँखे थाप्नेको पसल बन्द गरौ।",592,113,89,0,0
GokulPBaskota_4,CPN (UML),Gokul Baskota,Gokul Baskota,4/16/2024,1:07:09,कहिलेकही बुढाबुढी घुमेको,1,0,0,0,0
GokulPBaskota_5,CPN (UML),Gokul Baskota,Gokul Baskota,4/15/2024,8:28:24,त्यो सुन्य चासो हो मेरो।,0,0,0,0,0
GokulPBaskota_6,CPN (UML),Gokul Baskota,Gokul Baskota,4/15/2024,7:55:06,हो।,1,0,0,0,0
GokulPBaskota_7,CPN (UML),Gokul Baskota,Gokul Baskota,4/15/2024,1:31:58,सुकुटे बीच बाट शुभ विहानी-सबै मित्रजनमा।,356,12,37,0,0
GokulPBaskota_8,CPN (UML),Gokul Baskota,Gokul Baskota,4/14/2024,3:06:59,नाटोमा नगएको भए केही नहुने रहेछ त।,2,1,2,0,0
GokulPBaskota_9,CPN (UML),Gokul Baskota,Gokul Baskota,4/14/2024,2:09:33,भाषा कसैको हुदैन साझा हुन्छ र सबै भाषा कसैले जान्दैन,3,0,0,0,0
GokulPBaskota_10,CPN (UML),Gokul Baskota,Gokul Baskota,4/14/2024,2:08:17,हामी बहादुर छौ सबैको सेनामा जान्छौ र शान्तिप्रिय छौ त्यसकारण केही हुन्न होला,5,0,1,0,0
GokulPBaskota_11,CPN (UML),Gokul Baskota,Gokul Baskota,4/14/2024,0:49:51,"साम्राज्यवादले मानवताका लागि होईन,स्रोत र बजारमाथिको एकल प्रभुत्व कायम गर्न दशकौंदेखि संसारभर युद्द निर्यात गरेर मुलत अफ्रिका र एशियाली देश माथि अथाह शोषण जारी राखेकै थियो।तर यस पटक रुसलाई तह लगाउन उक्रेनमा कोरेको एककाँटी सलाईले इजरेल ईरान हुंदै अन्तमा उस्कै टाउको जलाउँछ जस्तो छ।",180,36,19,0,0
GokulPBaskota_12,CPN (UML),Gokul Baskota,Gokul Baskota,4/12/2024,23:43:19,नेपालमै भएका र विश्वभर छरिएर रहेका सबै नेपाली जन र मनहरुलाई नयाँ साल २०८१ मा सम्पुर्ण सफलता र खुसी मिलोस हार्दिक शुभकामना!!!,151,11,12,0,0
GokulPBaskota_13,CPN (UML),Gokul Baskota,Gokul Baskota,4/1/2024,8:06:58,सिन्धु एमालेको दशौ जिल्लाअधिबेशनको मतदान सकियो।नि आ का अनुसार ७२३ मतदान।सबैलाई धन्यवाद!,82,10,1,0,0
GokulPBaskota_14,CPN (UML),Gokul Baskota,Gokul Baskota,3/31/2024,0:42:01,"सिन्धु चौताराबाट कोहीलीको कुहुकुहु र चराहरुको चिरविर चिरविरको आवाजसगै शुभ विहानी सबैलाई।रातीको ॲाधीहुरी र पानी पछि पन्चायत विरुद्द सास्कृतिक अभियान चलाउदा कलाकारहरुले गाएको पुरानो गीतको सम्झना गरायो-वादल धुम्छ डाडा र पर्बत आकाश गर्जन्छ,आइहाले पनि ॲाधी र हुरी बसन्त फर्कन्छ।",176,19,18,0,0
GokulPBaskota_15,CPN (UML),Gokul Baskota,Gokul Baskota,3/30/2024,6:37:40,"धुलिखेल,पुनमिलन आफ्नै सहपाठीहरुसंगको वनभोजमा।",118,7,6,0,0
GokulPBaskota_16,CPN (UML),Gokul Baskota,Gokul Baskota,3/23/2024,12:18:17,मेरै बेच्नि छ किन्ने हो?,2,0,1,0,0
GokulPBaskota_17,CPN (UML),Gokul Baskota,Gokul Baskota,3/23/2024,10:18:21,प्रकृतिमाथि बिम्बको के अर्थ ?,3,1,1,0,0
GokulPBaskota_18,CPN (UML),Gokul Baskota,Gokul Baskota,3/23/2024,8:20:29,त्यै हो र सही हो नाम आएन,2,0,0,0,0
GokulPBaskota_19,CPN (UML),Gokul Baskota,Gokul Baskota,3/23/2024,7:16:23,बनिसकेपछि भेटौला दुख नभै सुख हुदैन है।,1,0,0,0,0
GokulPBaskota_20,CPN (UML),Gokul Baskota,Gokul Baskota,3/23/2024,7:12:54,यो पाँचखाल कफीसप तल्लोपट्टीको चिलाउनेको रुख हो।यस्मा एउटा चरो छ ।मैले धेरैपछि यो देखे को हनाले नाम बिर्षेता पनि फोटो राखिदिए।नेपाल रमाईलो छ-अनेक विशेषताहरुले।,163,13,40,0,0
GokulPBaskota_21,CPN (UML),Gokul Baskota,Gokul Baskota,3/22/2024,1:32:30,"सबै डिजीटल र साक्षात्कार मित्रका नाममा जारी!हिजोको सुचना बहस थाहै नभै सकिएछ।सूचनाले तथ्य माग्छ तर अभिब्यक्तिले मत।प्रकृति,समाज,राजनीति अर्थनीति सबै निश्चित नियम र प्रणालीबाट संचीलन हुन्छन।ती तोडेपछिअराजकता जन्मन्छ।अराजकताको अन्त्य आदेशनिर्देशले हैन नियम संगत प्रणालीले मात्र गर्छ।",136,16,12,0,0
GokulPBaskota_22,CPN (UML),Gokul Baskota,Gokul Baskota,3/21/2024,14:08:40,आफु मलाई बयान ल्दै अल्मलिनु भो मलाई के को दोष मैले कित्तकाट गर्दैन ती नगरवासी हुन।,2,0,2,0,0
GokulPBaskota_23,CPN (UML),Gokul Baskota,Gokul Baskota,3/20/2024,2:42:31,"बसन्त नै आउन नपाई गृष्म आयो कि 
साथी तिम्रो शंकल्पले हार खायो कि? हिजो हिजो को कुरा हो यो।तर आज राजनीतिले अवसरवादलाई महान कार्यनीतिक सफलताको पगरी गुथाई दिएको छ।घाम जुन आज नि त्यही हो भोली नि त्यही हो।फरक देखिने त रात र दिनले औंशी र पुर्णिमाले हो।",238,24,14,0,0
GokulPBaskota_24,CPN (UML),Gokul Baskota,Gokul Baskota,3/9/2024,7:17:30,चौतारा नपा ११ का किसान लीला गरी(कालोटोपी लगाउने)को बिजुलीको हाईभोल्ट प्रबाह भएर हिजो राती ११०० कुखुरा मरेछनर टहरो सहित करीब सत्रलाखको क्ष्यति भएछ।राहत र क्ष्यतिपुर्ति कृषि मन्त्रालयले दिने कि बिजुली अड्डाले?सम्बन्धित निकायले प्रबन्ध गरोस भनेर ध्यानकर्षण गराउछु।,198,29,25,0,0
GokulPBaskota_25,CPN (UML),Gokul Baskota,Gokul Baskota,3/9/2024,2:09:27,साच्चै सोध्या हो ?,0,1,1,0,0
GokulPBaskota_26,CPN (UML),Gokul Baskota,Gokul Baskota,3/9/2024,2:08:36,गुरुत्वाकर्षण र ईन्धनको ग्रयोग त भएकै हुन्छ।,0,0,1,0,0
GokulPBaskota_27,CPN (UML),Gokul Baskota,Gokul Baskota,3/9/2024,2:04:30,आईए फेलको हुदैन ?नजानेर सो धेको जन्या भए उत्तर दिया खै त?,6,1,0,0,0
GokulPBaskota_28,CPN (UML),Gokul Baskota,Gokul Baskota,3/9/2024,1:52:46,हैन पोल्टिकल साईन्सको कुरा हुदैन र?,2,0,1,0,0
GokulPBaskota_29,CPN (UML),Gokul Baskota,Gokul Baskota,3/9/2024,1:50:30,पोल्टिक्सले पनि दिन्छ नि सर।,10,0,2,0,0
GokulPBaskota_30,CPN (UML),Gokul Baskota,Gokul Baskota,3/9/2024,1:19:05,"१८ केजीको कुनै पिण्ड ११ किमी प्रति सेकेण्डको गतिले ९०डिग्रीको कोणमा १००किमी दुरीमा पुगी सोही बिन्दुबाट समानान्तर रेखा हुदै ८०० किमी पार गरेर ९०डिग्रीकै कोणमा १६५ केजीको पिण्डमा ठोक्किदा कति किलो वा मेघाटनको उर्जा उत्सर्जन हुन्छ?पहिलो,दोस्रो र तेश्रो दुरी पार गर्न कति समय लाग्छ?",269,53,144,0,0
GokulPBaskota_31,CPN (UML),Gokul Baskota,Gokul Baskota,3/8/2024,12:16:07,गज्जबले स्वाद लिनु,1,0,2,0,0
GokulPBaskota_32,CPN (UML),Gokul Baskota,Gokul Baskota,3/8/2024,4:52:56,क्या चोट परेछ हजुर यस्तो १२ पटकमा फेरि मुटु जोडिन सक्ला नि तर रमाईलो है।,2,0,0,0,0
GokulPBaskota_33,CPN (UML),Gokul Baskota,Gokul Baskota,3/8/2024,2:52:31,गईदिए भै गो नि क्याटोराईज  किन गर्न परो र?,2,0,2,0,0
GokulPBaskota_34,CPN (UML),Gokul Baskota,Gokul Baskota,3/8/2024,2:44:04,नबनाए त लात्ताले हान्ने रे त?,2,0,1,0,0
GokulPBaskota_35,CPN (UML),Gokul Baskota,Gokul Baskota,3/8/2024,2:31:50,धोखा खानु भन्दा घोट्टा खान राम्रो आजको दिन जय शम्भो,1,0,1,0,0
GokulPBaskota_36,CPN (UML),Gokul Baskota,Gokul Baskota,3/8/2024,1:17:28,"८ मार्च,समान अधिकार स्थापनाको ऐतिहासिक संघर्ष भएको दिन,११४औं अन्तराष्ट्रिय नारी वर्षको अवसरमा देश भित्र र देशवाहिर रहेका सबै नेपाली नारीहरुमा सुख,खुसी र प्रगतिको हार्दिक  शुभकामना।समानुपातिक हैन,वडादेखि प्रतिनीधि सभासम्म नै ३३%प्रत्यक्ष महिला निर्वाचित हुने कानुन यसै बर्ष बनाऔं।",88,14,69,0,0
GokulPBaskota_37,CPN (UML),Gokul Baskota,Gokul Baskota,3/7/2024,11:11:07,सक्दो गरेकै छु अब दुईचार वटा अधुरा त हान्नै पर्छ पर्छ।,2,0,0,0,0
GokulPBaskota_38,CPN (UML),Gokul Baskota,Gokul Baskota,3/7/2024,10:33:15,नभत्केसम्म,1,0,1,0,0
GokulPBaskota_39,CPN (UML),Gokul Baskota,Gokul Baskota,3/7/2024,5:10:58,भए सहने अरु के टाउको दुखाउने?,1,0,2,0,0
GokulPBaskota_40,CPN (UML),Gokul Baskota,Gokul Baskota,3/7/2024,4:59:28,पुरानै हुन तर कतिको ६४ दिन मात्र थियो।,1,0,1,0,0
GokulPBaskota_41,CPN (UML),Gokul Baskota,Gokul Baskota,3/7/2024,3:52:56,रमाउनेहरु रमाई रहुन गुनासो छैन।,0,0,0,0,0
GokulPBaskota_42,CPN (UML),Gokul Baskota,Gokul Baskota,3/7/2024,3:50:17,समय आएपछि सहमती अनुसार।,3,0,1,0,0
GokulPBaskota_43,CPN (UML),Gokul Baskota,Gokul Baskota,3/7/2024,3:49:00,नबनाएर सुख पाउलान त?,0,0,1,0,0
GokulPBaskota_44,CPN (UML),Gokul Baskota,Gokul Baskota,3/7/2024,3:46:19,किन चिन्ता त ?,1,0,1,0,0
GokulPBaskota_45,CPN (UML),Gokul Baskota,Gokul Baskota,3/7/2024,3:44:10,रुमाल होला नि साथमा।,1,0,1,0,0
GokulPBaskota_46,CPN (UML),Gokul Baskota,Gokul Baskota,3/7/2024,3:38:34,त्यै भएर ।,0,0,1,0,0
GokulPBaskota_47,CPN (UML),Gokul Baskota,Gokul Baskota,3/7/2024,3:37:59,आठ जना छन त हाम्रा।,1,0,2,0,0
GokulPBaskota_48,CPN (UML),Gokul Baskota,Gokul Baskota,3/7/2024,3:36:24,प्रमको निरन्तरता हो नि ?,0,0,1,0,0
GokulPBaskota_49,CPN (UML),Gokul Baskota,Gokul Baskota,3/7/2024,3:07:51,धुलेपीठो हुने डर भए जनताको अस्पतालमा भर्ना हुने ।,1,0,1,0,0
GokulPBaskota_50,CPN (UML),Gokul Baskota,Gokul Baskota,3/7/2024,2:58:24,हनिमुन पछि संकेत आउला।,5,2,1,0,0
GokulPBaskota_51,CPN (UML),Gokul Baskota,Gokul Baskota,3/7/2024,2:57:33,त्यस कै लागी मात्र जन्मेको नभएर!,8,2,1,0,0
GokulPBaskota_52,CPN (UML),Gokul Baskota,Gokul Baskota,3/7/2024,2:54:03,"झण्डै अढाई वर्षदेखी हामीले सुधार भएन भनेका निर्माण,कृषि,शिक्षा,स्वास्थ्य,परराष्ट्र र अर्थतन्त्रमा जनताले देख्ने र महसुस गर्ने गर्ने गरी ब्यापक सुधार हुने आशा सहित नेकपा एमाले र अन्य पार्टीबाट नयाँ गठबन्धन सरकारका सहभागी उपप्रम सहित सबै मन्त्रीहरुलाई कार्यकालको हार्दिक शुभकामना!",285,38,48,0,0
GokulPBaskota_53,CPN (UML),Gokul Baskota,Gokul Baskota,3/4/2024,12:52:43,आफ्टर सक्ड आएन भने।,2,0,0,0,0
GokulPBaskota_54,CPN (UML),Gokul Baskota,Gokul Baskota,3/4/2024,12:48:31,अदालतले लग्यो।,1,0,1,0,0
GokulPBaskota_55,CPN (UML),Gokul Baskota,Gokul Baskota,3/4/2024,12:47:25,मलाई मेरै दुई बाटोको चसो छ र थप अरु केही सानातिना काम पनि।,0,0,3,0,0
GokulPBaskota_56,CPN (UML),Gokul Baskota,Gokul Baskota,3/4/2024,9:16:09,"फागुन २१ भुल्दैनौ।सुखानी,झापा आन्दोलनका पाच शदीदको सम्मानमानमा नेकपा एमालले  टोखा नपा कमिटीले आयोजना गरेको कार्यक्रम काठमाण्डौमा।",154,12,12,0,0
GokulPBaskota_57,CPN (UML),Gokul Baskota,Gokul Baskota,3/3/2024,8:27:22,गरीबहरु सबै मारिदिए गरीबीको मुद्दै समाप्त गृहले बन्दुक देला कि कसो रक्लाई क्या मोटिभेसन गरेछ पाल्को एउटा पलिकाले राम्रो छैन त?,1,0,0,0,0
GokulPBaskota_58,CPN (UML),Gokul Baskota,Gokul Baskota,3/3/2024,2:54:14,त्यो मेरो कुरो हो अरुको कुरो था छैन,3,0,0,0,0
GokulPBaskota_59,CPN (UML),Gokul Baskota,Gokul Baskota,3/3/2024,2:50:58,बेलुकासम्म के न होला झै गर्छन त केहीहरु नहुने कुराको  आशा धेरै गर्नेलाई भन्देको हो,2,0,0,0,0
GokulPBaskota_60,CPN (UML),Gokul Baskota,Gokul Baskota,3/3/2024,1:45:23,"नेपालमा अनुमान गर्नै नसकिने तर मान्छेले अनुमान र चर्चा गरीरहने विषय मौसम र राजनीती हुन।तर ती अनुमान प्राय जसो मिल्दैनन।किन भने ती दुबैको चक्रीय प्रणाली नेपालमा निर्माण नहुने भएर रहेछ।हिजो थोपो पानी परेन, ब्यर्थै छाता बोके।मान्छे टेलर्स जाऊॅं न!भन्छन। तर गठें ढोक्सामा पर्ने देखेन।",198,33,30,0,0
GokulPBaskota_61,CPN (UML),Gokul Baskota,Gokul Baskota,3/1/2024,14:14:27,मानवीयताको मृत्यु हुनु राम्रो हो भने केही भन्नु छैन।,4,1,4,0,0
GokulPBaskota_62,CPN (UML),Gokul Baskota,Gokul Baskota,3/1/2024,14:11:45,तीनको पेट पाल्ने जिम्मा सरकारलाई लिन लाउनुस न त तर कुटपीट किन?र चोरेको भए त्यै आरोपमा थुन्नु परो।साधारण मान्छेले शहर छोडे भने शहरीया मध्यबर्ग पनि बाटा लाग्नु पर्ला नि?,14,2,7,0,0
GokulPBaskota_63,CPN (UML),Gokul Baskota,Gokul Baskota,3/1/2024,13:38:53,गठेलाई हामीले सुरु गरेका योजना सकेर देखाउ भन्न सक्नु परो नि उनीहरु कुम्भकर्णे निन्द्रामा छन।,7,3,5,0,0
GokulPBaskota_64,CPN (UML),Gokul Baskota,Gokul Baskota,3/1/2024,13:35:12,हेर्नु नि के हुदैछ निरन्तरको दवाब पछि।,4,2,1,0,0
GokulPBaskota_65,CPN (UML),Gokul Baskota,Gokul Baskota,3/1/2024,13:28:29,"शहरहरु सम्पन्नहरुले मात्र शयर गर्ने थलो होईनन साधारण मान्छेहरुले पसिना चुहाएर जीवन धान्ने ठाउ पनि हुन।गरीखाने मान्छेमाथिको अमानवीय र गैरकानुनी दमन गलत हो ।बन्द गर,धरपकड र दमन।",183,40,54,0,0
GokulPBaskota_66,CPN (UML),Gokul Baskota,Gokul Baskota,2/28/2024,14:43:37,"सरकारमा को को छन ?र,जबजले त्यो क्षमता मजाले राख्छ ।",0,0,2,0,0
GokulPBaskota_67,CPN (UML),Gokul Baskota,Gokul Baskota,2/28/2024,13:21:45,खास स्थान बाहेक जताततै निषेधित क्षेत्रको सुचना सहितको डोरी टाग्नु भनेको सरकार जनताको मनबाट अस्वीकृत भएको संदेश हो।डोरीले मान्छेको हात बाध्न सक्छ तर मत र मन बाध्न सक्दैन।विचार सत्ताको दमनले दमित हुन सक्छ तर पराजित हुदैन।,177,24,13,0,0
GokulPBaskota_68,CPN (UML),Gokul Baskota,Gokul Baskota,2/27/2024,12:37:02,तीन किमी जति फरक होला।,1,0,2,0,0
GokulPBaskota_69,CPN (UML),Gokul Baskota,Gokul Baskota,2/27/2024,2:53:21,बढी जान्ने हुने कुरो त्यो।,1,0,2,0,0
GokulPBaskota_70,CPN (UML),Gokul Baskota,Gokul Baskota,2/27/2024,2:51:59,बढ्ता बुझाई हो त्यो।,0,0,1,0,0
GokulPBaskota_71,CPN (UML),Gokul Baskota,Gokul Baskota,2/27/2024,2:20:20,आम राजनीतिक प्रवृति नेपालको के साउथ एशियाकै भनेको ।,7,1,3,0,0
GokulPBaskota_72,CPN (UML),Gokul Baskota,Gokul Baskota,2/27/2024,2:01:07,सत्तामा हुदा पनि भनिन्छ समाधान गरिन्छ।,1,0,1,0,0
GokulPBaskota_73,CPN (UML),Gokul Baskota,Gokul Baskota,2/27/2024,1:57:44,सुमेरु पर्वत घुमेर पसीना बगाउने कुमार र शिव- पार्वतीकै वरीपरी फन्को लगाएर कानमा चीनी भर्न सक्ने गणेश प्रवृति मध्ये भगवान शिव-पर्वतीले त गणेश प्रवृतिलाई पुरष्कृत गरे भने नेताहरुले काम काट्नेलाई हैन कुरा जोत्ने र वरीपरी घुम्नेलाई काखी च्यापे भनेर  दुखी हुनु नै मुर्खता हो।यो भैरन्छ।,309,34,41,0,0
GokulPBaskota_74,CPN (UML),Gokul Baskota,Gokul Baskota,2/26/2024,14:11:29,त्यो पर्दैन के अब!,0,0,1,0,0
GokulPBaskota_75,CPN (UML),Gokul Baskota,Gokul Baskota,2/26/2024,12:38:40,कस्तो खतरा कुरा ?कस्तो खतरा कुरा गरेको?,0,0,1,0,0
GokulPBaskota_76,CPN (UML),Gokul Baskota,Gokul Baskota,2/26/2024,8:42:00,"यो संसद भवन हो,मिटर ब्याज र लघु वित्त पिडीत जनताको क्याराभानको आवाज आज यही घन्कियो ।न्याय र सुशासनको गठें गफ जनताद्वारा छताछुल्ल ।जनता वास्तवमै अजेय छन!मीठा गफले भोका पेटको आवाज छेक्न सकिदैन।",221,34,13,0,0
GokulPBaskota_77,CPN (UML),Gokul Baskota,Gokul Baskota,2/26/2024,4:49:16,एमाले लिलामीमा छैन।,0,0,1,0,0
GokulPBaskota_78,CPN (UML),Gokul Baskota,Gokul Baskota,2/26/2024,4:48:33,था रे छ त मलाई किन ठोस्यौ?,0,1,0,0,0
GokulPBaskota_79,CPN (UML),Gokul Baskota,Gokul Baskota,2/26/2024,4:47:26,मेरो हकमा फरकै पर्दैन ल।,0,0,1,0,0
GokulPBaskota_80,CPN (UML),Gokul Baskota,Gokul Baskota,2/26/2024,4:46:08,जस्ले पाल्या छ उसैले हाल्छ दानापानी अरु किन हाल्ने?,0,0,1,0,0
GokulPBaskota_81,CPN (UML),Gokul Baskota,Gokul Baskota,2/26/2024,4:44:08,त्यो हुदैन मिल्दैन,0,0,0,0,0
GokulPBaskota_82,CPN (UML),Gokul Baskota,Gokul Baskota,2/26/2024,4:42:18,अध्यक्षले  त्यै भन्नु भा हो अस्ति बैछकमा।अब नहोला।,2,1,2,0,0
GokulPBaskota_83,CPN (UML),Gokul Baskota,Gokul Baskota,2/26/2024,4:39:54,त्यो नमिल्ने कुरो हो।,1,0,3,0,0
GokulPBaskota_84,CPN (UML),Gokul Baskota,Gokul Baskota,2/26/2024,4:36:49,म कम्फरटेवल हु भनेर चितुवा कराएकै हो अहिले बखरी हरायो के भन्ने त हैन भनन्न सक्नु नि ।,5,0,1,0,0
GokulPBaskota_85,CPN (UML),Gokul Baskota,Gokul Baskota,2/26/2024,2:58:02,उसैलाई बहुमत दिनुस के भनौ त अरु।,0,0,1,0,0
GokulPBaskota_86,CPN (UML),Gokul Baskota,Gokul Baskota,2/26/2024,2:23:18,नेपाल बाहेक र सही विदेश सम्बन्ध बाहेक अरु सोच्दैनौ।,1,0,1,0,0
GokulPBaskota_87,CPN (UML),Gokul Baskota,Gokul Baskota,2/26/2024,2:22:02,त्यो गरिन्न अब,3,0,1,0,0
GokulPBaskota_88,CPN (UML),Gokul Baskota,Gokul Baskota,2/26/2024,1:40:54,सुप्रिमोले खण्डन र अस्विकार गर्न परो नि मेहताको भनाई थोडा मैले लाईदिया आरोप हो र ?,7,0,2,0,0
GokulPBaskota_89,CPN (UML),Gokul Baskota,Gokul Baskota,2/26/2024,1:26:14,अझै पनि सुप्रिमोलाई  केहीले नेपालकै रातो घोडा ठान्थे।तर भारतीय पुर्व जनरलले उनी कस्को घोडा हो ?आंखा खुल्ने गरी बताई दिएछन।कथित जनयुद्दकै बेला कम्पोसा बनाउदा नै प्रष्ट थियो -उनी उहिल्यै त्यही घोडा थिए।अब त एउटा जगेडामा रहेर तबेलामा उॅंग्ने र अर्कोले चार वर्ष अरुकै सेवा गर्ने भएछ।,353,64,46,0,0
GokulPBaskota_90,CPN (UML),Gokul Baskota,Gokul Baskota,2/25/2024,12:13:03,हो हो,3,1,0,0,0
GokulPBaskota_91,CPN (UML),Gokul Baskota,Gokul Baskota,2/23/2024,11:21:54,नेकपा एमालेका श्रदेय अध्यक्ष एवं सम्माननीय पूर्व प्रधानमन्त्री कमरेड केपी शर्मा ओलीलाई शुभजन्मदिनको सीमाहीन शुभकामना!,147,13,10,0,0
GokulPBaskota_92,CPN (UML),Gokul Baskota,Gokul Baskota,2/14/2024,2:45:53,"सुप्रिमोसंग एउटा गज्जव कला छ।त्यो के भने रुदारुदै हास्न सक्ने र हास्दा हास्दै रुन सक्ने साथै आफुमाथि संकट आउदा सबैलाई एकसाथ धम्काउन र फकाउन सक्ने।शायद, त्यसको फेरि सफल प्रयोग हुने जस्तो छ-राष्ट्रियसभाको अध्यक्ष र संक्रमणकालीन न्याय निरुपणको लागि।तर सिटौलालाई पन्छाउन गाह्रो छ।",234,33,30,0,0
GokulPBaskota_93,CPN (UML),Gokul Baskota,Gokul Baskota,2/13/2024,9:13:58,आज कोही कसैले के दिवस मनाए थाहा भएन।मैले चण्डेश्वरी मावि बनेपा ४ नालाको हिरक दिवस समापन समारोह वालवालिकाको भब्य प्रस्तुति हेरेर मजाले मनाएं।धन्यवाद स्कुल परिवार!!!,121,11,6,0,0
GokulPBaskota_94,CPN (UML),Gokul Baskota,Gokul Baskota,2/11/2024,8:01:41,त्यो सक्यो अब,1,0,1,0,0
GokulPBaskota_95,CPN (UML),Gokul Baskota,Gokul Baskota,2/11/2024,6:23:27,त्यो समय सकियो,0,0,1,0,0
GokulPBaskota_96,CPN (UML),Gokul Baskota,Gokul Baskota,2/11/2024,6:10:03,कांध गलुन्जेल पालैपालो बोक्ने छदैछन के सक्किनु प्रचण्डसंग जादुमय कला छ के एकैसाथ धम्काउने र फकाउने!,3,0,3,0,0
GokulPBaskota_97,CPN (UML),Gokul Baskota,Gokul Baskota,2/11/2024,5:55:32,म संग त्यसो गर्ने जागर छैन बेकारमा दुर्छे गाईको पछि किन लाग्नु लात्ती मात्र खान।,7,1,1,0,0
GokulPBaskota_98,CPN (UML),Gokul Baskota,Gokul Baskota,2/11/2024,2:43:36,चिन्ता हैन चासो मात्र हो,2,0,0,0,0
GokulPBaskota_99,CPN (UML),Gokul Baskota,Gokul Baskota,2/11/2024,2:27:42,"पुष्पकमल नेतृत्वको माओवादीले दुईवटा राम्रो काम गर्ला कि भनेर सास रोकेर बस्या थे,त्यो पनि लास्टा उही भो।नाम बदल्ने कुरा हराएछ र सोली आकारको पार्टी संरचना बदल्ने कुरो पनि ९९ बाट १५१ हुदै अन्तिममा महाधिबेशनले केकको संख्या टुंगो लाउने भनेछ।त्यसले पनि नेताको फुली थपेरै समय सक्ने भएछ।",109,15,16,0,0
GokulPBaskota_100,CPN (UML),Gokul Baskota,Gokul Baskota,2/10/2024,14:15:49,तत्काल नगर्ला सर।,1,0,0,0,0
GokulPBaskota_101,CPN (UML),Gokul Baskota,Gokul Baskota,2/10/2024,10:31:57,सैनिक जुन्ताले राखेको हो बसेको होईन त्यही भएर बदनाम छ पाकिस्तानी लोकतन्त्र ।,0,0,1,0,0
GokulPBaskota_102,CPN (UML),Gokul Baskota,Gokul Baskota,2/10/2024,10:16:51,जनादेश मानिन्छ तर धांधली लोकतन्त्र होईन मानिन्न,1,0,1,0,0
GokulPBaskota_103,CPN (UML),Gokul Baskota,Gokul Baskota,2/10/2024,6:53:26,यहाको सेनाले त्यस्तो नचाहिया काम गर्दैन।,0,0,2,0,0
GokulPBaskota_104,CPN (UML),Gokul Baskota,Gokul Baskota,2/10/2024,5:38:17,अति नै राम्रो काम,1,0,0,0,0
GokulPBaskota_105,CPN (UML),Gokul Baskota,Gokul Baskota,2/10/2024,5:36:56,पाकिस्तान र बंगलादेश त नमुना नै हुन  के रे,1,0,1,0,0
GokulPBaskota_106,CPN (UML),Gokul Baskota,Gokul Baskota,2/10/2024,5:30:06,खानको दल रोजेका हुन जनताले सैनिक जन्ताको सममर्थकलाई होईन।,4,1,2,0,0
GokulPBaskota_107,CPN (UML),Gokul Baskota,Gokul Baskota,2/10/2024,4:04:57,पाकिस्तानी मोडेलको लोकतन्त्रको अभ्यास पनि संसारले अनुभुत गर्ने भो।रमाईलो त यो होला कि अन्तिम नतिजा पछि शक्तिसम्पन्न लोकतान्त्रिक राष्ट्हरुले दिने प्रतिक्रिया र रहस्यमय मौनताको चरण।तजविजी लोकतान्त्र माथि जनताको मतादेश निकै शक्तिशाली देखियो।तर जनादेशले शासन गर्न नपाउने प्रष्टै छ।,209,31,25,0,0
GokulPBaskota_108,CPN (UML),Gokul Baskota,Gokul Baskota,2/5/2024,4:18:58,प्रेस चौतारी नेपालको २६औं स्थापना दिवसको उपलक्षको अवसरमा प्रेस चौतारी काभ्रेले हेल्प नेपाल नेटवर्कद्वारा सन्चालीत वालगृहलाई खेलकुद तथा शैक्षिक सामग्री वितरण गर्यो।यो वालगृहले वालीकाको तीनलाखको विमा गर्ने र विदा हुदा शिक्षासंगै सो रकम दिने गरेको छ।उनीहरुले केही काम गर्न सकुन भनेर।,78,9,1,0,0
GokulPBaskota_109,CPN (UML),Gokul Baskota,Gokul Baskota,2/3/2024,6:08:38,चौरीदेऊराली -५ समाजसेवी रामबहादुर गौतमको पुर्खाको चिनोको रुपमा घरमा अझैसम्म प्रयोगमै रहेको जाँतो।,182,18,8,0,0
GokulPBaskota_110,CPN (UML),Gokul Baskota,Gokul Baskota,2/2/2024,23:51:30,विचारको पुर्वाग्रह पनि काफी मिसीन्छ।,2,0,0,0,0
GokulPBaskota_111,CPN (UML),Gokul Baskota,Gokul Baskota,2/2/2024,23:49:49,तयस्तो देखिन्छ मजाले।,1,0,0,0,0
GokulPBaskota_112,CPN (UML),Gokul Baskota,Gokul Baskota,2/2/2024,23:48:10,तीनीहरु सबै आफ्नो हितमा एक हुन्छन तर हामीलाई आ आफ्नो अनुकुल बनाउन र स्वार्थ सिद्दी गर्न यहाकालाई सडाउछन र उखुको खोईरो बनाएर छोड्दिन्छन र बजार नियन्त्रणबाट सबै कब्जा गर्छन ।,2,0,0,0,0
GokulPBaskota_113,CPN (UML),Gokul Baskota,Gokul Baskota,2/2/2024,23:41:53,त्यो सही हो तर सुधार्न सकिन्न र ?,0,0,1,0,0
GokulPBaskota_114,CPN (UML),Gokul Baskota,Gokul Baskota,2/2/2024,2:07:49,भारत र चीन ब्रिक्समा संगै बस्छन र एउटै नीती बनाउछन।रुससंग दुबैको राम्रो सम्बन्ध छ।तर नेपालले भारत र चीनसंग छुट्टाछुट्टै केही काम गर्दा शंका र दवावमा राख्न खोज्छन किन?कुटनीतीमा नसुल्झिएको यो गांठो फुकाउने छलफल न बु्द्दीजीवीले गर्छन न दलहरुले साझा नीती बनाउछन।,304,48,23,0,0
GokulPBaskota_115,CPN (UML),Gokul Baskota,Gokul Baskota,1/28/2024,8:10:55,"सुप्रिमोको कासन सुनियो,शहीदको सुचीमा तीन हजार थपिन्छन र तीन अर्ब बांडिन्छ।तर नेतृत्वले उकासेर हिंसामा उतारेका घाईते र जंगार तरेपछि लात हानेर बर्वाद बनाईएका हजारौं युवायुवतीलाई कुन सुचीमा राख्छौ?रगतको मुल्य दश लाखमा साट्ने तर अन्धकारयुक्त जीवन ब्यतीत गरीरहेकाको मुल्य पानी बराबर ?",268,61,18,0,0
GokulPBaskota_116,CPN (UML),Gokul Baskota,Gokul Baskota,1/27/2024,3:43:52,हुन्छ छलफल पहिला,2,0,0,0,0
GokulPBaskota_117,CPN (UML),Gokul Baskota,Gokul Baskota,1/26/2024,14:45:07,"कप्तान देव खनालको महत्वपूर्ण५८  रन र आकाश चन्दले महत्त्वपूर्ण ५ विकेट लिएपछी   यू–१९ विश्वकपमा अफगानिस्तानलाई १ विकेटले हराउदै नेपालले जित निकाल्दै  सुपर सिक्समा पुगेकोमा सबैलाई बधाई 
यो मन त मेरो ......... 🇳🇵🇳🇵🇳🇵🇳🇵🇳🇵🇳🇵",335,32,21,0,0
GokulPBaskota_118,CPN (UML),Gokul Baskota,Gokul Baskota,1/26/2024,2:36:02,"राष्ट्रियसभामा कोशीबाट रुक्मणी कोईरालाको जीतपछि गठबन्धनमा घातको रोईलो सुनियो।तोरीमा कोदो मिसाएपछि तेल हैन,पीना निस्कन्छ।गठबन्धनद्वारा क्रमशः हाईज्याक र संकुचीत पारिएको हिप्पोक्रेसीका विरुद्द  र मतदाताले गरेको वाईडर डेमेक्रेटिक अभ्यासको परिणाम हो।सजिलो छ,मायामा घात भए सम्बन्ध तोड।",213,29,25,0,0
GokulPBaskota_119,CPN (UML),Gokul Baskota,Gokul Baskota,1/15/2024,11:07:12,कस्ले ऊन्यो त्यो ठीक भनेर?,1,0,2,0,0
GokulPBaskota_120,CPN (UML),Gokul Baskota,Gokul Baskota,1/15/2024,10:59:09,त्यस्तै त घेरै बनाउला!,0,0,0,0,0
GokulPBaskota_121,CPN (UML),Gokul Baskota,Gokul Baskota,1/15/2024,10:40:11,गरेकै हो त्यो कस्ले ध्यान दिएन उतैका लाई सोध्नु त्यो चै ठेकेदारको पनिअध्येक्षको ठेक्का हो रे तयो कस्को हो?,1,0,0,0,0
GokulPBaskota_122,CPN (UML),Gokul Baskota,Gokul Baskota,1/15/2024,10:36:12,हाव हावा हावा,0,0,0,0,0
GokulPBaskota_123,CPN (UML),Gokul Baskota,Gokul Baskota,1/15/2024,10:31:11,खै त्यै भने त्यहाकाले म कसो गरु त?मिस्टेक भए माफी मिनाहा बिना संकेच है!,0,0,0,0,0
GokulPBaskota_124,CPN (UML),Gokul Baskota,Gokul Baskota,1/15/2024,10:28:52,आफै गन्नुस,1,0,0,0,0
GokulPBaskota_125,CPN (UML),Gokul Baskota,Gokul Baskota,1/15/2024,9:38:49,सरकारमा को छ?जवाफ त्यसले दिने हो।,12,3,2,0,0
GokulPBaskota_126,CPN (UML),Gokul Baskota,Gokul Baskota,1/15/2024,9:34:53,कोल्लाई मार्यो मैले? कुन कम्निस्ट? सतारुढ ?,0,1,0,0,0
GokulPBaskota_127,CPN (UML),Gokul Baskota,Gokul Baskota,1/15/2024,9:27:25,त्यै कम्निष्ट कांग्रेस किन लुटपुटिएर बाहिर निस्कनै नसको चै किन त ?राष्ट्रिय साभामा त सिंगल लड्न सकेन।विश्व-गगनको हुंकार कता हरायो त? मैले पनि सोधे है!,3,0,1,0,0
GokulPBaskota_128,CPN (UML),Gokul Baskota,Gokul Baskota,1/15/2024,9:22:06,"तेह्रबर्ष अघि ठेक्का लागेको झापा रतुवामाईको यो पुल पनि बनेको बनेई,बनेको बनेई रहेछ अहिले सम्म,साथीहरु धुलिखेल खावा खण्ड तीनबर्षमै बनेन भन्छन।प्रचण्डले पाचखाल जादा आफ्नै चलकलाई सोधेछन यो बाटो यस्तो कसरी भो?अर्थमन्त्री मण्डन गएर नगरकोट हिगुवापाटी सडक म हेर्छु भन्थे हेरेको हेरेयै छन।",200,29,30,0,0
GokulPBaskota_129,CPN (UML),Gokul Baskota,Gokul Baskota,1/15/2024,6:33:21,दुई बर्षमा उक्रेनमा दशहजार सर्बसाधारण मारिंदा छ शय बालबलिका र त्यति नै जसो महिला।तर सय दिन मै प्यालेष्टाईनमा तेईस हजार सर्बसाधारण मरिंदा बाह्र हजार बालवालिका र छ हजार जति महिला मारिएछन।उक्रेन-बुचामा जेनोसाइड देख्ने आँखाहरुले गाजामा के देख्दै छन?भाष्य साधारण छ-संसार शक्तिले चल्छ।,259,43,26,0,0
GokulPBaskota_130,CPN (UML),Gokul Baskota,Gokul Baskota,1/14/2024,2:19:02,"फिर्ता लगे भई हाल्छ,अधिकारका लागि लड्ने हो सत्तसंग हात थाप्ने होईन।",8,2,0,0,0
GokulPBaskota_131,CPN (UML),Gokul Baskota,Gokul Baskota,1/14/2024,2:07:13,"संक्रमणकालीन न्याय निरुपण द्वन्दरत पक्षको कुम जोडाई,ॲाखा झिम्काई र टाउको हल्लाईको तालसुरमा हैन, पीडीतले न्याय पाएको अनुभुत हुने गरी हुनु पर्छ।सत्ता र बन्दुकको बलमा न्याय दिने भए हिजो जे भो,त्यही न्याय भै गो।लोकतन्त्रमा न्यायको प्रश्न सत्तामा हुँदा र भित्तामा टाँस्सिदा एउटै हुन्छ।",169,23,9,0,0
GokulPBaskota_132,CPN (UML),Gokul Baskota,Gokul Baskota,1/13/2024,8:41:06,गएका छैनन र नजाने पनि पक्का छ,3,0,1,0,0
GokulPBaskota_133,CPN (UML),Gokul Baskota,Gokul Baskota,1/13/2024,7:59:37,स्वर्ग जाऊ अबश्य भेटिन्छ।,1,0,1,0,0
GokulPBaskota_134,CPN (UML),Gokul Baskota,Gokul Baskota,1/13/2024,7:57:31,रेमिट्यास ल्याउन १२-१४ लाख बारिन्छ बर्षमा भन्छ।१५-२०वर्षमा बाजेबजै रेखदेख गर्ने आश्रमको व्याबसाय चलछ त्यसैगरी बनाउनु पर्ला देश त?,5,1,2,0,0
GokulPBaskota_135,CPN (UML),Gokul Baskota,Gokul Baskota,1/13/2024,6:37:14,योजना हैन संयोग हो,1,0,1,0,0
GokulPBaskota_136,CPN (UML),Gokul Baskota,Gokul Baskota,1/13/2024,5:17:04,राम्रो झुझाब मनन योग्य।,2,0,0,0,0
GokulPBaskota_137,CPN (UML),Gokul Baskota,Gokul Baskota,1/13/2024,5:15:42,खुसी खुसी धन्यवाद,0,0,0,0,0
GokulPBaskota_138,CPN (UML),Gokul Baskota,Gokul Baskota,1/13/2024,5:14:30,धन्ने धन्नेवाद छ है,0,0,0,0,0
GokulPBaskota_139,CPN (UML),Gokul Baskota,Gokul Baskota,1/13/2024,5:13:25,अनि के नेपाललाई दुई साम्राज्यको पाउमा  चढ्न दिनु पर्ने थियो त?सबै समान त छन नि।,1,0,1,0,0
GokulPBaskota_140,CPN (UML),Gokul Baskota,Gokul Baskota,1/13/2024,5:07:48,कहिलेमा कही रमाईलो हुन्छ फुर्सत मिल्दामा ।,2,0,1,0,0
GokulPBaskota_141,CPN (UML),Gokul Baskota,Gokul Baskota,1/13/2024,5:04:49,धन्येवाद दाजुश्री!,1,0,0,0,0
GokulPBaskota_142,CPN (UML),Gokul Baskota,Gokul Baskota,1/13/2024,5:03:50,बाटोमा काँडे तार लगाउन सुझाब छ!,2,0,2,0,0
GokulPBaskota_143,CPN (UML),Gokul Baskota,Gokul Baskota,1/13/2024,2:11:33,अल्झे छ क्यार तिम्रो पछ्यौरी चियाको बुट्टैमा।सूर्योदयको पहिलो झुल्कोमा ईलामको कन्याम चियाबगान पुगियो।सुन्दर छ ईलाम।,511,17,35,0,0
GokulPBaskota_144,CPN (UML),Gokul Baskota,Gokul Baskota,1/12/2024,15:10:29,सुझाबका लागि धन्यवाद!,5,0,0,0,0
GokulPBaskota_145,CPN (UML),Gokul Baskota,Gokul Baskota,1/12/2024,1:32:01,राजतन्त्रको स्वभाविक उपजको एउटा राजा र शासक भन्दा आकाश जमीन फरक देश र जनता सोच्ने नेता र राष्ट्र निर्माण र एकिकरण प्रक्रियाको एतिहासिक नेतृत्व कर्ता हुन-वडामहाराज पृथ्वीनारायण शाह।उहाको ३०२औ जन्मजयन्तीको उपलक्ष्यमा ह्रदयभरीको सम्मान प्रकट गर्दछु।,310,34,19,0,0
GokulPBaskota_146,CPN (UML),Gokul Baskota,Gokul Baskota,1/7/2024,13:35:13,फोहोर थाप भन्यो भने नि के थाप्ने स्वाधीन्ताको समान्ता खोजेको हजुर।,1,0,0,0,0
GokulPBaskota_147,CPN (UML),Gokul Baskota,Gokul Baskota,1/6/2024,8:48:23,धादिङमा पर्छ त्यो।,1,0,0,0,0
GokulPBaskota_148,CPN (UML),Gokul Baskota,Gokul Baskota,1/6/2024,7:24:19,"केही हुन्न, साझा कुरा छैन ।आआफ्ना डम्फु कति बजाउने?",0,0,0,0,0
GokulPBaskota_149,CPN (UML),Gokul Baskota,Gokul Baskota,1/6/2024,4:47:04,त्यो मीठो हुदैन होल्,1,0,1,0,0
GokulPBaskota_150,CPN (UML),Gokul Baskota,Gokul Baskota,1/6/2024,4:39:06,देशकै चासो नहुने बादर  भन्दा खराव भन्छ,2,0,0,0,0
GokulPBaskota_151,CPN (UML),Gokul Baskota,Gokul Baskota,1/6/2024,4:37:33,त्यो त गज्जब कुरो किम्ची र सिन्की पनि,1,0,1,0,0
GokulPBaskota_152,CPN (UML),Gokul Baskota,Gokul Baskota,1/6/2024,4:35:43,पटक पटक उठाएको छु हजुर सुन्न पनि परो नि,3,0,1,0,0
GokulPBaskota_153,CPN (UML),Gokul Baskota,Gokul Baskota,1/6/2024,1:47:45,"अर्गानिक रायोको साग र तयार हुन छ महिना लाग्ने आलु खाने हो भने काभ्रेको भुम्लु गापा बेखसिम्ले,सिमथली र चौबास आउनुस है।चौबासको कोड्कामा त करीब करीब मनकामना र घैलुंगकै स्वादको सुन्तला पनि किसानहरुले फलाएका छन।तर बादरले हैरान बनाएका छन।अर्को नि लप्सी त कुरै नगरौ न त्यति स्वादिलो।",236,21,26,0,0
GokulPBaskota_154,CPN (UML),Gokul Baskota,Gokul Baskota,1/5/2024,7:06:11,त्यो त तरीकै भएन नि।डालोमा लिने हो र नेपाल सरकारले तल्ला तह वा सहमती भएका परियोजनालाई दिने हो।,1,1,1,0,0
GokulPBaskota_155,CPN (UML),Gokul Baskota,Gokul Baskota,1/5/2024,7:03:24,त्यो त किनेरै लाने हुन्छ,1,0,0,0,0
GokulPBaskota_156,CPN (UML),Gokul Baskota,Gokul Baskota,1/5/2024,6:55:19,सही त सचिवले न गर्ने हुन नेतृत्व मन्त्रीको,1,0,0,0,0
GokulPBaskota_157,CPN (UML),Gokul Baskota,Gokul Baskota,1/5/2024,2:59:18,"चुनावताका साथीहरुले मच्चि मच्चि नारा भट्याए -खोलीखेत जोगाउने तटबन्धनले ,देश भत्काउने गठबन्धनले भनेर।सोह्रैआना ठीक रहेछ त्यो कुरा।भारतीय बिदेश सचिवको नेपाल भ्रमणको ठुलो उपलब्धी भनिएको स्थानीय तहलाई करीब सोझै दिन सक्ने बीस करोडको सहयोग भोलीका लागि धेरै महगो हुने प्रबल संभावना छ।",193,34,20,0,0
GokulPBaskota_158,CPN (UML),Gokul Baskota,Gokul Baskota,1/4/2024,4:35:46,तर प्रश्नहरु छन।,2,0,1,0,0
GokulPBaskota_159,CPN (UML),Gokul Baskota,Gokul Baskota,1/4/2024,2:09:03,"सुख्खा मौसममा बामपन्थी एकताको एकतारे धुन मन्द गतिले फैलाउन थालिएछ।मेरो साधारण सोचले भन्छ-प्रचण्डको सिंहासनमा पक्कै पनि पंहेला धर्साहरु देखिन थाले होला।विचार,संगठन र नेतृत्वका हिसाबले असफल त्यो ईतिहास उसैगरी ब्युताउनु घ्यू बेचुवा र तलवार बेचुवाले लगाएको मितेरी सम्बन्ध जस्तै हुनेछ।",249,42,44,0,0
GokulPBaskota_160,CPN (UML),Gokul Baskota,Gokul Baskota,1/3/2024,2:30:22,त्यसमाथि पनि प्श्न उठाऔ राम्रै हुन्छ,2,1,1,0,0
GokulPBaskota_161,CPN (UML),Gokul Baskota,Gokul Baskota,1/3/2024,2:28:54,कृषिमैत्री अध्यक्ष म जति अरु छैन भन्या छन हेरौन यो साल।,1,0,0,0,0
GokulPBaskota_162,CPN (UML),Gokul Baskota,Gokul Baskota,1/3/2024,2:27:44,जस्ले काम गरेको र जस्ले काम गर्ने शंकल्प गरेको छ अरु के कस्लाई ?,1,0,3,0,0
GokulPBaskota_163,CPN (UML),Gokul Baskota,Gokul Baskota,1/3/2024,1:54:37,उनैले आफ्नै फर्मको लागि गाडी अनुदान लगेका छन मैले भन्दा हेरौला रे।,6,1,1,0,0
GokulPBaskota_164,CPN (UML),Gokul Baskota,Gokul Baskota,1/3/2024,1:41:20,"मेहनतले दिएको खुसी!भुम्लु-३ सिम्थलीका युवा किसान प्रवीण महतले ३८ खसीबोका, १३००केजी अदुवा र ६००केजी हलेदो बेचे र बारीमा कागती पनि लगाएका छन।तर उनलाई सरकारी निकायले सहयोग गरेको छैन।गा पा ले  गत साल सुंगुरको खोर नै नभएकालाई समेत कृषिको अनुदान दिंदा उनी अटेन छन,कारण उनी गंठे परेन छन।",468,36,55,0,0
GokulPBaskota_165,CPN (UML),Gokul Baskota,Gokul Baskota,1/2/2024,11:31:24,सके जति गरेकै छ अधुरामा रकम दिएन गठेले प्रश्न उनलाई पनि पक्षपात गरेको उठ्दैन र?,1,0,1,0,0
GokulPBaskota_166,CPN (UML),Gokul Baskota,Gokul Baskota,1/2/2024,3:02:59,गोरे दाईले गोजी टक्टक्याएर देखाई दिए पछि सेते ग्रुपले सुधार आन्दोलन चलाउने कर्ण प्रिय कुरा गर्न थाले छन।माकुराको जालो झै कुनै राजनीतिक विचारधारा पुर्वाग्रहपुर्ण प्रचार गरेर नथाक्नेहरुको यो ऐलान तथ्यको कसीमा सत्य सम्प्रेषण गर्ने उदेश्यले भए राम्रो तर त्यो फेरि पनि स्वतन्त्र हुदैन।,172,32,7,0,0
GokulPBaskota_167,CPN (UML),Gokul Baskota,Gokul Baskota,1/1/2024,13:56:19,"कुन शहर ? बनेपा ,धुलिखेल ,पनौती पनि त सानै भए नि शहरै हुन अनि गाउं झन रमाईला छन।मव पर्छ मलाई।",0,0,1,0,0
GokulPBaskota_168,CPN (UML),Gokul Baskota,Gokul Baskota,1/1/2024,13:45:50,"अझ चुरो कुरो के भने नि,गृहमन्त्रीले नै परिस्थीती उत्तेजक बनाउने कार्यमा भैतिक मन्त्री दोषी हुन भनि सक्या छन।मन्त्री किराँतीलाई प्रचण्डले बोकेपछि मन्त्री ज्वाला  निहुँ खोज्दै गएका  हुन।",3,1,0,0,0
GokulPBaskota_169,CPN (UML),Gokul Baskota,Gokul Baskota,1/1/2024,13:02:16,त्यो हो।,3,0,0,0,0
GokulPBaskota_170,CPN (UML),Gokul Baskota,Gokul Baskota,1/1/2024,13:01:37,नेःवाको र झिंग्हुँ  त चलेकै नाम हुन।,1,0,1,0,0
GokulPBaskota_171,CPN (UML),Gokul Baskota,Gokul Baskota,1/1/2024,12:54:33,सबै लुगा भाडाकै हुन किन्दा पनि भाडा तिर्दा पनि पैसो तिर्नै परो तपाई कसरी लाउने गर्नु हुन्छ?,2,0,3,0,0
GokulPBaskota_172,CPN (UML),Gokul Baskota,Gokul Baskota,1/1/2024,12:48:09,"घोक्राईदिन मिल्दैन गणीत  पुग्दैन, के गर्ने त?",1,0,1,0,0
GokulPBaskota_173,CPN (UML),Gokul Baskota,Gokul Baskota,1/1/2024,12:45:32,मन त पर्छ तर कहा पाईन्छ?बनेपाको मात्र था छ ।,1,0,2,0,0
GokulPBaskota_174,CPN (UML),Gokul Baskota,Gokul Baskota,1/1/2024,11:25:55,"गठबन्धन सरकारका जुनकुनै मन्त्रीले जे सुकै भने/ गरे पनि र जो जति घोक्रो सुक्ने गरी कराए पनि राजीनामा दिदैनन।गगन-विश्व नै अनसन बसे भने बेग्लै कुरा।कोही मरुन कि बाँचुन के मतलव?बाँची रहनु पर्ने त गठबन्धन हो,जो अजर अमर रहेकै छ!",306,46,35,0,0
GokulPBaskota_175,CPN (UML),Gokul Baskota,Gokul Baskota,1/1/2024,3:07:55,टाउको र टोपी मेरै होअरु के चासो।,4,0,2,0,0
GokulPBaskota_176,CPN (UML),Gokul Baskota,Gokul Baskota,12/21/2023,6:50:29,मेरो उपस्थीती देखाउन चुनौति छ ।,6,0,2,0,0
GokulPBaskota_177,CPN (UML),Gokul Baskota,Gokul Baskota,12/21/2023,2:29:29,"संस्कृति मन्त्री किराँतीले कत्रो जेल बनाउलान त अब?उनले थुन्नै पर्ने राष्ट्रद्रोहीको संख्या (हिन्दु,बौंध्द,मुस्लिम आदी)करीब ९८% रहेछ।माओवादी अरु कसैका लागि सेवा दिने मिसनरी उघोग हो भन्ने फेरि  प्रमाणित भयो।धर्म ब्यक्तिगत स्वतन्त्रता हो।तर संस्कृति र सभ्यता देशको मौलिकता र पहिचान।",922,164,60,0,0
GokulPBaskota_178,CPN (UML),Gokul Baskota,Gokul Baskota,12/18/2023,5:13:43,सयजनालाई कुखुरा चिउरा र दही मेरो तरतबाट  हो,1,0,4,0,0
GokulPBaskota_179,CPN (UML),Gokul Baskota,Gokul Baskota,12/18/2023,3:40:50,गणतन्त्र चाहिदैन भन्नेको होला,1,0,1,0,0
GokulPBaskota_180,CPN (UML),Gokul Baskota,Gokul Baskota,12/18/2023,3:10:27,"नेपाल वायुसेवा निगम सधै घाटा जानुको कारण ग्राउण्ड ह्याण्डिलिङले तलब ख्वाउन पुगेर भन्छन।बिग्रेका जहाज वनाउदैन,अनावश्यक कर्मचारी पाल्छ।त्यै पनि नियम अनुसार बोलकबोलमा अर्कैले लग्यो भने के होला?त्यस कम्पनीका प्रमुख कुनै पार्टीका विदेश बिभागका नेता छन ।उनले राजनीती गरुन कि निगम चलाउन?",180,41,17,0,0
GokulPBaskota_181,CPN (UML),Gokul Baskota,Gokul Baskota,12/17/2023,2:47:29,पुर्व प्रम बाबुराम भट्टराईले साम्यवाद प्राप्ती र नीजी सम्पतिको उन्मुलन मृगमरिचिका हो भनिदिनु र प्र म प्रचण्डले नातिनीको हिजैको भब्य विवाह देखेका तर यी दुईकै कुरा सुनेर/मानेर जीवन दिने र जनवादी विवाहका नाममा दुईवटा विस्कुट र एककप चियामा आफ्नो विवाह सक्ने कमरेडहरु के सोच्दै होलान?,347,47,43,0,0
GokulPBaskota_182,CPN (UML),Gokul Baskota,Gokul Baskota,12/13/2023,1:29:05,हो नि सही कुरा तर पनि देश सबैको हो र साझा पहुचका लागि यो गरेको हो।,1,0,0,0,0
GokulPBaskota_183,CPN (UML),Gokul Baskota,Gokul Baskota,12/12/2023,8:11:46,"पहिचान र सामार्थ्यलाई सन्तुलन गर्ने र ब्यबहारमा समाबेशीतालाई खरो उतार्दै आएको एमाले पार्टी बिरुद्दको पहिचानवादी भनिनेको निरन्तरको हर्कत केवल अन्ध जातीवाद,नश्लवाद र फाँसीवादको भद्दा नमुना हो।फुटाउ र राज गर भन्ने त्यो पुरानो फर्मला ईतिहासले पटक पटक पराजित गरेको छ र फेरि पनि गर्छ।",119,23,11,0,0
GokulPBaskota_184,CPN (UML),Gokul Baskota,Gokul Baskota,12/11/2023,0:58:53,मेरी जीवन संगीनी तारा मानन्धर (बाँस्कोटा)लाई जन्मदिनको धेरै धेरै शुभकामना!,756,22,181,0,0
GokulPBaskota_185,CPN (UML),Gokul Baskota,Gokul Baskota,12/10/2023,12:10:58,"अध्यक्षज्युको संबोधन मण्डन देऊपुर नपा ,काभ्रेमा चलिरहेको छ।धन्यवाद सबैलाई ।",221,24,22,0,0
GokulPBaskota_186,CPN (UML),Gokul Baskota,Gokul Baskota,12/8/2023,2:10:12,"प्रायोजीत हल्ला मच्चायो भाउ बढायो जनतालाई किनायो।उसैगरी उल्टो हल्ला चलायो भाउ घटायो र जनताबाटै कौडीमा किनीदियो गरेर मात्र नेपालको शेयर बजारका केही डनहरुले शेयर बजार पुरै कब्जामा राखेका छन,भन्छन।Y C O भन्ने कम्पनीलाई मनपरी बजार चलाउने छुट कस्ले दियो? जनता घाटामा,तीनजना नाफामा?",239,41,19,0,0
GokulPBaskota_187,CPN (UML),Gokul Baskota,Gokul Baskota,12/7/2023,9:08:57,के सुन्नु पर्यो नि बोटल सक्किए र दशैका हा हा,4,0,2,0,0
GokulPBaskota_188,CPN (UML),Gokul Baskota,Gokul Baskota,12/5/2023,8:54:34,5%भन्दा बढी शेयर बेच्नु परेमा सरकारी अनुमती लिनै पर्ने प्राबधान राखेर मैले नै दुर संचार नियमावली बनाएको र जारी गरोको हो अनि सरकारले थाहा पाएन भनेर प्रमले कस्लाई उल्लु बनाएको त? अनि क्न नलेख्ने ?,1,0,3,0,0
GokulPBaskota_189,CPN (UML),Gokul Baskota,Gokul Baskota,12/5/2023,6:35:04,दिया थे घरमै धारा छ त,4,4,0,0,0
GokulPBaskota_190,CPN (UML),Gokul Baskota,Gokul Baskota,12/5/2023,5:56:42,आफैं धामी आफैं बोक्सा भने जस्तो नाटक प्रमले एनसेल विक्रीमा किन गरेको?अनुमती कस्ले दियो?सरकारीअनुमती नभै बेच्न नपाउने कानुन छ।सम्पर्ण सम्पत्ति मुल्याङकन गर्ने जनतालाई शेयर बेच्ने।टेलियासोनेराले लाभकर छलेर गए पनि ओलीकै पालामा एनसेलबाटै ४७अर्ब तिराएकै हो।एक्जेयटाले उही बाटो खोज्यो।,201,28,19,0,0
GokulPBaskota_191,CPN (UML),Gokul Baskota,Gokul Baskota,12/4/2023,23:54:16,गरेको छ पानी थिएन खानलाई र सडक पनि कच्ची थियो त्यो दुबै सम्पन्न भएका छन हजुर।,41,6,5,0,0
GokulPBaskota_192,CPN (UML),Gokul Baskota,Gokul Baskota,12/2/2023,2:00:01,"अर्थतन्त्र लयमा छ भन्ने सरकारलाई अलपत्र पुर्वाधार आयोजनाले मात्र गिज्याएको छैन।देश छोड्ने युवाको तांती,बन्द सटर,बड्दो बैंक ब्याज,जिर्ण उघोगहरुले राष्ट्र नै निराश छ।शिथिल लगानी मनस्थिति चिर्न लगानी मैत्री कानुन र वातावरण आवश्यक छ।लगानी सम्मेलनको कुम्भ मेलाले मात्र समाधान दिदैन।",180,28,23,0,0
GokulPBaskota_193,CPN (UML),Gokul Baskota,Gokul Baskota,11/30/2023,1:43:49,"वास्तविक भुमिहिनलाई एकपटक मापदण्ड बनाएर जमिन दिनु सही हुन्छ। तर हुकुमवासी र सालझण्डीमा माओवादीले योजनाबध्द कब्जा गरेका जस्ता जमिन अब्यबस्थीतको नाममा दिन हुदैन।वन क्रान्तिको हल्ला  भोट बैंकको चतुरे दाउ त हैन नि प्रम ज्यु?र,अर्को कुरा हिजोदेखि नया दलको नवउदारवादी पर्दा पुरै खुलेछ।",174,33,23,0,0
GokulPBaskota_194,CPN (UML),Gokul Baskota,Gokul Baskota,11/29/2023,14:42:20,सही कुरा।,2,0,1,0,0
GokulPBaskota_195,CPN (UML),Gokul Baskota,Gokul Baskota,11/29/2023,9:53:35,"जाजरकोट,भेरी नपामा भुकम्प पिडीतलाई दलहरुले ५०८ अस्थाई टहरा बनाउॅंदा एमाले एक्लैले ३१५ वटा बनाएछ।गठबन्धन र अरुले बाकी।भुकम्प पर्यटनको प्रचार प्रतिष्पर्धा र जनताप्रतिको समर्पणको सानो फरक यो पनि त हो।सगैं बसेर पिठ्युंमा छुरा रोप्न जस्तो सजिलो घोषणा गरेर लड्न कठिन भन्या त्यसै हैन।",169,29,26,0,0
GokulPBaskota_196,CPN (UML),Gokul Baskota,Gokul Baskota,11/27/2023,3:29:10,"किन किन सौरभ र विजयकुमार नेपाली पत्रकारितीमा  एक्ट्रा मन पर्छ मलाई।भलै,उनका सबै बिचारमा सहमत हुन नसकियोस।पवरफुल एक्सप्रेशन कला र क्षमताले लोभ्याईरहन्छ।",373,25,29,0,0
GokulPBaskota_197,CPN (UML),Gokul Baskota,Gokul Baskota,11/27/2023,0:23:41,त्यो पर्दैन,0,0,1,0,0
GokulPBaskota_198,CPN (UML),Gokul Baskota,Gokul Baskota,11/26/2023,12:02:42,त्यो समय २०६१ थियो जुन गैसक्यो,3,0,2,0,0
GokulPBaskota_199,CPN (UML),Gokul Baskota,Gokul Baskota,11/26/2023,9:02:40,संघीयताको कुरा मलाई नसोध्नु मतलब छैन मान्देको मात्र,5,0,5,0,0
GokulPBaskota_200,CPN (UML),Gokul Baskota,Gokul Baskota,11/21/2023,13:07:47,"पत्रकार महासघंका पुर्व सभापति र हाल प्रमका प्रेस सल्लाहकारज्युको सोसलसाईट सम्बन्धी दृष्टिकोण हालसम्म थाहा पाउन नसक्दा म चै छक्कै परेको छु,अभिब्यक्ति स्वतन्त्रताको प्रश्न जो छ नि,हो त्यो-साउने चश्माले हेर्ने कि सदावहार चश्माले?",154,31,12,0,0
GokulPBaskota_201,CPN (UML),Gokul Baskota,Gokul Baskota,11/20/2023,3:28:24,तोलाको जिब्रो फटकार्नु भन्दा धार्नीको टाउको हल्लाउनु बेस भन्थे बुढापाकाले हो रैछ जस्तो लाग्न थाल्या छ।न सुनाएर कोही आफुसंग सहमत भयो भन्ने भ्रममा बस्नु पर्यो न अरुको कुरा सुनेर आफु भ्रमित हुनु पर्यो।नपाउनेको दुख बुझिन्छ  तर पाउनेहरुको  दुखको रहस्य स्वार्थ र फगत स्वार्थ मात्र हो।,192,25,79,0,0
GokulPBaskota_202,CPN (UML),Gokul Baskota,Gokul Baskota,11/18/2023,1:56:42,"यति बलियो गठबन्धन सरकाकारले जम्मा दुई जिल्लाका भुइॅंचालो पीडीत जनतालाई समेत सेवा दिन सकेन।कोभिडमा दुई बित्दा महामन्त्रीद्वयअर्ती अहिले दुई बाँसेघरको प्रचारमा ईतिश्री भएछ।माघ लाग्न के आँट्याछ,सरकारलाई लावण्य देशको बुख्याँचाले तर्सायो रे! सरकार भन्दा लोकतन्त्रवादी जनता छन नेपालमा।",228,51,26,0,0
GokulPBaskota_203,CPN (UML),Gokul Baskota,Gokul Baskota,11/16/2023,5:48:53,के हो आकाशे यात्रा,5,0,1,0,0
GokulPBaskota_204,CPN (UML),Gokul Baskota,Gokul Baskota,11/16/2023,5:43:56,सै हो,1,0,0,0,0
GokulPBaskota_205,CPN (UML),Gokul Baskota,Gokul Baskota,11/16/2023,4:56:01,हो जस्तै लाग्यो,1,0,0,0,0
GokulPBaskota_206,CPN (UML),Gokul Baskota,Gokul Baskota,11/15/2023,13:11:11,"कुनै नेपाली मिडीयाको सम्पदकीयमा मेल खान गएमा संयोग मात्र हुनेछ-नागरीक स्वतन्त्रता खुम्च्याउने कसरत,हिजो।टिकटकको उन्माद नियमन कहिले?अहिले।चीन,इरान,सिरीया,उत्तर कोरीया,तुर्किएमा त एक्स,ह्वाट्सएप मेटा पनि चल्दैन भन्ने सुन्या छु।कानुन अनुरुपको नियमन लोकतन्त्र हो कि आदेशात्मक बन्देज?",171,27,5,0,0
GokulPBaskota_207,CPN (UML),Gokul Baskota,Gokul Baskota,11/15/2023,12:34:14,हा हा त्यो बजारको कमाल हो किन्दा सल्लाह भएन।,3,0,1,0,0
GokulPBaskota_208,CPN (UML),Gokul Baskota,Gokul Baskota,11/15/2023,6:58:39,बहिनीबाट भाई टिका ग्रहण गरियो।,387,9,21,0,0
GokulPBaskota_209,CPN (UML),Gokul Baskota,Gokul Baskota,11/13/2023,11:18:33,"सरकारले टिकटक बन्द गर्ने निर्णय लिएछ।स्वस्थ ब्यक्तिगत मनोरन्जन,श्रृजनात्मक काम गर्न पाउने र क्टेन्ट फिल्टर गर्ने कानुन बनाएर सो प्लेटफर्मले नेपालको आर्थिक कानुन मान्ने बनाएको भए हुन्थ्यो ।तर बन्दै गरीदिदा गगन-विश्व र प्रचण्डलाई लोकतन्त्र खतरामा परेको नलागेमा मेरो आपत्ति रहेन!",427,77,43,0,0
GokulPBaskota_210,CPN (UML),Gokul Baskota,Gokul Baskota,11/13/2023,4:01:26,"शुभ बिहानी,बाल कलाकार आयुषा गौतम र युवराज चौलागाईसंग भुम्लु एमाले काभ्रेको देउसी भैलीमा।",190,8,9,0,0
GokulPBaskota_211,CPN (UML),Gokul Baskota,Gokul Baskota,11/13/2023,3:29:16,चुप हैन गलतलाई गलतै भन्ने हो।,0,0,0,0,0
GokulPBaskota_212,CPN (UML),Gokul Baskota,Gokul Baskota,11/13/2023,3:26:02,समयले बताउला अब नागरीक पत्रकारीता आईसक्यो हाते सम्पादक हुन मालिक चाहिदैन मोवाएल भए पुग्छ।,1,0,0,0,0
GokulPBaskota_213,CPN (UML),Gokul Baskota,Gokul Baskota,11/13/2023,3:23:49,यो सम्झने मन छ म बिर्सु कसोरी ?केही छैन त्यो मेरो समस्या थिएन।,2,0,1,0,0
GokulPBaskota_214,CPN (UML),Gokul Baskota,Gokul Baskota,11/13/2023,3:22:04,जरुरी छ त्यो काम कानुन ड्राफ्ट भैसक्या हो,0,0,1,0,0
GokulPBaskota_215,CPN (UML),Gokul Baskota,Gokul Baskota,11/13/2023,3:20:16,त्यो आशा म राख्दिन जे ठीक हो त्यो गर्ने हो भन्ने हो,1,0,0,0,0
GokulPBaskota_216,CPN (UML),Gokul Baskota,Gokul Baskota,11/13/2023,3:10:02,हा हा म बोलीन।,2,0,0,0,0
GokulPBaskota_217,CPN (UML),Gokul Baskota,Gokul Baskota,11/13/2023,3:09:02,तर कुनै पनि वाद विचार र ब्यबहारको आधारभूत प्रणाली हो।,2,0,1,0,0
GokulPBaskota_218,CPN (UML),Gokul Baskota,Gokul Baskota,11/13/2023,2:36:26,सत्ता संक र अयोग्ता ढाक्न हो त्यो,0,0,1,0,0
GokulPBaskota_219,CPN (UML),Gokul Baskota,Gokul Baskota,11/13/2023,2:34:44,मन परो गज्जब,1,0,0,0,0
GokulPBaskota_220,CPN (UML),Gokul Baskota,Gokul Baskota,11/13/2023,1:17:00,"यो सप्तरंगी पर्वमा देशकै टाइकुन मिडीयाका संचारकर्मी मालिकद्वारा निकालिएको सुन्दा दुख लाग्यो।हिजो,श्रमसुरक्षाका लागि नियुक्ति र न्युनतम पारिश्रमिक पत्र अनिवार्य हुनु पर्छ भन्दा मैले खेदाई खाए।बिवेकको मृत्युको जगमा चुलिने पुँजीवादले श्रमिकको पसिनाको मुल्य थाहा नपाउनु उस्को दोष हैन।",173,30,14,0,0
GokulPBaskota_221,CPN (UML),Gokul Baskota,Gokul Baskota,11/12/2023,11:49:56,"त्यो साहित्य मेरो होईन,जस्ले कुनै पनि देशको मौलिक सभ्यातामाथि हस्तक्षेप गरोस बरु नेपाली मौलिक सभ्यता किन कम्जोर बन्दै छ भन्ने कुरा गरेको हो।मनोबैज्ञानिक युद्ध कट्टरपन्थी र साम्राज्यबादीको आधुनिक बिशेष्ता हो।",0,0,1,0,0
GokulPBaskota_222,CPN (UML),Gokul Baskota,Gokul Baskota,11/12/2023,5:21:48,"गाई पल्ने,पुजा गर्ने,दुध खाने,बाच्छी पाए पाल्ने तर बाच्छो पाए घांसपरालको त्यान्द्रो पनि टिप्न नपाउदै सडकमा लखेट्ने हामी नै हो।कुकरलाई अरुको दैलोमा लगेर फोहोर गराउने हामी नै हो।अनि तीन हात उफ्रेर छाडा जनावरको संरक्षण खै भन्ने हामी नै हो।धर्म,संस्कृति र सभ्यताको रक्षा यसैगरी होला?",238,26,22,0,0
GokulPBaskota_223,CPN (UML),Gokul Baskota,Gokul Baskota,11/11/2023,5:05:45,कुनै दिदीबहिनीको हात र दाजुभाईको निधार खाली नहोस।स्वदेश बिदेशमा रहेका नेपपालीहरुको मन गोदावरी र सयपत्री फूल झै फक्रियोस।मष्तिष्क शरद ऋतुको आकाश झै सफा र क्षितितसम्म देख्न सक्ने होस।२०८० को दिपावली र न्यॅुदया भिन्तुना ११४४ को हार्दिक मङगलमय शुभकामना!शुभकामना!!शुभकामना!!!,166,20,7,0,0
GokulPBaskota_224,CPN (UML),Gokul Baskota,Gokul Baskota,11/10/2023,2:27:24,भुकम्प र पराकम्पबाट पीडीत जनताको राहत र सुरक्षाको चर्चा चलिरहेको बेला राजनीतिक बजारमा भने गणतन्त्रको विकल्पको बहस चुलिएको रहेछ।जनता न दल कसैले मागेको न चाहेको संरचना बारे म पुरातनवादी नै छु।तर विकल्पवादीलाई सोध्छु-दुईतिहाई ल्याउने संबिधान फेर्ने।सक्छौ त ?बेला न कुबेला बंजी न्यला।,175,27,37,0,0
GokulPBaskota_225,CPN (UML),Gokul Baskota,Gokul Baskota,11/9/2023,1:52:18,"जर्जसोरस संकटमा परेको खबर सुन्या तीन महिना पनि भाथेन।यता गोरेसेतेपाटीहरुले दुनियांलाई चकित पार्ने गरी कर्कोरेट र डोनेट प्रभावी फेकन्युज प्रोडक्सन फ्याक्टरी बन्द गरेर निष्पक्षे न्युज बेच्ने भनि नयां कला उघोग सुरू गर्ने घोषणा पो गरिसकेछन।हैट ,ब्यापारिक कला चै खत्रै जान्या हुन।",543,134,52,0,0
GokulPBaskota_226,CPN (UML),Gokul Baskota,Gokul Baskota,11/9/2023,0:14:25,पक्कै,1,0,1,0,0
GokulPBaskota_227,CPN (UML),Gokul Baskota,Gokul Baskota,11/9/2023,0:13:19,"म जान्न दाजु कमरेड,यसर्थ कि म पिपलपाते राजनीति र नौटंकी मन पराउन्न ।",2,0,0,0,0
GokulPBaskota_228,CPN (UML),Gokul Baskota,Gokul Baskota,10/16/2023,14:20:34,आजको दिन रमाईलो भेटघाट रेडियो नेपालका कर्मचारी साथीहरुसंग।,89,11,3,0,0
GokulPBaskota_229,CPN (UML),Gokul Baskota,Gokul Baskota,10/14/2023,7:29:14,"जहां ढुङगो खस्छ,त्यै प्रचण्ड पथ हो।कोशीबारे प्रचण्डको ताजा बयानले सोही प्रमाणीत भयो रे।आखिर, ग्लोरीफाई पनि एक कला रहेछ।",217,29,15,0,0
GokulPBaskota_230,CPN (UML),Gokul Baskota,Gokul Baskota,10/13/2023,7:55:23,संयुक्त राष्ट्र संघले इजराईल- प्यालेष्टाईको स्थायी समाधान टु नेसन थ्यौरी रिजोलुशन भनेकै हो।त्यो नमानेपछि निर्दोष माकिने गरी भएका हला खेदजनक नै हुन।हमास लडाकुको हमला आतंककारी हो र प्यालेष्टी राज्य स्थापनाको बिषय सही हो।युध्द निर्यात शक्तिशालीहरुको नियमित खेलमा नेपाल पर्नु हुदैन।,87,15,3,0,0
GokulPBaskota_231,CPN (UML),Gokul Baskota,Gokul Baskota,10/13/2023,7:46:18,दाजुको दशैं कता हो ?हाहा!,3,0,1,0,0
GokulPBaskota_232,CPN (UML),Gokul Baskota,Gokul Baskota,10/12/2023,12:44:05,"प्रतिनिधीसभामा परमादेश गराउन उध्दत रहेर सत्ता कब्जा गर्दा खुशीले बाह्रहात उफ्रेर नाच्नेहरु कोशीमा उही प्रकृतिको संकट पुनराबृत हुंदा किन धरधरी रोएका होलान?अब देखो रमिता!जे रोप्यथ्यौ,त्यही फल्यो,के फरक पर्यो त?",250,46,11,0,0
GokulPBaskota_233,CPN (UML),Gokul Baskota,Gokul Baskota,10/8/2023,11:47:09,२०० रुपैयाँ को विल तिर्न अझै ८०० देखि १००० खर्च गर्दैछ्न उपभोक्ताहरू,150,21,7,0,0
GokulPBaskota_234,CPN (UML),Gokul Baskota,Gokul Baskota,10/8/2023,11:44:24,"विद्युत प्राधिकरण उत्पादक पनि आफै , व्यापार प्रवर्द्धक पनि आफै नियमन कर्ता पनि आफै र लाइसेन्स जारी कर्ता पनि आफै",113,19,4,0,0
GokulPBaskota_235,CPN (UML),Gokul Baskota,Gokul Baskota,10/8/2023,11:34:16,विद्युत विधेयक २०८०  काशी जानु कुत्तीको बाटो समातेर आयो,43,12,0,0,0
GokulPBaskota_236,CPN (UML),Gokul Baskota,Gokul Baskota,10/4/2023,4:42:13,"बिशाल बृक्षको डालीमा पनि चरा बस्दा र उड्दा दुई पटक हलचल उत्पन्न हुन्छ तर डाली भांचिदैन।अहिले पार्टीकै साथीहरु खुईल्याउन सक्रिय केही साथीहरु पार्टीलाई वास्तविक संकट पर्दा र विपक्षीसंग लड्दा कति सक्रिय थिए त?डिष्ट्रक्टिव चेतना कहिल्यै कन्ट्रक्टिव नहुने रहेछ।र,यो समयको अन्त होईन।",155,24,9,0,0
GokulPBaskota_237,CPN (UML),Gokul Baskota,Gokul Baskota,10/1/2023,1:51:15,"कुनै पनि घटना प्रभावित भएर संगसंगै हिडेका साथीहरु प्रति त्यति मात्र टिप्पणी गर्नु ताकि भोली पनि संगसंगै हिड्ने परिबेश जीवन्तै रहोस।उग्रता एमालेले छोडेको चारदशक भैसक्यो।चुनाब भएपछि कोही जित्छ हार्छ।र,त्यो स्थाई होईन।लक्ष्य स्थाई हो।",247,36,24,0,0
GokulPBaskota_238,CPN (UML),Gokul Baskota,Gokul Baskota,9/29/2023,3:17:25,"मेरो आधिकारीक  ब्याख्याता म मात्र हुं अरु होईन।र,फाईनल्ली भन्छु - म धागो छिनेको चंगा होईन।",253,38,38,0,0
GokulPBaskota_239,CPN (UML),Gokul Baskota,Gokul Baskota,9/27/2023,4:31:41,राजनितीमा पुरा गर्न नसकिने आश्वासन कसैले कसैलाई नदिएकै राम्रो।कुनै समय त्यो कला मानिन्थ्यो होला।तर आजको खुल्ला समाजमा त्यो  जाली कुरा मानिन्छ।बरु तत्काल रिस उठे पनि हाकाहाकी पन नै ठीक लाग्छ ओ!बिछट्टै !,319,53,44,0,0
GokulPBaskota_240,CPN (UML),Gokul Baskota,Gokul Baskota,9/24/2023,10:46:46,"मनमोहन अधिकारी प्र म हुदा स्थापना भएको शदीद गंगालाल अस्पतालको सरल,भरपर्दो उपचार सफा वाताबरणमा दुई हप्ता देखि लिईयो आजै मात्र एक हजार जनाले सेवा लिएका छन।यो तहसनहस पार्न कोही नलागुन अनेक लफडा झिकेर।खुसी पछिको एक क्लीक हालि दिएं है।",534,35,51,0,0
GokulPBaskota_241,CPN (UML),Gokul Baskota,Gokul Baskota,9/21/2023,13:04:58,मेयरले महावीर पुनलाई पनि आविष्कारमा जिती दिए।अब गठेले तक्मा देला भन्ने आशा छ।,1,0,0,0,0
GokulPBaskota_242,CPN (UML),Gokul Baskota,Gokul Baskota,9/21/2023,12:43:11,"विध्यालय शिक्षामा कानुनी सुधार गर्न सरकारले विधेयक पेश गरेपछि सर्वजनिक,नीजी र उच्च माविमा अलपत्र परेका सबै शिक्षक संगठनहरु ब्यापक बिरोधमा उत्रेका छन।शैक्षिक गुणस्तर,पेशागत र लगानीको सुरक्षा र शिक्षामा सबैको सरल पहुंच राज्यले सुनिश्चित गर्न सक्नु पर्छ।विधेयक हेर्दा उॅंट जस्तो छ।",115,22,10,0,0
GokulPBaskota_243,CPN (UML),Gokul Baskota,Gokul Baskota,9/20/2023,14:51:55,अब गठेले कब्जियत बिदा दिन बंाकी रह्यो भन्दा कसो होला?,4,2,1,0,0
GokulPBaskota_244,CPN (UML),Gokul Baskota,Gokul Baskota,9/20/2023,14:38:43,समाजबाद ल्याउने काईदा,1,1,1,0,0
GokulPBaskota_245,CPN (UML),Gokul Baskota,Gokul Baskota,9/18/2023,14:51:44,नारी शक्ति र महत्वको अनुभव भोगियो भनौ न सर।,3,0,1,0,0
GokulPBaskota_246,CPN (UML),Gokul Baskota,Gokul Baskota,9/18/2023,14:46:21,दक्षिणी तातोले हावाले सेकिएर अमेरिका पुगेका प्रमले चीन पुग्दा चिसो चढ्दै गरेको पश्चिमी हावाको झोक्का सहलान?सके भने उनले चीनको महत्वाकांक्षी योजना बिआरआई कार्यन्वयनमा सही गर्लान।अन्यथा काठमाण्डौं ओर्लदा उनको हालत  रंग बदलेर सिंहको बथानमा छिरेको छट़टु स्यालको जस्तो हुनेछ।त्यसपछि….,233,32,24,0,0
GokulPBaskota_247,CPN (UML),Gokul Baskota,Gokul Baskota,9/18/2023,8:47:33,हो नि,1,1,0,0,0
GokulPBaskota_248,CPN (UML),Gokul Baskota,Gokul Baskota,9/18/2023,8:46:21,पर्सीलाई मात्र निम्ता भो हजुर,4,0,0,0,0
GokulPBaskota_249,CPN (UML),Gokul Baskota,Gokul Baskota,9/18/2023,4:34:08,पुरुषहरुको पुरुषार्थ  तिजको दिन आफैले चिया कफी बनाएर दिनै पर्ने दशजना पाहुना घरमा आएका दिन नराम्ररी धुलिसात हुने रहेछ। सबै नेपाली दिदीबहिनीहरुलाई यो सालको तिजको धेरै धेरै शुभकामना!!!,261,37,31,0,0
GokulPBaskota_250,CPN (UML),Gokul Baskota,Gokul Baskota,9/15/2023,12:10:14,राजनीतिक मौसम प्रतिकुल भएकोले अनसन शिरोमणीको अनसन नै स्थगीत भएछ।नो न्युज इज गुड न्युज भन्थे हो पो रहेछ!,275,46,29,0,0
GokulPBaskota_251,CPN (UML),Gokul Baskota,Gokul Baskota,9/12/2023,0:06:20,"हिजो दिउसो उहाको कार्यकक्षमा भेट्न गॅंएको थिए तर  उहाको ब्यस्तताले भेट हुन सकेन। बिहान बिहान अकल्पनिय खबर सुन्नु पर्यो केही बोल्नै सकिएन।निशब्द ! अल विदा कमरेड सुबास नेम्मांग,भावपुर्ण श्रद्दान्जली!!!",261,32,44,0,0
GokulPBaskota_252,CPN (UML),Gokul Baskota,Gokul Baskota,9/10/2023,4:04:53,हिजो पालिका अधिवेशन उदघाटन गर्नु भो।,2,0,0,0,0
GokulPBaskota_253,CPN (UML),Gokul Baskota,Gokul Baskota,9/10/2023,2:21:16,पन्चायती शाशन बिरुद्दको प्रतिरोधी केन्द्र पिस्कर र त्यस आन्दोलनका नेता कमरेड अमृत बोहोराको घरमा हिजो।वीरयोद्दा ईले थामी र वीरबहादुर थामीको स्मारकमा पुष्पगुच्छा अर्पण सहित अभिवादन पनि नेता र कार्यकर्ता सबैले गर्यौ।,141,14,5,0,0
GokulPBaskota_254,CPN (UML),Gokul Baskota,Gokul Baskota,9/8/2023,11:11:35,जनमत र कानुनीराज नै स्थापीत गर्नु पर्छ,0,0,0,0,0
GokulPBaskota_255,CPN (UML),Gokul Baskota,Gokul Baskota,9/7/2023,9:35:07,"काग्रेस सहमहामन्त्री महेन्द्र यादवमाथिको सांघातिक आक्रमण निन्दनीय छ।तर हिंसा सत्ता संरक्षणमा मौलाएको हो।प्राध्यापक चलाउनेमाथिका हमलाकारीलाई सरकारी माफि र एमाले अध्यक्ष केपी ओली र सचिब भट्टराई माथिका आक्रमण माथि सरकारी मौनता यस्का रुट कज हुन।काग्रेस तातेको छ,तर अडिन्छ कति ?शंका छ।",358,67,47,0,0
GokulPBaskota_256,CPN (UML),Gokul Baskota,Gokul Baskota,9/3/2023,15:21:22,Ok,1,0,0,0,0
GokulPBaskota_257,CPN (UML),Gokul Baskota,Gokul Baskota,9/3/2023,13:26:36,धन्यवाद,0,0,0,0,0
GokulPBaskota_258,CPN (UML),Gokul Baskota,Gokul Baskota,9/3/2023,12:22:02,जुगलको उच्च लेकाली आलु र मौसमी निगुरो पसल गठ्ठाघरमा सन्चालक पुर्व जिसस उपप्रमुख बालकुमारी नेपाल र जुगल पलिकाकाकी पुर्व उपाध्यक्ष श्रृजना तामागंसंग एक क्लिक।,177,17,8,0,0
GokulPBaskota_259,CPN (UML),Gokul Baskota,Gokul Baskota,9/2/2023,1:30:49,प्रम प्रचण्ड भारत जानु अधि भारतले नेपालका केही भूभाग समेटेर अखण्ड भारतको नक्शा ल्यायो।प्रमले भने-सम्बन्धका कारण म बोलिन।अहिले प्रमको चीन भ्रमणको मुखैमा चीनले नेपालको पछिल्लो नक्शालाई वास्तै नगरी आफ्नो नक्शा ल्यायो।के प्रम त्यहा पनि मौन?सम्बन्धका नाममा चेपुवामा देश हुन सक्दैन।,280,46,20,0,0
kpsharmaoli_0,CPN (UML),kpsharmaoli,K P Sharma Oli,11/14/2023,11:52:06,प्रख्यात बाल साहित्यकार आदरणीय शान्तदास मानन्धरको निधनको खबरले दुःखित छु । दिवंगत मानन्धरप्रति श्रद्धाञ्जली अर्पण गर्दै शोकाकुल परिवारजनमा गहिरो समवेदना व्यक्त गर्दछु।,224,19,133,0,856000
kpsharmaoli_1,CPN (UML),kpsharmaoli,K P Sharma Oli,11/14/2023,6:11:32,"न्हूदँया भिंतुना !!
नेपाल सम्बत ११४४ को पहिलो दिन आज । तिहारको गोवर्धन पूजा र काठमाडौँ उपत्यकामा प्रख्यात म्ह: पूजा पनि आजै । 
सबैलाई शुभकामना !",215,18,8,0,856000
kpsharmaoli_2,CPN (UML),kpsharmaoli,K P Sharma Oli,11/12/2023,17:39:18,आज लक्ष्मीपूजा !!! आजै महाकवि लक्ष्मीप्रसाद देवकोटाको ११४ औं जन्मजयन्ती । जहिले पढ्दा पनि उत्तिकै ताजा कालजयी रचनाका सर्जक महाकवि देवकोटाप्रति सम्मान र श्रद्धा !!!,628,29,17,0,856000
kpsharmaoli_3,CPN (UML),kpsharmaoli,K P Sharma Oli,10/17/2023,11:15:15,"जनताको सुरक्षाको पहरेदार प्रहरी, 
प्रहरीको नामले नै कर्तव्यबोध गराउँछ । 
कर्तव्य पालनाको सिलसिलामा दिवंगत हुनु भएका अमर प्रहरीहरुप्रति हार्दिक श्रद्धा व्यक्त गर्दछु । नेपाल प्रहरीले व्यवसायिक दक्षता बढाउन अझै सफलता प्राप्त गरोस्, ६८औं प्रहरी दिवस २०८०को हार्दिक शुभकामाना !",193,7,10,0,856000
kpsharmaoli_4,CPN (UML),kpsharmaoli,K P Sharma Oli,10/17/2023,9:27:32,"नेपालको इतिहास, संस्कृति र पुरातत्त्वका ज्ञाता इतिहासकार चित्तरञ्जन नेपालीको निधनको खबरले अत्यन्त दुःखी छु । दिवंगत नेपालीप्रति भावपूर्ण श्रद्धासुमन अर्पण गर्दै शोकाकुल परिवारजनमा गहिरो समवेदना व्यक्त गर्दछु ।",117,7,3,0,856000
kpsharmaoli_5,CPN (UML),kpsharmaoli,K P Sharma Oli,10/12/2023,14:27:23,जीतपुर सिमरा उपमहानगरपालिकाका निवर्तमान प्रमुख एवम् हाम्रो पार्टीका मधेस प्रदेश कमिटीका सचिव डा. कृष्णप्रसाद पौडेलको निधनको खवरले अत्यन्त दु:ख लागेको छ । दिवंगत पौडेलप्रति भावपूर्ण श्रद्धाञ्जली अर्पण गर्दछु । शोकाकुल परिवारजनमा गहिरो समवेदना व्यक्त गर्दछु ।,168,15,25,0,856000
kpsharmaoli_6,CPN (UML),kpsharmaoli,K P Sharma Oli,5/9/2023,6:55:34,"नेपाली कम्युनिष्ट आन्दोलनका पहिलो पुस्ताका नेता, आदरणीय वसन्त गौचनको निधनको खबरले अत्यन्त दुःखित छु। दिवंगत नेता गौचनप्रति भावपूर्ण श्रद्धाञ्जली अर्पण गर्दछु। शोकाकुल परिवारजनमा गहिरो समवेदना प्रकट गर्दछु।",226,23,37,0,856000
kpsharmaoli_7,CPN (UML),kpsharmaoli,K P Sharma Oli,5/5/2023,7:53:09,"उभौली पर्व एबं चण्डी पूर्णिमाको अवसरमा सम्पूर्ण दिदीबहिनी तथा दाजुभाइहरुमा सुस्वास्थ्य सुख, समृद्धि तथा प्रगतिको हार्दिक शुभकामना व्यक्त गर्दछु।",196,14,45,0,856000
kpsharmaoli_8,CPN (UML),kpsharmaoli,K P Sharma Oli,5/5/2023,6:21:08,"मानव समाजलाई सर्वाधिक प्रभावित पार्ने महान दार्शनिक तथा दुनियाँमा वैचारिक हेरफेर ल्याउने विचारक कार्ल मार्क्सको २०६ औं जन्मजयन्तीको अवसरमा सम्मानका साथ श्रद्धा व्यक्त गर्दछु।
Sketch: The New Republic",289,23,57,0,856000
kpsharmaoli_9,CPN (UML),kpsharmaoli,K P Sharma Oli,5/5/2023,5:11:04,"बुद्ध जयन्तीको पावन अवसरमा सबैको कल्याण होस्, सबैको मंगल होस्, सबैमा शान्ति र सुख प्राप्ति होस् । हार्दिक शुभकामना !",354,23,59,0,856000
kpsharmaoli_10,CPN (UML),kpsharmaoli,K P Sharma Oli,4/21/2023,13:42:12,"खेल  एक, बधाई  तीन ।
पहिलो बधाई नेपाली क्रिकेट टिमलाई ओमन बिरुद्धको खेल जितेकोमा!!!
दोस्रो बधाई सन्दिप लामिछानेलाई, ओडिइ क्रिकेटमै 100 औं विकेट लिएर विश्व कीर्तिमान राखेकोमा !!!
अनि तेस्रो कुशल मल्लको कीर्तिमानी शतकको लागि !!!",1800,137,89,0,856000
kpsharmaoli_11,CPN (UML),kpsharmaoli,K P Sharma Oli,4/6/2023,7:59:14,"दिवंगत मोहनप्रसाद अधिकारीप्रति हार्दिक श्रद्धाञ्जली अर्पण गर्दछु, उहाँका छोरीहरू लगायत परिवारजनमा गहिरो समवेदना व्यक्त गर्दछु। पञ्चायती निरंकुश प्रशासनले जेल सार्ने बहानामा मलाई मार्न प्रयास गरेका बेला उहाँले बचाउनु भएको त्यो क्षण म आज सम्झिरहेको छु।",200,7,14,0,856000
kpsharmaoli_12,CPN (UML),kpsharmaoli,K P Sharma Oli,4/6/2023,7:59:13,"अलविदा मोहनप्रसाद अधिकारीजी !
मेरो जेल जीवनमा मृत्युबाट समेत बचाएर सहयोग पुऱ्याउने मेरा मित्र मोहनप्रसाद अधिकारीको ८९ वर्षको उमेरमा आज निधन भएको खबरले म अत्यन्त दुखित छु।",667,35,183,0,856000
kpsharmaoli_13,CPN (UML),kpsharmaoli,K P Sharma Oli,3/26/2023,14:37:22,"मैले आफ्ना विगतका भोगाइहरु नयाँ पुस्तालाई क्रमशः सुनाउने  विचारमा नयाँ युट्युब च्यानल सुरु गरेको छु। हेर्नुस्, सुन्नुहोस् र सुझाव दिनुहोस् है?",745,57,178,0,856000
kpsharmaoli_14,CPN (UML),kpsharmaoli,K P Sharma Oli,3/24/2023,1:38:16,"नेपाली रेडियोको इतिहासमा बिर्सिन नसकिने आवाजको नाम,  कृष्णा ताम्राकार । उहाँलाई  केही दिनअघि सम्मान गर्ने अवसर जुरेको थियो। उहाँको निधनको खबरले अत्यन्त दुःखी छु, हार्दिक श्रद्धाञ्जली, कृष्णा ताम्राकार जी !
शोकाकुल परिवारजनमा गहिरो समवेदना !",1000,55,89,0,856000
kpsharmaoli_15,CPN (UML),kpsharmaoli,K P Sharma Oli,11/21/2022,0:19:16,"नुवाकोटको हर्कपुरको सुर्योदयसँगै शुभ प्रभात!

फोटो : सुरेश भण्डारी",688,40,122,0,856000
kpsharmaoli_16,CPN (UML),kpsharmaoli,K P Sharma Oli,11/18/2022,12:52:17,"अन्तर्राष्ट्रिय एकदिवसीय क्रिकेटमा नेपालले युएईलाई छ विकेटले पराजित गरी यो सिरिज २-१ ले  जितेको छ । नेपाली क्रिकेट टिमलाई धेरैधेरै बधाई ! हामी सबैलाई बधाई !!
फोटो स्रोत: नेपालप्रेस",536,25,24,0,856000
kpsharmaoli_17,CPN (UML),kpsharmaoli,K P Sharma Oli,11/18/2022,11:24:20,"आज मेरा बुबाको जन्मदिन, 
बुबासँग म।",2000,107,267,0,856000
kpsharmaoli_18,CPN (UML),kpsharmaoli,K P Sharma Oli,11/17/2022,18:00:16,"२ मत थप्ने, ५ मत सुरक्षा गर्ने। प्रचारको समय सकियो। अब मत सुरक्षामा केन्द्रित हुनुहोस्। चार वटै मत पत्रको सूर्य चिन्हमा पालैपालो स्वस्तिक छाप लगाउनुहोस्।",434,61,64,0,856000
kpsharmaoli_19,CPN (UML),kpsharmaoli,K P Sharma Oli,11/17/2022,8:37:06,"सबै सदर - शून्य बदर, 
हडबड नगरी मतदान गरौं ।
सूर्यमा मतदान !",536,65,82,0,856000
kpsharmaoli_20,CPN (UML),kpsharmaoli,K P Sharma Oli,9/16/2022,18:48:56,महिला साफ च्याम्पियनसिप फुटबलको सेमिफाइनलमा साविक विजेता भारतलाई परास्त गर्दै विजय हासिल गर्न सफल नेपाली महिला फुटबल टिमलाई हार्दिक बधाई ! फाइनल खेलमा भव्य विजयको शुभकामना !,1100,45,51,0,856000
kpsharmaoli_21,CPN (UML),kpsharmaoli,K P Sharma Oli,9/13/2022,14:45:24,आउनुहोस् संविधान दिवसको उत्सवलाई यस पटक सँगसँगै मनाऔं।,855,110,96,0,856000
kpsharmaoli_22,CPN (UML),kpsharmaoli,K P Sharma Oli,9/4/2022,8:05:16,नेकपा (एमाले)का उपाध्यक्ष कमरेड रामबहादुर थापाकी ममतामयी आमा नन्दकुमारी थापामगरको निधनको खबरले मलाई दुखित तुल्याएको छ। दिवंगत आमाप्रति भावपूर्ण श्रद्धाञ्जलि अर्पण गर्दै कमरेड रामबहादुर थापा लगायत शोक सन्तप्त सम्पूर्ण परिवार र आफन्तजनहरुमा गहिरो समबेदना व्यक्त गर्दछु ।,1000,68,149,0,856000
kpsharmaoli_23,CPN (UML),kpsharmaoli,K P Sharma Oli,8/21/2022,2:33:06,"चिन्तनशील राजनीतिकर्मी, मित्र प्रदीप गिरिको निधनबाट मर्माहत भएको छु । उहाँप्रति हार्दिक श्रद्धासुमन अर्पण गर्दै शोकाकुल परिवारजनमा गहिरो समवेदना व्यक्त गर्दछु ।",1700,80,101,0,856000
kpsharmaoli_24,CPN (UML),kpsharmaoli,K P Sharma Oli,7/8/2022,10:56:07,My thoughts and heartfelt condolences go to his bereaved family in this sorrowful time.,339,19,4,0,856000
kpsharmaoli_25,CPN (UML),kpsharmaoli,K P Sharma Oli,6/22/2022,14:37:25,नेपाल मजदुर किसान पार्टीका अध्यक्ष एवम् मेरा मित्र नारायणमान बिजुक्छेलाई पत्नीशोक परेको खबरले दुःखित छु । उहाँकी दिवंगत धर्मपत्नी शोभा प्रधानप्रति भावपूर्ण श्रद्धाञ्जली अर्पण गर्दछु। शोकमा पर्नु भएका नारायणमान जी र शोकाकुल परिवारजनमा गहिरो समवेदना प्रकट गर्दछु।,1200,83,153,0,856000
kpsharmaoli_26,CPN (UML),kpsharmaoli,K P Sharma Oli,6/21/2022,10:28:49,योगको महत्वका बारेमा जनचेतना अभिबृद्धि गर्ने र यसका सरल विधिहरुको जनसाधारणमा पहुँच पुर्याउने काममा यस दिवसलाई सबै तह र क्षेत्रले सार्थक बनाउन सकुन् भन्ने कामना गर्दछु ।,118,6,2,0,856000
kpsharmaoli_27,CPN (UML),kpsharmaoli,K P Sharma Oli,6/21/2022,10:28:48,"योग साधना हाम्रो प्राचीन सभ्यताको मौलिक उपज हो । तनाव, अवसाद, द्वेष, ईश्र्या र निन्दाका दुष्प्रभावबाट मुक्त गर्दै समाजलाई स्वस्थ, खुशी र सकारात्मक मनोचेतनाले डोर्याउन योगलाई मानव जीवनको अङ्ग बनाइनु पर्छ ।",162,9,12,0,856000
kpsharmaoli_28,CPN (UML),kpsharmaoli,K P Sharma Oli,5/30/2022,11:02:43,पोखराबाट जोमसोमकालागि १९ जना यात्रु लिएर उडेको तारा एयरको ९ एएनईटी विमान मुस्ताङको थसाङमा दुर्घटनाग्रस्त अवस्थामा फेला परेको खबरले अत्यन्त मर्माहत बनाएको छ। दुर्घटनामा ज्यान गुमाउनु भएका सबैमा भावपूर्ण श्रद्धासुमन अर्पण गर्दै विपत्तिमा परेका परिवारजनमा गहिरो समवेदना प्रकट गर्दछु।,1300,94,95,0,856000
kpsharmaoli_29,CPN (UML),kpsharmaoli,K P Sharma Oli,3/8/2022,0:35:22,"अन्तर्राष्ट्रिय श्रमिक महिला दिवस, संसारभरका महिलाहरुमा समानताको हक स्थापित गर्ने प्रेरणादायी दिवस हो। यस दिवसको सुखद अवसरमा स्वदेश तथा विदेशमा रहनुहुने सम्पूर्ण दिदीबहिनीहरुमा सुस्वास्थ्य, सुख र समृद्धिको हार्दिक शुभकामना व्यक्त गर्दछु।",1300,84,83,0,856000
kpsharmaoli_30,CPN (UML),kpsharmaoli,K P Sharma Oli,3/6/2022,14:13:32,वरिष्ठ वामपन्थी नेता कमरेड कृष्णराज बर्माको निधनको खबरले मलाई दुखित तुल्याएको छ । दिवंगत नेता बर्माप्रति भावपूर्ण श्रद्धाञ्जली अर्पण गर्दै शोकसन्तप्त परिवाजनप्रति गहिरो समवेदना व्यक्त गर्दछु। नेपालको कम्युनिस्ट आन्दोलनमा उहाँको योगदान अविस्मरणीय रहने छ ।,894,46,69,0,856000
kpsharmaoli_31,CPN (UML),kpsharmaoli,K P Sharma Oli,2/24/2022,14:43:54,नेपाली लोकगीत र अभिनय क्षेत्रका स्थापित कलाकार जयनन्द लामाको निधनको खबरले दुखित तुल्याएको छ। दिवंगत कलाकार जयनन्द लामाप्रति श्रद्धासुमन अर्पण गर्दै शोकसन्तप्त परिवारजनमा गहिरो समवेदना व्यक्त गर्दछु ।,1700,80,95,0,856000
kpsharmaoli_32,CPN (UML),kpsharmaoli,K P Sharma Oli,7/21/2021,2:14:23,"मुस्लिम समुदायको महान पर्व 
इद उल अजहा (बकर इद)
को अबसरमा 
सुख, शान्ति, सुस्वास्थ्यको 
हार्दिक शुभकामना व्यक्त गर्दछु ।",4200,247,202,0,856000
kpsharmaoli_33,CPN (UML),kpsharmaoli,K P Sharma Oli,5/26/2021,5:14:15,"किरात, सुनुवार, राई, लिम्बु र याक्खा समुदायको महान चाड उभौली पर्वको अवसरमा समस्त दिदीबहिनी तथा दाजुभाइहरुमा सुख, शान्ति, समृद्धि र आरोग्यको शुभकामना व्यक्त गर्दछु। कोभिड १९ महाव्याधिको विषम परिस्थितिमा स्वास्थ्य सावधानी अपनाएर आ–आफ्ना मौलिक पर्व मनाउन सबैमा हार्दिक आह्वान गर्दछु।",2900,200,365,0,856000
kpsharmaoli_34,CPN (UML),kpsharmaoli,K P Sharma Oli,5/16/2021,12:27:49,वरिष्ठ गीतकार तथा चलचित्र निर्देशक चेतन कार्कीको निधनको खबरले मलाई दुःखित तुल्याएको छ । गीतकार कार्कीप्रति भावपूर्ण श्रद्धासुमन अर्पण गर्दै शोक सन्तप्त परिवारजनप्रति गहिरो समवेदना प्रकट गर्दछु ।,1900,130,219,0,856000
kpsharmaoli_35,CPN (UML),kpsharmaoli,K P Sharma Oli,5/14/2021,15:06:24,तीनहजार जना अट्ने क्षमताको अहिलेसम्मको सबैभन्दा ठूलो गोदावरी सनराइज सम्मेलन केन्द्र उद्घाटन गरी विकास र आधुनिकीकरणको बाटोमा आज हामीले एक पाइला अघि बढाएका छौं ।कोभिड महामारीको बीचमै निर्माण कार्यलाई तीब्र रफ्तारमा अघि बढाएर सम्पन्न गर्न योगदान पुर्याउने सबैलाई धन्यवाद दिन चाहन्छु।,3100,369,888,0,856000
kpsharmaoli_36,CPN (UML),kpsharmaoli,K P Sharma Oli,5/14/2021,2:45:53,"इस्लाम समुदायको पवित्र पर्व ईदुल फित्रको अवसरमा स्वदेश तथा विदेशमा रहनु भएका इस्लाम धर्मावलम्बी दिदीबहिनी तथा दाजुभाइमा सुस्वास्थ्य, दीर्घायु र उत्तरोत्तर प्रगतिको हार्दिक शुभकामना व्यक्त गर्दछु।",3300,239,256,0,856000
kpsharmaoli_37,CPN (UML),kpsharmaoli,K P Sharma Oli,5/12/2021,3:49:39,नेकपा (एमाले)का केन्द्रीय सदस्य तथा बागमती प्रदेशसभा सदस्य माननीय पशुपति चौलागाईंको निधनको खबरले मलाई अत्यन्त दुःखित तुल्याएको छ । कमरेड पशुपति चौलागाईंप्रति भावपूर्ण श्रद्धासुमन अर्पण गर्दछु । शोकाकुल आफन्त र परिवारजनमा गहिरो समवेदना प्रकट गर्दछु ।,1400,111,215,0,856000
kpsharmaoli_38,CPN (UML),kpsharmaoli,K P Sharma Oli,5/10/2021,5:10:32,"यस्तो अवस्थामा आन्तरिक मतभेद वा असन्तुष्टि केही भए आपसी छलफलबाट समाधान गर्न सकिने नै छ। तसर्थ, हतारोमा कुनै पनि अनुचित निर्णयमा जान वाञ्छनीय नहुने कुरामा म सबै माननीयज्यूहरूको ध्यानाकर्षण गराउन चाहन्छु। आउनुस्, केही समस्या भए सँगै बसौं, छलफल गरौं र समाधान गरौं ।",1200,168,162,0,856000
kpsharmaoli_39,CPN (UML),kpsharmaoli,K P Sharma Oli,5/6/2021,9:49:16,मूर्धन्य गायक प्रेमध्वज प्रधानको असामयिक निधनको खबरले मलाई दुःखी तुल्याएको छ । दिवंगत प्रधानप्रति भावपूर्ण श्रद्धाञ्जलि अर्पण गर्दै शोकसन्तप्त परिवारजनमा गहिरो समवेदना प्रकट गर्दछु । नेपाली गीसंगीतको क्षेत्रमा उहाँको योगदान सदा स्मरणीय रहने छ ।,2600,196,173,0,856000
kpsharmaoli_40,CPN (UML),kpsharmaoli,K P Sharma Oli,5/6/2021,8:13:06,"राष्ट्रिय समावेशी आयोगका सदस्य 
माननीय श्री रामचन्द्र जोशीको असामयिक निधनको खवरबाट दुःखित छु। 
उहाँप्रति भावपूर्ण श्रद्धाञ्जलि व्यक्त गर्दै
शोकाकुल परिवारजनमा गहिरो समवेदना प्रकट गर्दछु ।",820,50,81,0,856000
kpsharmaoli_41,CPN (UML),kpsharmaoli,K P Sharma Oli,5/1/2021,4:45:02,मे दिवसकाे उपलक्ष्यमा हार्दिक शुभ कामना !!,1100,60,136,0,856000
kpsharmaoli_42,CPN (UML),kpsharmaoli,K P Sharma Oli,4/26/2021,5:32:59,"नेपाली राजनीतिका सम्मानित अग्रज, नेकपा (एमाले)का पहिलो अध्यक्ष, नेपालका पहिलो कम्युनिस्ट प्रधानमन्त्री मनमोहन अधिकारीको २३ औं स्मृति दिवसका अवसरमा उहाँप्रति हार्दिक श्रद्धासुमन अर्पण गर्दछु ।",1700,86,101,0,856000
kpsharmaoli_43,CPN (UML),kpsharmaoli,K P Sharma Oli,4/25/2021,4:52:05,"नेपाल,मलेसिया र नेदरल्याण्डबीच सम्पन्न त्रिदेशीय अन्तर्राष्ट्रिय टि-२०  क्रिकेट प्रतियोगिताको फाईनल खेलमा नेपालले नेदरल्यान्डलाई १४२ रनको विशाल अन्तरले पराजित गरी ११ वर्षको इतिहास  तोड्दै शानदार बिजय हासिल गरेकोमा नेपाली राष्ट्रिय क्रिकेट टिमलाई हार्दिक बधाई !",3900,272,192,0,856000
kpsharmaoli_44,CPN (UML),kpsharmaoli,K P Sharma Oli,4/24/2021,11:11:43,"पुराना वामपन्थी नेता, शिक्षासेवी तथा संविधानसभाका सदस्य लक्ष्मण राजवंशीकाे निधनको खबरले अत्यन्त दु:ख लागेकाे छ । उहाँले शिक्षा क्षेत्रमा गर्नुभएको याेगदान महत्त्वपूर्ण रहेकाे छ । दिवंगत राजवंशीप्रति भावपूर्ण श्रद्धाञ्जलि तथा शाेकसन्तप्त परिवारजनमा गहिराे समवेदना प्रकट गर्दछु ।",789,35,51,0,856000
kpsharmaoli_45,CPN (UML),kpsharmaoli,K P Sharma Oli,4/24/2021,9:06:51,"हामी नेपाललाई उपभोक्ताको देश होइन, उत्पादकको देश बनाउनेगरी पूर्वाधार निर्माणका कामहरुलाई अघि बढाइरहेका छौँ । नवनिर्माणको यस असाधारण अभियानमा सहभागि हुन दिदीबहिनी तथा दाजुभाइहरुमा हार्दिक आह्वान गर्दछु ।",535,38,38,0,856000
kpsharmaoli_46,CPN (UML),kpsharmaoli,K P Sharma Oli,4/24/2021,9:05:12,"समृद्ध नेपाल, सुखी नेपाली बनाउने आकाङ्क्षा अनुरुप हामी जनतालाई उपलब्धिहरुको बरावर हिस्सेदार बनाउनेगरी अघि बढिरहेका छौँ । हामी सहयोगापेक्षी होइन कर्मठ देश बनाउन लागिरहेका छौँ, दानको अपेक्षा होइन, दाता देशको रुपमा विकास गर्नेछौँ ।",565,33,33,0,856000
kpsharmaoli_47,CPN (UML),kpsharmaoli,K P Sharma Oli,4/24/2021,9:03:32,"धरहरा हाम्रो भावना, गौरव, अतीत र इतिहाससँग जोडिएको छ । यसमा नागरिकहरुको पसिना र भावना मिसिएको छ । वितेको तीन वर्षमा हामीले विकासका, निर्माणका, पुनःनिर्माणका र जनताको सुखका लागि आधारभूत कामहरु असाधारण रुपमा अगाडि बढाएका छौँ ।",257,27,13,0,856000
kpsharmaoli_48,CPN (UML),kpsharmaoli,K P Sharma Oli,4/24/2021,9:01:43,आज हामीले ऐतिहासिक पुनःनिर्मित धरहराको भब्य उद्घाटन गरेका छौँ । यस क्षणमा म अत्यन्त हर्षित छु । हर्षको यस क्षणमा म सम्पूर्ण नेपाली दिदीबहिनी दाजुभाइहरुमा हार्दिक बधाई दिन चाहन्छु । दिनरात खटेर सफलताको यस बिन्दुसम्म ल्याइपुर्याउनुहुने सबैमा हार्दिक धन्यवाद दिन चाहन्छु ।,3000,351,331,0,856000
kpsharmaoli_49,CPN (UML),kpsharmaoli,K P Sharma Oli,4/22/2021,11:47:57,भाकपा (मार्क्सवादी)का महासचिव कमरेड  सीताराम यचुरीका सुपुत्र आशिष यचुरीको अल्पायुमै निधन भएको खबरले अत्यन्त दुःख लागेको छ । दिवंगत आशिषप्रति हार्दिक श्रद्धाञ्जलि अर्पण गर्दै पुत्रशोकमा पर्नु भएका कमरेड सीताराम यचुरी तथा परिवारजनमा गहिरो समवेदना व्यक्त गर्दछु ।,889,67,63,0,856000
kpsharmaoli_50,CPN (UML),kpsharmaoli,K P Sharma Oli,4/15/2021,15:51:20,यस सेवाको सुरुवात गर्न योगदान गर्नुहुने सबैमा धन्यवाद दिँदै सम्पूर्ण सेवाग्राहीमा हार्दिक बधाई दिन चाहन्छु । विकास प्रयासमा हरेक दिन हाम्रा पाइला थप गतिका साथ अगाडि बढिरहेका छन् ।,455,24,25,0,856000
kpsharmaoli_51,CPN (UML),kpsharmaoli,K P Sharma Oli,4/15/2021,15:50:40,नापी कार्यालय नगई आफ्नो जग्गाको नक्सा हेर्न र प्रिन्ट गर्न सकिनेगरी हामीले आजदेखि 'मेरो कित्ता' एप्स सञ्चालनमा ल्याएका छौँ । सेवाग्राहीले शीघ्र सेवा प्राप्त गर्न र सुशासन प्रवर्द्धन गर्न यसले मद्दत गर्नेछ ।,2100,194,188,0,856000
kpsharmaoli_52,CPN (UML),kpsharmaoli,K P Sharma Oli,3/29/2021,17:43:39,Congratulations #TeamNepal,5000,362,163,0,856000
kpsharmaoli_53,CPN (UML),kpsharmaoli,K P Sharma Oli,3/29/2021,16:08:26,"रङहरूको पर्व होली (फागु पूर्णिमा) को अवसरमा सन्देश 
१५ चैत २०७७",699,31,33,0,856000
kpsharmaoli_54,CPN (UML),kpsharmaoli,K P Sharma Oli,3/22/2021,11:17:48,देशका विभिन्न क्षेत्रका भाइबहिनीहरुसँग बालबालिकासम्बन्धी १० वर्षे रणनीतिबारे अन्तर्क्रिया गर्न पाउँदा मलाई अत्यन्त खुसी लागेको छ।नवप्रतिभाहरुको संरक्षण र विकासमा नानीबाबूहरुका गहन सुझावहरु महत्वपूर्ण हुनेछन्। सम्पूर्ण भाइबहिनीहरुमा धेरैधेरै माया तथा शुभार्षिवाद व्यक्त गर्दछु।,1500,124,94,0,856000
kpsharmaoli_55,CPN (UML),kpsharmaoli,K P Sharma Oli,3/21/2021,10:55:36,सगरमाथा सहित पाँच उच्च हिमशिखरको सफल आरोहण गरिसक्नु भएकी आरोही माया शेर्पालाई अन्नपूर्ण र धौलागिरि हिमालको सफल आरोहणका लागि हार्दिक शुभकामना व्यक्त गर्दछु ।,1700,101,124,0,856000
kpsharmaoli_56,CPN (UML),kpsharmaoli,K P Sharma Oli,3/19/2021,13:05:25,"मुलुकको विकास र समृद्धिबारे देशभरका प्रतिष्ठित उद्योगी व्यवसायीहरुसँग बृहत् छलफल तथा विचार आदानप्रदान गर्ने सुअवसर प्राप्त भयो।स्वदेशमै रोजगारीको प्रवर्द्धन,उत्पादकत्व बृद्धि र बलियो अर्थतन्त्र निर्माणका विषयमा अमूल्य सुझावका लागि उद्यमी/व्यवसायीहरुमा हार्दिक धन्यवाद दिन चाहन्छु।",1500,134,117,0,856000
kpsharmaoli_57,CPN (UML),kpsharmaoli,K P Sharma Oli,3/14/2021,12:32:03,साथै कलेजो प्रत्यारोपण सेवालाई नेपालमा स्थापित गरी अन्य सेवाहरुजस्तै सर्वसुलभ बनाउन सरकारबाट आवश्यक पर्ने सम्पूर्ण सहयोग उपलब्ध गराउने प्रतिवद्धता व्यक्त गर्दछु ।,643,36,19,0,856000
kpsharmaoli_58,CPN (UML),kpsharmaoli,K P Sharma Oli,3/14/2021,12:31:15,कलेजो प्रत्यारोपण सेवा विस्तारमा सहयोग पुर्याइरहनु भएका नयाँ दिल्लीस्थित फोर्टिस अस्पतालका डा. विवेक भिज र उहाँको सम्पूर्ण टिमलाई धन्यवाद तथा शुभकामना व्यक्त गर्दछु ।,616,40,11,0,856000
kpsharmaoli_59,CPN (UML),kpsharmaoli,K P Sharma Oli,3/7/2021,6:44:17,"विश्वव्यापी कोरोना महामारी विरूद्द दोस्रो चरणको खोप अभियानको आज मैले त्रिवि शिक्षण अस्पताल, महाराजगञ्जमा खोप लगाएर शुभारम्भ गरेको छु ।
 यस अभियानमा सहभागी हुन म सबै दिदीबहिनी तथा दाजुभाइहरूलाई आह्वान  गर्न चाहन्छु।",1400,117,99,0,856000
kpsharmaoli_60,CPN (UML),kpsharmaoli,K P Sharma Oli,3/5/2021,4:14:33,"नेकपाका केन्द्रीय सदस्य, सांसद तथा पूर्वमन्त्री गोकुल बास्कोटाका पिता हरिप्रसाद बास्कोटाको निधनको खबरले मलाई अत्यन्त दुःख लागेको छ । यस दुःखद् घडीमा दिवंगत बास्कोटाप्रति भावपूर्ण श्रद्धाञ्जलि अर्पण गर्दै गोकुलजी लगायत शोकाकुल परिवारजनमा गहिरो समवेदना व्यक्त गर्दछु ।",2300,135,203,0,856000
kpsharmaoli_61,CPN (UML),kpsharmaoli,K P Sharma Oli,1/17/2021,13:08:18,नागरिक एप मार्फत सेवामा आम जनताको सिधा पहुँच थप विस्तार गर्दै लगिने छ। सम्पूर्ण दिदीबहिनी तथा दाजुभाइहरुलाई नागरिक एप मार्फत घरमै बसीबसी सेवा लिने प्रक्रियामा आवद्ध हुन आव्हान गर्दछु ।,898,72,82,0,856000
kpsharmaoli_62,CPN (UML),kpsharmaoli,K P Sharma Oli,1/11/2021,7:57:30,नेपाल राष्ट्रको एकीकरणमा राजा पृथ्वीनारायण शाहको योगदान अतुलनीय छ । आज उहाँको २९९ औं जन्मजयन्तिको अवसरमा उक्त विशिष्ठ योगदानको स्मरण गर्दै श्रद्धाञ्जलि तथा सम्मान व्यक्त गर्दछु।,4700,387,279,0,856000
1.78E+18,CPN (UML),Bidyabhattarai,Bidya Bhattarai,4/6/2024,16:47:43,शुभकामना 🙏🙏,16,3,2,2340,120416
1.78E+18,CPN (UML),Bidyabhattarai,Bidya Bhattarai,4/6/2024,16:47:22,शुभकामना 🙏🙏,24,4,1,1885,120416
1.77E+18,CPN (UML),Bidyabhattarai,Bidya Bhattarai,3/8/2024,8:18:05,"""महिलामा लगानी  ! सभ्य, समुन्नत समाजको थालनी !!“
११४औं अन्तर्राष्ट्रिय श्रमिक महिला दिवसको सबैमा हार्दिक शुभकामना 🙏🙏",33,1,2,2648,120416
1.76E+18,CPN (UML),Bidyabhattarai,Bidya Bhattarai,2/26/2024,18:43:56,भावपुर्ण श्रद्धाञ्जली,2,0,1,881,120416
1.76E+18,CPN (UML),Bidyabhattarai,Bidya Bhattarai,2/13/2024,13:15:24,"RT @BhimRawal179: धेरै गहन र देशकाे हितमा लेखिएकाे यथार्थ देखाइएकाे लेख । याे लेख याे देशका नीति निर्माताले पढ्लान, पढेर मनन गर्लान् ?
वि…",0,34,0,0,120416
1.72E+18,CPN (UML),Bidyabhattarai,Bidya Bhattarai,11/12/2023,8:19:16,"प्राणी र मानव बिचको सद्भाव र माया, धनधान्य देवि लक्ष्मिको उपासना , दिदी बहिनी र दाजुभाइको मिलनको पर्व तिहार र नेपाल सम्बत ११४४ को सम्पुर्णमा हार्दिक मंगलमय शुभकामना ! 🙏🙏",22,2,0,1137,120416
1.72E+18,CPN (UML),Bidyabhattarai,Bidya Bhattarai,11/1/2023,18:21:37,सुझावको अपेक्षा सहित !,9,0,1,998,120416
1.72E+18,CPN (UML),Bidyabhattarai,Bidya Bhattarai,10/29/2023,8:05:20,हार्दिक शुभकामना 🙏,12,1,0,1904,120416
1.71E+18,CPN (UML),Bidyabhattarai,Bidya Bhattarai,10/18/2023,19:34:22,"पोखरा महानगरपालिका वडा नम्बर २१ को विभिन्न स्थानहरूमा  आज परेको असिना पानीले नगदे बालीहरु (धान, कोदो, तरकारी, फलफुल र तिहारे फुलमा) पारेको क्षति प्रती दु:ख ब्यक्त गर्दछु । किसानहरुको यो समस्यालाई गम्भीरता पुर्वक लिन र क्षतिपूर्तिका लागि ३ तहको सरकारको गम्भीर ध्यानाकर्षण गर्दछु ।",18,1,0,1169,120416
1.71E+18,CPN (UML),Bidyabhattarai,Bidya Bhattarai,10/14/2023,18:46:27,भावपुर्ण श्रद्धाञ्जली !,7,2,0,2116,120416
1.71E+18,CPN (UML),Bidyabhattarai,Bidya Bhattarai,10/4/2023,13:05:50,हार्दिक बधाई,160,13,12,19162,120416
1.70E+18,CPN (UML),Bidyabhattarai,Bidya Bhattarai,9/20/2023,12:23:01,हामिले ३१ मौलिक हकको कार्यान्वयन हुने गरि ऐन निर्माण र संसोधन गर्ने थुप्रै कामहरु बाकी छन्  । साथै बनेका कानुनको कार्यान्वयनका लागि सरकारलाई निरन्तर निगरानी र खबरदारी गर्दै लोकतान्त्रिक गणतन्त्र लाई सुदृढ गर्न सक्ने सक्षमताका लागि हामी सबैलाइ संविधान दिवस को हार्दिक शुभकामना !,13,1,1,904,120416
1.70E+18,CPN (UML),Bidyabhattarai,Bidya Bhattarai,9/12/2023,7:34:51,"स्तब्ध छु 
अप्रत्याशित र असामयिक खबर
भावपुर्ण श्रद्धाञ्जली आदरणीय नेता हामी सबैका अभिवावक ! https://t.co/u8lWj7PLly",40,0,4,3010,120416
1.69E+18,CPN (UML),Bidyabhattarai,Bidya Bhattarai,8/22/2023,8:21:30,लोकतान्त्रिक संस्कार भनेकै सत्तामा रहेका दलहरूले गल्ती गर्न सक्छन् र उनिहरुलाइ सहि ढङ्गबाट खबरदारी गर्न सक्नु पर्दछ भन्ने हो । तर हामिहरु गल्ति सच्याउनका लागि गरिने हरेक प्रश्नलाइ नै गलत सावित गर्न खोज्छौ जसका कारण हामि लोकतान्त्रिक संस्कृती निर्माण गर्न असफल भइरहेका छौं ।,76,7,5,4814,120416
1.69E+18,CPN (UML),Bidyabhattarai,Bidya Bhattarai,8/14/2023,20:16:19,मुस्ताङ जिल्लाको कागवेनी क्षेत्रमा बाढी पहिरोले गम्भीर क्षती पुर्याएको छ यश घटना प्रति दुःख ब्यक्त गर्दै बाढी तथा पहिरो प्रभावित क्षेत्रमा शिघ्र उद्धार र बाढि पहिरोबाट प्रभावितहरुलाइ राहतको ब्यबस्था गर्न नेपाल सरकारको गम्भीर ध्यानाकर्षण गर्दछु ।,68,9,1,4463,120416
1.68E+18,CPN (UML),Bidyabhattarai,Bidya Bhattarai,7/12/2023,10:07:48,भावपुर्ण श्रद्धाञ्जली,3,2,0,1134,120416
1.66E+18,CPN (UML),Bidyabhattarai,Bidya Bhattarai,5/30/2023,9:04:26,"सबैमा नमस्कार 
संघिय संसदमा हिजो मा. अर्थ मन्त्रिद्वारा प्रस्तुत गर्नु भएको आ.ब २०८०/ ८१ को बजेट माथिको छलफल जेठ २१  गतेदेखि प्रतिनिधि सभाको बैठकमा हुनेछ ।
हजुरहरुको तर्फबाट मलाई सुझाव प्राप्त हुनेछ भन्ने अपेक्षा गरेको छु ।
हार्दिक धन्यवाद 🙏",22,2,4,2425,120416
1.66E+18,CPN (UML),Bidyabhattarai,Bidya Bhattarai,5/24/2023,11:53:24,आभारी छु ।,8,0,2,1267,120416
1.66E+18,CPN (UML),Bidyabhattarai,Bidya Bhattarai,5/17/2023,8:58:19,भावपुर्ण सम्झना र उच्च सम्मान 🙏,6,1,0,1378,120416
1.66E+18,CPN (UML),Bidyabhattarai,Bidya Bhattarai,5/11/2023,6:38:02,भावपुर्ण श्रद्धाञ्जली,6,0,0,1269,120416
1.66E+18,CPN (UML),Bidyabhattarai,Bidya Bhattarai,5/9/2023,21:15:02,विनियोजन विधेयक २०८० को सिद्धान्त र प्राथमिकताका सवालमा आज संसद बैठकमा ब्यक्त विचार https://t.co/xaD1Q5DRaa,28,1,2,2383,120416
1.66E+18,CPN (UML),Bidyabhattarai,Bidya Bhattarai,5/7/2023,15:24:32,आज काठमाडौ आएको छु । संसदको कार्यव्यवस्था परामर्श समितिको बैठकमा बिहान ११:०० बजे सहभागी । दिउँसो १:०० बजे सुरु भएको संसदिय दलको बैठक चलिरहेको छ । दलको बैठक पछि आज दिउँसो ४:०० बजे बाट संसदको अधिवेशन सुरु हुदैछ । संसदमा सक्रिय सहभागिताको लागि यहाँहरुको सुझावको अपेक्षा राखेको छु ।,62,1,10,8968,120416
1.65E+18,CPN (UML),Bidyabhattarai,Bidya Bhattarai,5/2/2023,12:30:36,हार्दिक बधाई आगामी सफलता को शुभकामना,2,0,0,919,120416
1.65E+18,CPN (UML),Bidyabhattarai,Bidya Bhattarai,4/29/2023,9:57:55,"प्रतिनिधिसभाको विषयगत समिति अन्तर्गत शिक्षा, स्वास्थ्य तथा सूचना प्रविधि समितिमा सदस्य को रुपमा मनोनित भएको ब्यहोरा सम्पुर्णमा जानकारी गराउदै सो समिति सङ्ग सम्बन्धित बिषयहरुमा यहाँहरुको सुझाव सल्लाहको अपेक्षा गरेको छु ।",96,5,12,8065,120416
1.65E+18,CPN (UML),Bidyabhattarai,Bidya Bhattarai,4/14/2023,6:24:15,"नयाँ बर्ष २०८० सालको अवसरमा सम्पूर्णमा सु-स्वास्थ्य, प्रगति र सफलताको कामना सहित हार्दिक शुभकामना ब्यक्त गर्दछु ।🙏🙏",73,3,6,7094,120416
1.64E+18,CPN (UML),Bidyabhattarai,Bidya Bhattarai,4/6/2023,18:56:31,आज संसदको विशेष समयमा पोखराको पर्यटनको वर्तमान अवस्थाको बारेमा ध्यानाकर्षण https://t.co/KtyP38yok2,41,3,1,2916,120416
1.64E+18,CPN (UML),Bidyabhattarai,Bidya Bhattarai,4/4/2023,13:22:29,सम्बन्धित सबैको ध्यानाकर्षणको लागि,16,3,0,2491,120416
1.64E+18,CPN (UML),Bidyabhattarai,Bidya Bhattarai,3/27/2023,11:17:13,शून्य समयमा आजको सामाजिक आर्थिक अवस्थाका सवालमा सरकारको ध्यानाकर्षण https://t.co/HgslLJhz0Y,50,5,1,3262,120416
1.64E+18,CPN (UML),Bidyabhattarai,Bidya Bhattarai,3/24/2023,19:30:39,भावपुर्ण श्रद्धाञ्जली,13,1,0,1442,120416
1.64E+18,CPN (UML),Bidyabhattarai,Bidya Bhattarai,3/16/2023,7:51:11,"बिरौटा छोरेपाटन खण्डको राजमार्ग निर्माणमा भएको ढिलाइ, बाग्लुङ राजमार्गमा निर्माणाधीन पुल निर्माणमा ढिलासुस्ती र निर्वाचन क्षेत्र अन्तर्गत निर्माणाधीन सडक र पुल निर्माणमा भएको समस्याका बारेमा हिजो भौतिक पुर्वाधार तथा यातायात मन्त्रीलाई भेटेर ध्यानाकर्षण गराएको छु ।",66,11,3,4621,120416
1.63E+18,CPN (UML),Bidyabhattarai,Bidya Bhattarai,3/9/2023,20:35:17,राष्ट्रपति पदमा निर्वाचित हुनु भएकोमा नेपाली काङ्ग्रेसका वरिष्ठ नेता आदरणीय  रामचन्द्र पौडेल ज्युलाई हार्दिक बधाई तथा सफल कार्यकालको  शुभकामना व्यक्त गर्दछु ।,17,2,0,1528,120416
1.63E+18,CPN (UML),Bidyabhattarai,Bidya Bhattarai,2/15/2023,12:53:53,आज सम्सद बैठकमा शून्य समयमा पोखरा - मुग्लिङ राजमार्ग निर्माणमा देखिएको समस्याको सवालमा विचार राख्दै https://t.co/EXTn3E8ZLh,135,11,3,8367,120416
1.61E+18,CPN (UML),Bidyabhattarai,Bidya Bhattarai,12/30/2022,6:44:08,"""तमु ल्होसार"" को हार्दिक शुभकामना 🙏🙏",50,1,2,3916,120416
1.61E+18,CPN (UML),Bidyabhattarai,Bidya Bhattarai,12/23/2022,18:22:51,नेपाल साहित्य महोत्सव ( Nepal Literature Festival ) मा कस्तो पोखरा ? भन्ने बिषयमा बिचार प्रस्तुत गर्ने अवसर दिनुभएकोमा मुख्य आयोजक संस्था BOOKWORM FOUNDATION र निरज भारी प्रती हार्दिक आभार ब्यक्त गर्दछु । https://t.co/1sEgrsFyPK,31,4,0,2005,120416
1.61E+18,CPN (UML),Bidyabhattarai,Bidya Bhattarai,12/23/2022,13:41:58,"Live
Nepal Literature Festival - पोखरामा आदरणीय अध्यक्ष केपी शर्मा ओली सग अखण्ड भण्डारीका प्रश्नहरुमा  ""राजनीतिबाहिरको जीवन"" शिर्षकमा बहस……
@Nepallitfest
#nepallitfest
https://t.co/gOzBVlrdoP",14,1,0,1599,120416
1.61E+18,CPN (UML),Bidyabhattarai,Bidya Bhattarai,12/21/2022,10:49:08,"""नेपाल साहित्य महोत्सव""को दसौं संस्करण मा यहाँहरुलाई पोखरामा हार्दिक निमन्त्रणा 🙏
@Nepallitfest https://t.co/ofLTq9NojB",63,7,1,2709,120416
1.60E+18,CPN (UML),Bidyabhattarai,Bidya Bhattarai,12/12/2022,18:36:22,पोखरा २१ नागरीक समाजले आयोजना गरेको अन्तरक्रिया कार्यक्रममा । आयोजक प्रती आभारी छु । https://t.co/UWxZs85buE,45,0,1,0,120416
1.60E+18,CPN (UML),Bidyabhattarai,Bidya Bhattarai,12/11/2022,17:38:34,"आज पोखरा २१ का मतदाताहरू सॅंग भेटघाट फुर्सेखोला, रामदी, मट्टिखान, भिरस्वारा, धुवारकोट, बक्रेक, रान्नी हुँदै स्यार्तुम, मैदान सम्म पुग्दा सबैको एउटै माग सडक र खानेपानी हो भन्ने रहेको छ । यसका लागि स्थानीय, प्रदेश र संघले प्राथमिकता दिई कार्यान्वयन गर्नका लागि माग गर्नुभएको छ । https://t.co/87uMPiVGmC",70,7,3,0,120416
1.60E+18,CPN (UML),Bidyabhattarai,Bidya Bhattarai,12/10/2022,16:03:06,"नेपालमा चिनियाँ संलग्नता र बिआरआइ (BRI) बिषयक छलफल  कार्यक्रममा सहभागी ।
आयोजकहरु सेन्टर फर सोसल इन्क्लुजन एण्ड फेडेरेलिज्म र पृथ्वीनारायण क्याम्पस राजनीति शास्त्र बिभाग प्रती निमन्त्रणाका लागि आभारी छु । https://t.co/AMmByovMB1",27,2,0,0,120416
1.41E+18,CPN (UML),GokarnaRajBista,Gokarna Bista,7/11/2021,23:24:28,"अनेकन कठिनाइका बीच नेकपा एमालेलाई एकताबद्ध गर्न सफलता प्राप्त भएको छ । यसका लागि योगदान गर्ने सम्पूर्ण नेता कमरेडहरु, पार्टीपंक्ति, समर्थक शुभचिन्तकलाई हार्दिक बधाई ! https://t.co/4SbIvzROWm",504,41,81,0,40917
1.40E+18,CPN (UML),GokarnaRajBista,Gokarna Bista,6/16/2021,8:32:40,"मनसुनको सुरुवातमै भारी वर्षापछि आएको बाढी र पहिरोका कारण सिन्धुपाल्चोक, मनाङ, बाजुरा, गोरखा, चितवन, लमजुङ, कास्की, गुल्मी, पाल्पा लगायतका जिल्लामा जनधनको ठुलो क्षति पुगेको समाचार आइरहेको छ । प्राकृतिक विपत्तिको यो दु:खद क्षणमा आआफ्नो ठाउँबाट सक्दो उद्धार, राहत र सहयोगमा जुटौं ।",147,10,5,0,40917
1.40E+18,CPN (UML),GokarnaRajBista,Gokarna Bista,6/5/2021,16:17:31,"उपप्रधानमन्त्री राजेन्द्र महतोले ""बहुल राष्ट्रिय राज्यको स्थापनाको लागि राष्ट्रिय मुक्ति आन्दोलनको तयारी गर्ने"" भनी दिएको अभिव्यक्ति भौगोलिक अखण्डता र राष्ट्रिय हित प्रतिकुल छ । जिम्मेवार पदमा रहेका व्यक्तिबाट यसप्रकारको अराजक र संविधान विरोधी अभिव्यक्ति आउनु दुर्भाग्यपूर्ण छ ।",817,81,47,0,40917
1.40E+18,CPN (UML),GokarnaRajBista,Gokarna Bista,6/4/2021,11:35:08,आज छुवाछूतमुक्त राष्ट्र घोषणा दिवस । जातीय छुवाछूत र भेदभाव हाम्रो समाजको कलङ्क हो । यसको पूर्णरुपमा उन्मुलन गरौँ । सबैमा हार्दिक शुभकामना ।,136,1,7,0,40917
1.40E+18,CPN (UML),GokarnaRajBista,Gokarna Bista,5/29/2021,9:03:48,"विधिको शासनविना राष्ट्र, जनता र लोकतन्त्रको रक्षा हुन सक्दैन । यसका लागि सचेत बनौँ । गणतन्त्र दिवसको हार्दिक शुभकामना!",168,3,20,0,40917
1.39E+18,CPN (UML),GokarnaRajBista,Gokarna Bista,5/17/2021,10:16:20,जननेता क. मदन भण्डारी र कुशल संगठक क. जीवराज आश्रितप्रति हार्दिक श्रद्धाञ्जली ! रहस्यमय दासढुङ्गा जिप दुर्घटनामा उहाँहरूले जीवन गुमाएको आजको दिनमा पार्टीलाई एकताबद्ध बनाउन संकल्प गरौँ । पार्टीलाई एकजुट बनाई छाडौँ । https://t.co/LdEavruvYw,110,6,9,0,40917
1.39E+18,CPN (UML),GokarnaRajBista,Gokarna Bista,5/16/2021,11:43:30,खाडीमा श्रम गरिरहनु भएका श्रमिक साथीहरुले जन्मभूमिलाई अप्ठ्यारो परेको अवस्थामा आफ्नो गाँस काटेर सास पठाउनुभएको छ । तपाईहरुले पठाएका ५६० थान अक्सिजन सिलिन्डरले थुप्रै नेपाली नागरिकहरूको जीवन जोगिने छ । यो कदमले कोरोना विरुद्धको लडाइँमा सहयोग गर्न सबैमा प्रेरणा जाग्ने छ ।,435,37,19,0,40917
1.39E+18,CPN (UML),GokarnaRajBista,Gokarna Bista,5/14/2021,22:48:19,पार्टी अध्यक्ष कमरेड केपी शर्मा ओली र वरिष्ठ नेता कमरेड माधव कुमार नेपाल सहित अन्य नेताहरु बीचको आजको छलफलमा २०७५ जेठ २ मा फर्किएर पार्टी भित्र देखापरेका समस्याको समाधान खोज्ने सहमती भयो ।,374,18,48,0,40917
1.39E+18,CPN (UML),GokarnaRajBista,Gokarna Bista,5/13/2021,19:56:04,पार्टी अध्यक्ष कमरेड केपी शर्मा ओली र वरिष्ठ नेता कमरेड माधव कुमार नेपाल बीचको आजको भेटवार्ताले पैदा गरेको सकारात्मक मोडलाई आम पार्टी पंक्ति र समर्थक/शुभचिन्तकको चाहना बमोजिम परिणाममा पुर्‍याउन लागि परौँ ।,650,28,74,0,40917
1.39E+18,CPN (UML),GokarnaRajBista,Gokarna Bista,5/13/2021,13:46:27,माधव नेपाल सहित चार नेता माथिको कारबाही फुकुवाको निर्णय पार्टीलाई एकताबद्ध बनाउने वातावरण निर्माणका लागि सकारात्मक छ ।,553,24,65,0,40917
1.39E+18,CPN (UML),GokarnaRajBista,Gokarna Bista,5/1/2021,9:05:03,"सुरक्षित, शोषणमुक्त र सम्मानजनक जीवनको लागि श्रमिक दाजुभाइ दिदीबहिनीहरुमा अन्तर्राष्ट्रिय श्रमिक दिवसको हार्दिक शुभकामना !",94,4,2,0,40917
1.38E+18,CPN (UML),GokarnaRajBista,Gokarna Bista,4/14/2021,9:58:26,"सत्य, न्याय र परिवर्तनका लागि नयाँ वर्ष फलदायी बनाउन सकौं ! स्वदेश तथा विदेशमा रहनुभएका सम्पूर्ण नेपाली दिदीबहिनी दाजुभाईहरुमा नयाँ बर्ष २०७८ को हार्दिक शुभकामना !",150,4,15,0,40917
1.36E+18,CPN (UML),GokarnaRajBista,Gokarna Bista,2/24/2021,10:46:47,"सम्मानित अदालतको फैसलापछीको राजनीतिक परिस्थितिलाई देश, जनता र लोकतन्त्रको हितमा केन्द्रित गर्न विगतबाट पाठ सिक्दै संयमित एवं परिपक्व निर्णयका साथ अगाडि बढौं ।",185,7,9,0,40917
1.36E+18,CPN (UML),GokarnaRajBista,Gokarna Bista,2/23/2021,18:51:07,सम्मानित सर्वोच्च अदालतको आजको ऐतिहासिक फैसलाले संविधानको रक्षा भएको छ । नेपाली जनताले हासिल गरेका उपलब्धिहरु सुरक्षित भएका छन् । न्यायालय माथिको सम्मान बढेको छ । सम्पूर्ण दिदीबहिनी दाजुभाईमा हार्दिक बधाई ।,551,31,24,0,40917
1.36E+18,CPN (UML),GokarnaRajBista,Gokarna Bista,2/11/2021,16:16:33,अभिव्यक्ति स्वतन्त्रता बिना लोकतन्त्रको जग बलियो हुन सक्दैन । कमरेड रामकुमारी झाँक्रीलाई तुरुन्त रिहा गर ।,321,22,24,0,40917
1.34E+18,CPN (UML),GokarnaRajBista,Gokarna Bista,12/20/2020,13:00:34,प्रधानमन्त्रीको संसद विघटनको सिफारिस गत निर्वाचनमा व्यक्त जनमत र संविधान विपरित छ । संविधानको संरक्षकको नाताले उक्त कदम सच्याउन राष्ट्रपतिज्यू बाट भूमिका निर्वाह हुनेछ भन्ने अपेक्षा राख्दछु ।,332,19,33,0,40917
1.34E+18,CPN (UML),GokarnaRajBista,Gokarna Bista,12/18/2020,13:29:19,"MasterChef UK मा नेपाली परिकार मार्फत नेपालको पहिचान दिने सन्तोष शाहप्रति मेरो सम्मान छ । नेपालप्रति गौरव गर्ने नेपालीका लागि उहाँले सच्चा उदाहरण प्रस्तुत गर्नु भएको छ । नेपालको पहिचान फैलाउने उहाँको अभियानले आगामी दिनमा थप उचाइ प्राप्त गर्न सकोस्, शुभकामना । 
@chefsantoshshah https://t.co/tBumnyVeI1",108,1,4,0,40917
1.32E+18,CPN (UML),GokarnaRajBista,Gokarna Bista,11/2/2020,12:06:37,"देश र जनता भन्दा नेता ठूलो, पार्टी भन्दा गुट ठूलो ठान्ने प्रवृत्तिलाई सच्याएर मात्रै आन्दोलनलाई थप सशक्त र एकताबद्ध बनाउन सकिनेछ ।",387,19,38,0,40917
1.31E+18,CPN (UML),GokarnaRajBista,Gokarna Bista,9/19/2020,13:48:30,"संविधान जनताको आशा, अपेक्षा र भविष्य प्रतिबिम्बित दस्ताबेज हो | यसको प्रभावकारी कार्यान्वयन मार्फत जनताको जीवनमा आउने सकारात्मक परिवर्तनले नै संविधानको सार्थकता प्रमाणित गर्नेछ | सबैमा हार्दिक शुभकामना |",175,11,9,0,40917
1.30E+18,CPN (UML),GokarnaRajBista,Gokarna Bista,8/21/2020,11:15:39,सम्पूर्ण दिदीबहिनीहरुमा हरितालिका तीजको हार्दिक शुभकामना !,132,4,3,0,40917
1.28E+18,CPN (UML),GokarnaRajBista,Gokarna Bista,7/3/2020,14:17:27,https://t.co/j2B3VzMWRh,88,7,12,0,40917
1.27E+18,CPN (UML),GokarnaRajBista,Gokarna Bista,6/13/2020,18:28:04,"भारतद्वारा अतिक्रमित भूभाग लिम्पियाधुरा, लिपुलेक र कालापानी समेटेर प्रकाशित नेपालको नक्सा बमोजिम संविधानको अनुसूची ३ मा रहेको नेपालको निशान छाप सच्याउने प्रयोजनको लागि आज संसदबाट सर्वसम्मतले संविधान संशोधन भयो । यस ऐतिहासिक दिनमा सम्पूर्ण नेपाली दिदीबहिनी-दाजुभाईमा हार्दिक बधाई ।",588,34,22,0,40917
1.27E+18,CPN (UML),GokarnaRajBista,Gokarna Bista,6/3/2020,14:21:48,"जातीय विभेद र छुवाछुतको अन्त्य विना सभ्य र न्यायपूर्ण समाजको निर्माण हुन सक्दैन । यसका लागि कानूनी आधार मात्रै पर्याप्त हुँदैन, सामाजिक-सांस्कृतिक अभियान समेत जरुरी छ ।",177,10,9,0,40917
1.26E+18,CPN (UML),GokarnaRajBista,Gokarna Bista,5/25/2020,11:06:16,सम्पूर्ण इस्लाम धर्मावलम्बी दाजुभाइ तथा दिदीबहिनीहरूमा ईदुल फित्रको हार्दिक शुभकामना !,88,2,3,0,40917
1.26E+18,CPN (UML),GokarnaRajBista,Gokarna Bista,5/24/2020,11:14:03,"अत्यन्तै सान्दर्भिक विचारको लागि कुलचन्द्र गौतम सरलाई धेरै धेरै धन्यवाद ।

https://t.co/OtL1RHrY9l",122,23,0,0,40917
1.26E+18,CPN (UML),GokarnaRajBista,Gokarna Bista,5/1/2020,9:31:54,"आज अन्तर्राष्ट्रिय श्रमिक दिवस, श्रमिकहरूको विजय र गौरवको दिन ।
श्रमिकहरुका समस्याहरूको समाधान, सुनवाई र सम्बन्धित निकायको ध्यानाकर्षणको लागि श्रमजीवी दाजुभाई-दिदिबहिनीहरुमा बलियो एकता र तत्परता आवश्यक छ । यसका लागि सजग बनौँ, श्रमिक दिवसको शुभकामना ।",345,22,22,0,40917
1.25E+18,CPN (UML),GokarnaRajBista,Gokarna Bista,4/13/2020,8:20:41,"आ-आफ्ना स्वार्थ, भिन्न विचार र मान्यताबाट माथि उठेर परस्पर सहयोगको हात मिलाउने मौका सहित कोरोनाको त्रास र अन्यौलतामै नयाँ वर्ष आयो । कोरोनाभाइरस माथि विजय प्राप्त गर्ने आशा र प्रतिक्षामा नयाँ वर्ष २०७७ को शुभकामना !",412,17,33,0,40917
1.24E+18,CPN (UML),GokarnaRajBista,Gokarna Bista,3/28/2020,16:41:56,"जोसँग दैनिक ज्यालादारी बाहेक जीवन यापनको कुनै विकल्प छैन, त्यस्ता अति जोखिममा रहेका श्रमिकहरूको समस्यामा सरकारले अविलम्ब व्यवस्था मिलाउनु पर्दछ | https://t.co/z3el7bnzEh",69,7,2,0,40917
1.24E+18,CPN (UML),GokarnaRajBista,Gokarna Bista,3/26/2020,10:51:48,Covid-19 ले दैनिक ज्यालादारी गरेर जीवन यापन गर्ने श्रमिकहरूलाई अझ धेरै संकट थपेको छ । अति धेरै जोखिममा रहेका यस्ता श्रमिकहरूको दैनिक रोजीरोटीको समस्यामा सम्बन्धित निकायको ध्यान आकर्षण गर्दछु र जनस्तरबाट समेत आ-आफ्नो ठाउँबाट सक्दो सहयोगको लागि अनुरोध गर्दछु ।,280,28,13,0,40917
1.23E+18,CPN (UML),GokarnaRajBista,Gokarna Bista,3/3/2020,21:33:06,नेकपाका अध्यक्ष एवं प्रधानमन्त्री केपी शर्मा ओलीज्यूको सफल मिर्गौला प्रत्यारोपण र शीघ्र स्वास्थ्य लाभको कामना गर्दछु ।,217,13,4,0,40917
1.23E+18,CPN (UML),GokarnaRajBista,Gokarna Bista,2/24/2020,14:27:21,सम्पूर्ण शेर्पा समुदायका दाजुभाई दिदीबहिनीहरूमा २१४७ औँ ग्याल्पो ल्होसारको हार्दिक बधाई एवं शुभकामना ।,48,1,1,0,40917
1.21E+18,CPN (UML),GokarnaRajBista,Gokarna Bista,1/1/2020,11:42:32,"नयाँ वर्ष २०२० लाई असमानता, विभेद र शोषण बिरूद्ध सामाजिक न्याय प्राप्तिको वर्षमा बदल्न सकौँ । सबैमा हार्दिक शुभकामना ।",233,17,8,0,40917
1.21E+18,CPN (UML),GokarnaRajBista,Gokarna Bista,12/31/2019,10:21:55,सम्पूर्ण तमू दाजुभाई दिदीबहिनीहरूमा तमू ल्होसार २०७६ को हार्दिक बधाई एवं शुभकामना ।,123,7,3,0,40917
1.20E+18,CPN (UML),GokarnaRajBista,Gokarna Bista,12/10/2019,21:11:07,१३औँ South Asian Games मा विजय प्राप्त गरेर देशको गरिमा माथि उठाउने सम्पूर्ण खेलाडी साथीहरूमा हार्दिक बधाई एवं सम्मान ।,151,14,0,0,40917
1.20E+18,CPN (UML),GokarnaRajBista,Gokarna Bista,11/27/2019,9:23:15,"आफ्नै पसिना र पौरखमा बाँच्ने मेहनतकश श्रमिकहरु, जो जोखिमपूर्ण जीवन र अनिश्चित भविष्यका साथ काम गरिरहेका छ्न, उनीहरुको सहारा हो- सामाजिक सुरक्षा योजना । जसको पूर्ण सफलताका लागि म सदैव श्रमजीवीको साथमा रहनेछु ।",1370,153,50,0,40917
1.19E+18,CPN (UML),GokarnaRajBista,Gokarna Bista,11/14/2019,20:35:20,HISSAN का वरिष्ठ उपाध्यक्ष सहित नेतृत्वका साथीहरूसँगको छलफलमा उहाँहरुबाट सामाजिक सुरक्षा योजनालाई सफल पार्ने सन्दर्भमा सहयोग रहने र यसको प्रभावकारी कार्यान्वयनका लागि सम्पूर्ण रूपमा लाग्ने प्रतिबद्धता व्यक्त भयो । https://t.co/w0aCIkquAd,147,7,5,0,40917
1.19E+18,CPN (UML),GokarnaRajBista,Gokarna Bista,11/14/2019,20:15:57,निर्माण व्यवसायी महासंघका अध्यक्ष सहितका साथीहरूसँग श्रमिकलाई सामाजिक सुरक्षा योजनामा सूचीकृत गर्ने विषयमा छलफलका साथ योजना बनाइयो । https://t.co/pELjLW2YAB,98,5,2,0,40917
1.19E+18,CPN (UML),GokarnaRajBista,Gokarna Bista,11/14/2019,19:54:53,उद्योग वाणिज्य महासंघका वरिष्ठ उपाध्यक्ष सहित नेतृत्वसँग सामाजिक सुरक्षा योजनाको बारेमा छलफल गरियो । यसको सफल कार्यान्वयनको लागि सम्पूर्ण रूपमा सहयोग गर्ने उहाँहरुबाट प्रतिबद्धता प्राप्त भयो । https://t.co/1vxCHZqpRD,78,3,0,0,40917
1.19E+18,CPN (UML),GokarnaRajBista,Gokarna Bista,11/13/2019,19:46:46,IOM का Asia and Pacific Regional Director Dr. Maria Nenette Motus सँग कोलम्बो प्रोसेसलाई थप प्रभावकारी बनाउने र श्रम आप्रवासनको क्षेत्रका केही नयाँ चुनौतीहरूको सन्दर्भमा छलफल भयो । https://t.co/uNJJFN14zB,108,8,3,0,40917
1.19E+18,CPN (UML),GokarnaRajBista,Gokarna Bista,11/11/2019,21:01:07,सहकारीसँग सम्बन्धित संस्थाहरूलाई सामाजिक सुरक्षा योजनामा सूचीकृत गर्ने सम्बन्धमा छलफल सम्पन्न भयो । https://t.co/SMcWapbNhy,97,4,2,0,40917
1.19E+18,CPN (UML),GokarnaRajBista,Gokarna Bista,11/11/2019,20:35:43,नेपाल उद्योग परिसंघका अध्यक्ष सहित नेतृत्वका साथीहरूसँग सामाजिक सुरक्षा योजना कार्यक्रमको कार्यान्वयनलाई प्रभावकारी बनाउने सन्दर्भमा छलफल गरियो । https://t.co/Ru0qEoPPgZ,83,4,3,0,40917
1.19E+18,CPN (UML),GokarnaRajBista,Gokarna Bista,11/10/2019,22:01:25,एन-प्याब्सनसँग आबद्ध विद्यालय र शिक्षक-कर्मचारीहरूलाई सामाजिक सुरक्षा योजनामा सूचीकृत गर्ने सन्दर्भमा एन-प्याब्सनका अध्यक्ष सहित नेतृत्वका साथीहरूसँग छलफल सकारात्मक रुपमा सम्पन्न भयो l https://t.co/jFOg29cmmb,66,3,1,0,40917
1.19E+18,CPN (UML),GokarnaRajBista,Gokarna Bista,11/9/2019,11:33:21,"सामाजिक सुरक्षा योजनाको सम्बन्धमा NGO, INGO र विभिन्न उपभोक्ता संस्थाहरुसंग छलफल सम्पन्न भयो । https://t.co/k1UD3ntF0K",135,9,8,0,40917
1.19E+18,CPN (UML),GokarnaRajBista,Gokarna Bista,11/2/2019,7:58:36,छठ पर्वको उपलक्ष्यमा सम्पूर्ण नेपाली दाजुभाई-दिदीबहिनीहरुलाई हार्दिक शुभकामना ।,176,8,7,0,40917
1.17E+18,CPN (UML),GokarnaRajBista,Gokarna Bista,9/20/2019,10:09:22,संविधान दिवसको उपलक्ष्यमा सम्पूर्ण नेपाली दाजु-भाई दिदी-बहिनीहरू लाई हार्दिक बधाई तथा शुभकामना ।,205,11,13,0,40917
1.17E+18,CPN (UML),GokarnaRajBista,Gokarna Bista,9/12/2019,21:21:13,आज सम्पन्न नेपाल-मलेसिया बिचको संयुक्त वार्ता टोलीको सहमतिले मलेसिया रोजगारीमा जानेका लागि बाटो खुला गर्ने आधार तयार भएको छ ।,638,72,78,0,40917
1.17E+18,CPN (UML),GokarnaRajBista,Gokarna Bista,9/3/2019,22:00:41,वैदेशिक रोजगारीमा जाने श्रमिकहरुको लागि बैंक खाता अनिवार्य गर्ने व्यवस्था मिलाईएको छ । यो प्रावधानले श्रमिकको कमाईमा बचत गर्ने र बैंकिङ प्रणालीबाट रेमिट्यान्स पठाउने कुरामा थप सुधार ल्याउनेछ ।,534,38,86,0,40917
1.17E+18,CPN (UML),GokarnaRajBista,Gokarna Bista,9/2/2019,9:37:41,हरितालिका तीजको अवसरमा सम्पूर्ण नेपाली दिदीबहिनीहरुमा हार्दिक शुभकामना व्यक्त गर्दछु ।,136,8,6,0,40917
1.16E+18,CPN (UML),GokarnaRajBista,Gokarna Bista,8/6/2019,10:11:59,"प्रधानमन्त्री रोजगार कार्यक्रमको सन्दर्भमा Online Khabar सँगको अन्तरवार्ता |

https://t.co/338s3vGH41",26,5,2,0,40917
1.16E+18,CPN (UML),GokarnaRajBista,Gokarna Bista,8/5/2019,11:07:12,https://t.co/1VDq7ZvL9n,12,3,0,0,40917
1.15E+18,CPN (UML),GokarnaRajBista,Gokarna Bista,7/23/2019,9:15:17,नेपाल कम्युनिस्ट पार्टीका संस्थापक महासचिव श्रद्धेय पुष्पलालको ४१औं स्मृति दिवसको अवसरमा हार्दिक श्रद्धाञ्जली !,105,4,5,0,40917
1.15E+18,CPN (UML),GokarnaRajBista,Gokarna Bista,7/2/2019,12:52:41,दुई दिन सम्म सम्पन्न श्रम तथा रोजगार सम्मेलनबाट धेरै महत्त्वपूर्ण सुझावहरु प्राप्त भएको छ | आगामी दिनमा सरकारले यी प्राप्त सुझावहरूलाई आवश्यकता बमोजिम कार्यान्वयन गर्दै लैजाने छ | https://t.co/cupfp3QzSp,129,9,12,0,40917
1.14E+18,CPN (UML),GokarnaRajBista,Gokarna Bista,6/14/2019,22:30:18,यूएईमा ठुलो सङ्ख्यामा नेपाली श्रमिक काम गरिरहेका छन् | आज सम्पन्न नेपाल-यूएई बिचको श्रम समझदारीले त्यहाँ काम गरिरहेका श्रमिकहरूलाई सुरक्षाको भरपर्दो आधार प्रदान गर्नेछ | https://t.co/BYTgBmzeY0,272,17,23,0,40917
1.14E+18,CPN (UML),GokarnaRajBista,Gokarna Bista,6/11/2019,22:19:05,नेपाल र मौरिससको बीचमा श्रम सम्बन्धित समझधारी पत्रमा हस्ताक्षर सम्पन्न भएको छ | यसले मौरिससमा काम गर्न जाने युवालाई सुरक्षित र भरपर्दो आधार प्रदान गर्ने छ | https://t.co/LNSScT7i87,266,21,37,0,40917
1.14E+18,CPN (UML),GokarnaRajBista,Gokarna Bista,6/7/2019,21:04:58,श्रमको सम्मानले राष्ट्रको गौरव माथि उठाउँछ | देश बदल्न सबैको सकारात्मक भूमिका आवश्यक पर्दछ | प्रधानमन्त्री रोजगार कार्यक्रम यसको एउटा महत्त्वपूर्ण अभियान हो | https://t.co/x2qZZFTxgU,207,19,27,0,40917
1.14E+18,CPN (UML),GokarnaRajBista,Gokarna Bista,6/5/2019,8:06:47,मुस्लिम समुदायको महान चाड ईद उल-फित्रको अवसरमा सम्पुर्ण मुस्लिम दाजुभाइ दिदीवहिनीहरुलाई हार्दिक शुभकामना |,102,2,5,0,40917
1.13E+18,CPN (UML),GokarnaRajBista,Gokarna Bista,5/29/2019,7:57:19,नेपाली जनताको वलिदानबाट प्राप्त गणतन्त्र जनता र देशको हितमा अधिकतम प्रयोग गरौं । सबैमा हार्दिक शुभकामना !,89,1,10,0,40917
1.13E+18,CPN (UML),GokarnaRajBista,Gokarna Bista,5/27/2019,22:14:05,नेपालका लागि जर्मनीका राजदूत Roland Schäfer सँगको भेटघाटमा योगदानमा आधारित सामाजिक सुरक्षा योजना कार्यान्वयनलाई थप प्रभावकारी बनाउने सन्दर्भमा हाम्रा प्रयासहरू र जर्मनीको अनुभवको आदान-प्रदान भयो | https://t.co/n65nxXujjz,91,6,1,0,40917
1.13E+18,CPN (UML),GokarnaRajBista,Gokarna Bista,5/21/2019,14:30:18,Global Commission ले तयार पारेको 'Work for a brighter future' प्रतिवेदनले भावी पुस्ताको मर्यादित र गुणस्तरीय जीवनको लागि नीति निर्माण गर्न सहयोग पुग्ने छ | https://t.co/4wvp3EE5ND,137,6,1,0,40917
1.13E+18,CPN (UML),GokarnaRajBista,Gokarna Bista,5/13/2019,12:57:45,संस्कृतिविद् एवं शताब्दी पुरुष सत्यमोहन जोशीलाई जन्मदिनको हार्दिक बधाई तथा शुभकामना ! https://t.co/3lKK7m0XSA,218,5,5,0,40917
1.13E+18,CPN (UML),GokarnaRajBista,Gokarna Bista,5/13/2019,9:06:11,"संस्कृतिविद् एवं शताब्दी पुरुष सत्यमोहन जोशी आजबाट सय वर्षमा प्रवेश गर्नु भएको छ । उहाँले साहित्य, संस्कृति, कला र सामाजिक क्षेत्रमा गर्नु भएको योगदान अतुलनीय छ । उहाँको समग्र जीवन सबैका लागि प्रेरणादायक छ । उहाँको दीर्घ स्वास्थ्यको कामना गर्दै जन्मदिनको हार्दिक शुभकामना ! https://t.co/2ZLvQwqvrd",220,9,5,0,40917
1.12E+18,CPN (UML),GokarnaRajBista,Gokarna Bista,5/1/2019,10:10:39,श्रम गरेर आत्मसम्मानका साथ मर्यादित जीवन यापन गर्न चाहने श्रमिकले विजय प्राप्त गरेको यो ऐतिहासिक दिनको आज १३० औं मे दिवसले नेपाली श्रमिकका लागि आगामी दिन थप गौरवपूर्ण बनाउन प्रेरणा र शक्ति प्राप्त गर्न सफलता मिलोस । मेरो यहि शुभकामना ।,254,17,23,0,40917
1.12E+18,CPN (UML),GokarnaRajBista,Gokarna Bista,4/22/2019,17:43:24,नेपालको कम्युनिष्ट आन्दोलनले ७० वर्षको अवधिमा धेरै उतार चढाव पार गरेको छ र यस बीचमा पार्टीको एकता समेत सम्पन्न भएको छ | यो एकीकृत शक्तिको परिचालनले सामाजिक न्याय सहितको सवल राष्ट्र निर्माणमा सफलता प्राप्त गरी जनअपेक्षा पुरा गर्नेछ |,141,7,9,0,40917
1.12E+18,CPN (UML),GokarnaRajBista,Gokarna Bista,4/14/2019,11:48:04,नयाँ वर्षलाई नेपाल र नेपालीको हितमा प्रतिफलमुखी बनाउन सकौं - हार्दिक शुभकामना !,185,2,7,0,40917
1.12E+18,CPN (UML),GokarnaRajBista,Gokarna Bista,4/11/2019,20:17:45,एक असल इमान्दार र क्रियाशील समाजसेवी  तथा लोकतान्त्रिक आन्दोलनका अग्रणी राजनीतिज्ञ रुद्रमणि भण्डारीको दुर्घटनामा परी आकस्मिक निधन भएकोमा म अत्यन्तै दुखित भएको छु । स्वर्गीय रुद्रमणि भण्डारीज्यूप्रति हार्दिक श्रद्धान्जली अर्पण गर्दै शोकाकूल परिवारजनमा गहिरो समवेदना व्यक्त गर्दछु । https://t.co/tC7Fplt1b4,70,4,7,0,40917
1.11E+18,CPN (UML),GokarnaRajBista,Gokarna Bista,4/1/2019,21:56:57,श्रम मन्त्रालयले आजदेखि संचालनमा ल्याएको Call Center ले गुनासो र सुझाव राख्न तथा जानकारी लिन सहज बनाउने छ । यसले मन्त्रालयमा आफ्ना कुराहरु प्रतिबिम्ब गर्न र सहयोग लिनको लागि मद्दत पुग्ने छ | https://t.co/E4hvPFJi4Y,562,61,31,0,40917
1.11E+18,CPN (UML),GokarnaRajBista,Gokarna Bista,3/29/2019,20:39:20,आज देखि सुरु भएको दुई दिनको लगानी सम्मेलनले समृद्ध नेपाल निर्माणको लागि लगानी वृद्धि गर्न महत्वपूर्ण सहयोग पुर्याउनेछ ।,171,9,7,0,40917
1.11E+18,CPN (UML),GokarnaRajBista,Gokarna Bista,3/25/2019,21:22:24,नेपाल र जापान बीचमा सम्पन्न MoC ले दुई देश बीचको सम्बन्धलाई थप सुदृढ बनाएको छ । साथै नेपाली युवाहरुको रोजगारीको लागि एउटा सुरक्षित र गुणस्तरीय गन्तव्य मुलुकको रुपमा ढोका खोलेको छ । https://t.co/Pa5En0yojV,337,37,44,0,40917
1.11E+18,CPN (UML),GokarnaRajBista,Gokarna Bista,3/20/2019,11:30:54,होली जस्तै जीवन पनि सप्तरंगी छ । होलीले जीवनलाई सदाबहार सप्तरंगी बनाओस । शुभकामना ।,200,5,7,0,40917
1.11E+18,CPN (UML),GokarnaRajBista,Gokarna Bista,3/12/2019,22:57:06,युवाहरूको श्रम-सिपको पूर्ण परिचालनबाट देशको समृद्धिको यात्रा सम्भव छ | यस कारण सरकारले युवा बेरोजगारीका समस्याहरूको समाधानको लागि पहल गरिरहेको छ | https://t.co/A9dqflEkkP,374,30,36,0,40917
1.10E+18,CPN (UML),GokarnaRajBista,Gokarna Bista,3/8/2019,9:03:28,आजको दिनले सम्पूर्ण दिदीवहिनीहरुलाई देश निर्माणको अभियानमा महत्वपूर्ण भूमिका खेल्न थप उर्जा प्रदान गरोस । अन्तर्राष्ट्रिय श्रमिक महिला दिवसको हार्दिक शुभकामना ।,162,6,7,0,40917
1.10E+18,CPN (UML),GokarnaRajBista,Gokarna Bista,3/2/2019,23:09:51,"वाम आन्दोलनका अग्रणी नेता, पूर्व उपप्रधान एवं अर्थमन्त्री भरतमोहन अधिकारीको निधनले म अत्यन्त दुखी भएको छु । जीवनको अन्तिम अवस्थासम्म पनि पार्टी र देशको लागि चिन्तित दिवंगत भरतमोहन अधिकारीप्रति हार्दिक श्रद्धान्जली अर्पण गर्दै शोकसन्तप्त परिवारमा गहिरो समवेदना प्रकट गर्दछु ।",304,30,22,0,40917
1.09E+18,CPN (UML),GokarnaRajBista,Gokarna Bista,2/6/2019,23:07:21,आज देखि सबै प्रदेशबाट वैदेशिक रोजगारीमा जानेहरूका लागि सेवा सुरु गरिएको छ | यसले थोरै भए पनि सहज बनाउने मा हाम्रो विश्वास छ |,894,107,71,0,40917
1.09E+18,CPN (UML),GokarnaRajBista,Gokarna Bista,1/28/2019,22:39:46,UAE सँगको ODI Series मा शानदार खेल प्रदर्शन गरेकोमा नेपाली क्रिकेट टिमलाई हार्दिक बधाई |,193,6,6,0,40917
1.09E+18,CPN (UML),GokarnaRajBista,Gokarna Bista,1/25/2019,20:56:09,आज धनगढीमा वैदेशिक रोजगार सम्बन्धि सेवा शुरु गरिएको छ | अब केहि दिन भित्र विराटनगरबाट पनि शुरु गरिनेछ |,493,65,54,0,40917
1.09E+18,CPN (UML),GokarnaRajBista,Gokarna Bista,1/20/2019,22:12:48,सुर्खेतबाट पनि वैदेशिक रोजगारीको सेवा आरम्भ गरिएको छ | कर्णाली प्रदेशका बिकट गाउँमा बस्ने युवाहरुलाई समेत यो सेवाले थोरै मात्र भएपनि राहत पुर्‍याउने छ |,544,62,54,0,40917
1.09E+18,CPN (UML),GokarnaRajBista,Gokarna Bista,1/15/2019,9:49:09,मकर संक्रान्ती एवं माघी पर्वको उपलक्ष्यमा नेपाली दाजुभाइ दिदीबहिनीहरुलाई हार्दिक शुभकामना |,168,7,4,0,40917
1.08E+18,CPN (UML),GokarnaRajBista,Gokarna Bista,1/13/2019,18:28:12,पाल्पाको रामपुर महोत्सव तथा व्यापार मेलामा सहभागी हुने मौका पाएँ | कालीगण्डकीको किनारमा रहेको रामपुर विकासका हिसाबले सम्भावनायुक्त छ र यो विकासमा हाम्रो पनि थप प्रयत्न रहने छ | https://t.co/Bqrh4Uqj97,109,9,5,0,40917
1.08E+18,CPN (UML),GokarnaRajBista,Gokarna Bista,1/13/2019,18:18:21,पोखराबाट समेत वैदेशिक रोजगारीमा जानेहरूको लागि श्रम स्वीकृतिको सेवा सुरु भएको छ | यसले वैदेशिक रोजगारीमा जानेहरूलाई थप सहज बनाउने छ तर समृद्धि नेपाल निर्माणका लागि युवा जनशक्तिलाई देशभित्रै काम गर्ने वातावरण निर्माण गर्न जरुरी छ जसका लागि हामी प्राथमिकताका साथ अघि बढिरहेका छौँ |,516,52,46,0,40917
1.08E+18,CPN (UML),GokarnaRajBista,Gokarna Bista,1/7/2019,21:30:04,"वैदेशिक रोजगारीको लागि जापान जाने नेपाली युवाहरूलाई प्रतिस्पर्धी, पारदर्शी र सहज ढङ्गले जाने वातावरण निर्माण गर्ने सन्दर्भमा हाम्रो ध्यान गम्भीरताका साथ गएको छ | https://t.co/YVLAIuLgaG",515,56,48,0,40917
1.08E+18,CPN (UML),GokarnaRajBista,Gokarna Bista,12/30/2018,18:43:03,श्रम स्वीकृति प्रदेश तहबाट दिने प्रकृया आज जनकपुर र बुटवलबाट सुरु गरियो | अब केही दिनमा बांकी सबै प्रदेशबाट पनि सुरु गरिनेछ | प्रदेशबाट उपलब्ध गराइने श्रम स्वीकृतिको व्यवस्थाले युवाहरूमा सहज सुविधा पुग्ने कुरामा आशा राखेको छु |,969,142,106,0,40917
1.08E+18,CPN (UML),GokarnaRajBista,Gokarna Bista,12/28/2018,20:44:12,श्रमिकका समस्यालाई समाधान गर्ने सन्दर्भमा संयुक्त ट्रेड यूनियनको भूमिका थप सशक्त र समन्वयात्मक बन्ने कुरामा म आशावादी छु | https://t.co/f4CGgERQmi,206,18,9,0,40917
1.08E+18,CPN (UML),GokarnaRajBista,Gokarna Bista,12/26/2018,21:56:43,आज चलचित्र क्षेत्रमा काम गर्ने कलाकार तथा प्राबिधिक मित्रहरुसँग भेट भयो | उहाँहरुले चलचित्र क्षेत्रको विकासमा सरकारले गर्न पर्ने कामहरुमा ध्यान आकर्षण गराउनु भयो | https://t.co/fNtnHXLKHX,96,4,4,0,40917
1.08E+18,CPN (UML),GokarnaRajBista,Gokarna Bista,12/18/2018,20:09:22,अन्तर्राष्ट्रिय आप्रवासन दिवसको सन्दर्भमा श्रमिक र उनका परिवारका सदस्यहरुको मर्यादित तथा सुरक्षित जीवनका लागि अन्तर्राष्ट्रिय फोरमहरुमा न्यायपूर्ण आवाजलाई सशक्त बनाउँदै सहकार्य गर्न जरूरी छ | यो अभियानमा लागिरहेका सरोकारवाला सबैसँग थप सहयोगको अपेक्षा राख्दछु | https://t.co/9ql31n5S9U,162,20,5,0,40917
1.07E+18,CPN (UML),GokarnaRajBista,Gokarna Bista,12/11/2018,13:12:56,"'Intergovernmental Conference to adopt the Global Compact for Safe, Orderly and Regular Migration' सम्पन्न पश्चात् आप्रवासनको क्षेत्रमा दूरगामी रूपमा महत्त्वपूर्ण प्रभाव पर्नेछ | साथै विदेशमा रहेका आप्रवासी नेपालीहरुको समस्याको सन्दर्भमा यो महत्त्वपूर्ण रहेको छ | https://t.co/Uo15LZYqAH",183,21,10,0,40917
1.07E+18,CPN (UML),GokarnaRajBista,Gokarna Bista,12/3/2018,22:56:59,रोजगारी सिर्जनाको सन्दर्भमा विज्ञहरुबाट प्राप्त सुझावहरु अत्यन्त महत्त्वपूर्ण रहेका छन् र प्राप्त सुझभहरुले प्रधानमन्त्रि रोजगार कार्यक्रम सफल पार्न सहयोग पुग्नेछ | https://t.co/wMTRc8NFdc,339,35,15,0,40917
1.07E+18,CPN (UML),GokarnaRajBista,Gokarna Bista,11/28/2018,21:23:44,आज कर्णाली प्रदेशको सुर्खेतमा श्रम कार्यालय स्थापना गरियो | यसले प्रदेशको केन्द्रबाटै श्रमिकहरुले सेवा लिन सक्ने अवसर पैदा गरेको छ |,660,67,48,0,40917
1.07E+18,CPN (UML),GokarnaRajBista,Gokarna Bista,11/27/2018,19:16:27,सामाजिक सुरक्षा योजना आज शुभारम्भ भएको छ | यसले श्रमिकको जीवनमा भएको असुरक्षा र अनिश्चिततालाई अन्त्य गर्नेछ र सुरक्षाको अनुभूति सहित मर्यादित जीवनको लागि सहयोग पुर्‍याउने छ | https://t.co/hXm7vjdiq8,517,95,32,0,40917
1.07E+18,CPN (UML),GokarnaRajBista,Gokarna Bista,11/27/2018,8:42:32,"एउटा दियो बल्दैछ आशाको | एउटा सूर्य उदाउँदैछ भरोसाको | एउटा युगको अन्त्य हुँदैछ अन्धकारको | एउटा युगको शुरु हुँदैछ, उत्साहको | एउटा उत्सव मनाउँदैछ देशले, सामाजिक सुरक्षाको | https://t.co/I7D1of35CO",577,108,47,0,40917
1.06E+18,CPN (UML),GokarnaRajBista,Gokarna Bista,11/19/2018,21:24:55,आज नेपालका लागि अमेरिकी राजदूत Randy Berry सँगको भेटघाटमा आप्रवासनको क्षेत्रमा देखिएका समस्याहरुको समाधानका लागि साझेदारी र आपसी सहयोगको संभावनाको बारेमा छलफल भयो । https://t.co/JL6NXrBtwI,167,11,2,0,40917
1.06E+18,CPN (UML),GokarnaRajBista,Gokarna Bista,11/16/2018,21:23:58,बाह्रवटा राष्ट्र सदस्य रहेको कोलम्बो प्रोसेसको बैठकले आप्रवासन सम्बन्धी काठमाडौं घोषणा जारी गरेको छ | यसले हाम्रा साझा मुद्दाहरुमा संयुक्त आवाज उठान गर्न र अनुभव साटासाट गर्न महत्वपुर्ण सहयोग पुग्नेछ | https://t.co/V1hnzYEvR9,164,18,4,0,40917
1.06E+18,CPN (UML),GokarnaRajBista,Gokarna Bista,11/15/2018,19:18:58,आज कोलम्बो प्रोसेसको पाँचौं उच्च अधिकारीहरुको बैठक आरम्भ भएको छ | यसले भोलि हुने मन्त्रीस्तरीय बैठकमा अप्रवासन सम्बंधित साझा सवालहरु र आगामी कार्यदिशाको सम्बन्धमा महत्त्वपूर्ण सुझावहरु सिफारिस गर्ने कुराको अपेक्षा राखेको छु | https://t.co/U8aVjY9Eeb,139,10,4,0,40917
1.06E+18,CPN (UML),GokarnaRajBista,Gokarna Bista,11/14/2018,22:00:35,मन्त्रिपरिषदले सामाजिक सुरक्षा नियमावली २०७५ पारित गरेको छ | यसको कार्यान्वयनले श्रमिकको जीवनमा सामाजिक सुरक्षाको प्रत्याभूति गर्न सहयोग पुग्नेछ |,464,60,16,0,40917
1.06E+18,CPN (UML),GokarnaRajBista,Gokarna Bista,11/8/2018,13:38:47,सम्पूर्ण नेपाली दाजुभाई दिदीबहिनीहरुलाई दिपावलीको हार्दिक सुभकामना ।,346,18,12,0,40917
1.06E+18,CPN (UML),GokarnaRajBista,Gokarna Bista,11/4/2018,20:19:37,मानवअधिकारकर्मी तथा नागरिक समाजका अगुवा पद्मरत्न तुलाधरको निधनप्रति दु:ख व्यक्त गर्दै उहाँप्रति हार्दिक श्रद्धान्जली अर्पण गर्दछु ।,135,11,8,0,40917
1.60E+18,CPN (UML),MaMaheshBasnet,Mahesh Basnet,12/12/2022,11:42:37,"हिजो एमालेको सरकार ढाल्न  परमादेश ,एमाले फोर्न अध्यादेश 
आज सरकार बनाउने स्वार्थको लागी, अपराधी छुटाउन अध्यादेश ,
 नाम रेशम चौधरीको , प्रयोजन अफ्ताब आलमको ।
 देउवा सरकारको उपहार  अध्यादेश, परमाधेश को बहार । 
सचेत बनौं, खबरदारी गरौं।।",72,7,11,0,14882
1.59E+18,CPN (UML),MaMaheshBasnet,Mahesh Basnet,11/12/2022,8:16:39,"नेपाली क्रिकेट टिमको क्याप्टेन हुनुभएकोमा रोहित पौडेललाई हार्दिक बधाई ! उहाँको नेतृत्वमा नेपाली क्रिकेटले अझ सफलता प्राप्त गरोस्, सफल कार्यकालको शुभकामना । https://t.co/No3i3H9mWR",23,0,1,0,14882
1.59E+18,CPN (UML),MaMaheshBasnet,Mahesh Basnet,10/29/2022,7:44:54,छठ पर्व २०७९ को हार्दिक शुभकामना । https://t.co/LtuZKcdfWb,29,0,4,0,14882
1.59E+18,CPN (UML),MaMaheshBasnet,Mahesh Basnet,10/27/2022,13:27:26,थिमि बाट ३ न वडा कार्यालय बालकोट जाने सडक । https://t.co/HD6gVIyT2E,45,4,7,0,14882
1.59E+18,CPN (UML),MaMaheshBasnet,Mahesh Basnet,10/27/2022,13:23:58,"आज भाइ टिकाको पावन दिन बहिनीहरु राधा थापा बस्नेत, शोभा कार्की बस्नेत र शारदा खनाल बस्नेतको हात बाट टिका ग्रहण गरियो । https://t.co/YUEpFhNdja",136,3,8,0,14882
1.58E+18,CPN (UML),MaMaheshBasnet,Mahesh Basnet,10/19/2022,8:56:23,"मनको बिश्वासलाई मतमा बदलौं, सुर्य चिन्हमा मतदान गरौं । 
#VoteForSun #VoteForKiran https://t.co/b5ZZnBXkm2",12,0,2,0,14882
1.58E+18,CPN (UML),MaMaheshBasnet,Mahesh Basnet,10/16/2022,8:09:50,दु:खद समाचार शताब्दी  पुरुष आदरणिय सत्य मोहन जोशी प्रति भावपुर्ण  श्रद्धाञ्जली 🙏🙏 । https://t.co/7cNwlvdqGN,10,1,3,0,14882
1.54E+18,CPN (UML),MaMaheshBasnet,Mahesh Basnet,6/29/2022,8:55:02,"आज असार १५,दहिच्युरा खाने दिन अर्थात 
१९ औं राष्ट्रिय धान दिवस तथा रोपाइँ महोत्सवको अवसरमा हार्दिक शुभकामना व्यक्त गर्दछु। https://t.co/BOvOpc3tyA",16,0,10,0,14882
1.53E+18,CPN (UML),MaMaheshBasnet,Mahesh Basnet,6/4/2022,11:25:54,"सि डिभजन बाट बि डिभिजनमा पुग्न सफल भएकोमा पाल्निङ बाईज युनाईटेड क्लब, सम्पुर्ण खेलाडिहरुमा हार्दिक बधाई, महत्वपूर्ण भुमिका निर्वाहगरी क्लबलाई सफल बानाउन लागिपर्नु भएका अध्यक्ष दावा लामा लगायत सम्पुर्णमा हार्दिक धन्यबाद सहित बधाई, आगामि दिनमा यसैगरि सफल हुदै जानुहोला शुभकामना । https://t.co/k9Y1b8alOf",9,1,1,0,14882
1.53E+18,CPN (UML),MaMaheshBasnet,Mahesh Basnet,5/29/2022,9:52:53,"१५ अौ ऐतिहासिक गणतन्त्र दिवसको अवसरमा मुलुकको अखण्डता,राष्ट्रिय सार्वभौमिकता,स्वाधीनता र राष्ट्रिय एकतालाई अझ सुदृढ गर्दै सामाजिक न्यायसहितको समृध्दि हासिल गर्ने बाटोमा अघि बढ्न सबै नेपालीहरुलाई उत्प्रेरणा मिलोस भन्ने कामना सहित हार्दिक शुभकामना व्यक्त गर्दछु। https://t.co/jyF0vXSj4Y",16,2,5,0,14882
1.51E+18,CPN (UML),MaMaheshBasnet,Mahesh Basnet,4/14/2022,0:10:14,नव बर्ष २०७९ को हार्दिक शुभकामना https://t.co/Smr3b2Ucqz,40,0,2,0,14882
1.51E+18,CPN (UML),MaMaheshBasnet,Mahesh Basnet,4/2/2022,22:12:00,"नेपाल, मलेसिया र पपुवा न्यूगिनी (पीएनजी) सम्मिलित शृंखलामा अपराजित रहँदै शीर्षस्थानमा, हार्दिक बधाई नेपाली राष्ट्रिय क्रिकेट टोलिलाई । #NEPvsMAL https://t.co/Z3vN0K8RSl",28,0,1,0,14882
1.50E+18,CPN (UML),MaMaheshBasnet,Mahesh Basnet,3/8/2022,5:07:39,https://t.co/sdYzjxAaqE,9,0,0,0,14882
1.49E+18,CPN (UML),MaMaheshBasnet,Mahesh Basnet,2/2/2022,8:57:01,"२८५८ औ सोनाम ल्होसारको अवसरमा देशबिदेशमा रहनु भएको सम्पुर्ण नेपाली आमाबुबा दाजुभाइ दिदिबहिनीहरुमा सुख ,शान्ति,समृद्धि सु-स्वास्थ, दीर्घयु तथा उत्तरउत्तर प्रगतिको हार्दिक मंगलमय शुभकामना ! https://t.co/uDCP3Gv8jJ",23,0,1,0,14882
1.48E+18,CPN (UML),MaMaheshBasnet,Mahesh Basnet,1/11/2022,9:20:44,भौगोलिक एकीकरण गरेर नेपाल र नेपालीको परिचय स्थापित गराउने राष्ट्रनिर्माता पृथ्वी नारायण शाहको ३००औं जन्मजयन्ती एवं राष्ट्रिय एकता दिवसको अवसरमा  सम्पूर्ण  नेपाली दिदीबहिनी तथा दाजुभाईहरुमा हार्दिक शुभकामना! https://t.co/GRzzTi2c1Y,144,11,6,0,14882
1.47E+18,CPN (UML),MaMaheshBasnet,Mahesh Basnet,12/16/2021,21:29:18,जकडिएको नेपालको राजनीति भित्र सकारात्मक हस्तक्षेप गर्दै युवा आन्दोलनले स्थापित गरेका नेताहरु @thapagk र @bishwaprakash77  नेपाली कांग्रेशको महामन्त्री निर्वाचित हुनु भएकोमा हार्दिक बधाई । https://t.co/V6c1BREkQH,114,1,8,0,14882
1.47E+18,CPN (UML),MaMaheshBasnet,Mahesh Basnet,11/30/2021,15:51:59,नेकपा एमालेको चालु महाधिबेसनमा २२४ को बिरुद्ध १८४०को भारि मतले राजनेता कमरेड के पी शर्मा ओली अध्यक्षमा निर्बाचित हुनु भएकोमा हार्दिक बधाई | https://t.co/2aYiGKNvof,677,24,68,0,14882
1.46E+18,CPN (UML),MaMaheshBasnet,Mahesh Basnet,11/9/2021,21:45:43,हार्दिक शुभकामना । https://t.co/1spJgxLCnS,54,0,1,0,14882
1.46E+18,CPN (UML),MaMaheshBasnet,Mahesh Basnet,11/3/2021,22:27:09,"कांग्रेस कुनैबेला भक्तपुरको इतिहासमा थियो, भक्तपुर कांग्रेसलाई गुगलमा पढ्ने हो, भुगोलमा खोज्ने होईन । कांग्रेसले राजनीतिलाई सफा गर्छु र एमालेलाई बढार्छु भन्नु चोरको हातमा भण्डारको चावी दिनु जस्तै हो । नेकपा एमालेलाई बढार्छु भन्ने दिवासपना नदेखे हुन्छ ।",263,30,38,0,14882
1.45E+18,CPN (UML),MaMaheshBasnet,Mahesh Basnet,10/28/2021,21:44:25,"संवैधानिक इजलासमा संलग्न ५ श्रीमान् न्यायाधिशहरुले राजिनामा दिएर सहजिकरण गर्नु पर्छ ।
साथै हरि कृष्ण कार्की आयोगले उठाएका प्रश्नहरुको गम्भीर समिक्ष हुनुपर्छ । https://t.co/rmaPXsirEQ",32,1,2,0,14882
1.45E+18,CPN (UML),MaMaheshBasnet,Mahesh Basnet,10/16/2021,10:57:50,नेपाली सस्कृती र पर्व प्रति सम्मान प्रकट गर्दै नेपाली फुटबललाई नयाँ उचाईमा पुर्‍याएर खेल प्रेमी दर्शकहरुको अतुलनीय माया अनि सदभाब बटुल्न सफल प्रशिक्षक अल्मुताइरी प्रति हार्दिक सम्मान।सथै आज हुन लागेको साफ फुटबलको फाइनल खेलमा बिजय हासिल गर्नको लागी नेपाली टिमलाई अग्रीम शुभकामना । https://t.co/2jpNOUuVXS,208,10,4,0,14882
1.45E+18,CPN (UML),MaMaheshBasnet,Mahesh Basnet,10/4/2021,23:43:06,श्रीलन्का बिरुद्द ३-२ नतिजा निकाल्न सफल नेपालि राष्ट्रिय टाेलिलाई हार्दिक बधाई साथै Man of the match हुन सफल अन्जन बिष्टलाई पनि हार्दिक बधाई एबम् धन्यवाद। https://t.co/njtbSLB5f1,136,8,4,0,14882
1.42E+18,CPN (UML),MaMaheshBasnet,Mahesh Basnet,8/3/2021,10:01:55,नेपालि राष्ट्रिय टिमका पूर्व कप्तान पारस खड्काले अन्तर्राष्ट्रिय क्रिकेटबाट सन्यास लिने घोषणा गर्नु भएको छ । नेपाली क्रीकेटलाई दिनु भएको योग्दान देशले सधैं सम्झिने छ र आगामि दिनहरुमा पनि तपाईंको  भूमिकामा नेपाली क्रीकेटको लागि आवश्यक रहनेछ | https://t.co/wyAarU0qJR,244,16,3,0,14882
1.42E+18,CPN (UML),MaMaheshBasnet,Mahesh Basnet,7/31/2021,14:23:45,सबै मान्छेलाई केही न केही कुरामा गर्व हुन्छ। मलाई पनि मरो ७४ वर्षको पीताको युवा जोश र बिरतामा गौरव छ। https://t.co/v6BAQtmNrj,102,1,4,0,14882
1.42E+18,CPN (UML),MaMaheshBasnet,Mahesh Basnet,7/21/2021,22:09:12,"मित्र किसान श्रेष्ठ संगको मेरो सम्बन्ध राजनैतिक सम्बन्ध हो,पौरानिकखालको श्रीमान श्रीमती जस्तो मृत्युमा सति जाने जस्तो सम्बन्ध होइन केही मिडिया किन रमाएका हुन् ?",670,45,62,0,14882
1.40E+18,CPN (UML),MaMaheshBasnet,Mahesh Basnet,6/1/2021,21:13:35,"आजै दिउँसो मेडसिटी अस्पताल गएर उहाँको जीवन संगिनीलाई भेटेर स्वस्थलाभको कामना गरेर फर्केको थिए। फर्केको केही बेरमै विवेकशील साझा पार्टीका संस्थापक अध्यक्ष तथा सामाजिक अभियान्ता उज्वल थापाको असामयिक निधन भएको खबर आयो जुन खबरले मर्माहत बनाएको छ ।
हार्दिक श्रद्वान्जली https://t.co/hpNjpAjRmY",57,2,7,0,14882
1.37E+18,CPN (UML),MaMaheshBasnet,Mahesh Basnet,3/7/2021,17:57:30,नेकपा( एमाले)को सांसदको हैसियतले सदनमा उपस्थित भइएको छ। https://t.co/bOQ44rV30H,1012,28,81,0,14882
1.33E+18,CPN (UML),MaMaheshBasnet,Mahesh Basnet,11/11/2020,17:30:28,पार्टिलाई समिकरण तिर होइन एकीकरण तिर लैजाउँ ।,196,17,26,0,14882
1.30E+18,CPN (UML),MaMaheshBasnet,Mahesh Basnet,9/6/2020,22:22:01,सूर्यविनायक नपाले घूम्ती स्वाब संकलन बूथ संचालन गरेको छ जोखिमयुक्त वडा र टोलको पहिचान गरी स्वास्थ्यकर्मी मार्फत् कन्ट्रयाक्ट ट्रेसिङ्ग गर्दै स्वाब संकलन अभियान सुरुगर्दै आईरहेकोमा आजबाट घूम्ती बुथपनि संचालनमा ल्याएको हो यसले स्वाब संकलन कार्यमाथप प्रभावकारी बन्ने अपेक्षा गरिएको छ https://t.co/xHtB5hARkk,185,30,11,0,14882
1.30E+18,CPN (UML),MaMaheshBasnet,Mahesh Basnet,9/4/2020,10:38:58,https://t.co/iO5OOyLxfC,15,0,0,0,14882
1.27E+18,CPN (UML),MaMaheshBasnet,Mahesh Basnet,6/13/2020,20:53:50,"कालापानी, लिपुलेक र लिम्पियाधुरा समेटेर जारी गरिएको नक्शालाई निशान छाप समाबेश गराउन गरिएको संबिधान संशोधनको पक्षमा मतदान गरियो,ऐतिहासिक क्षणमा सम्पुर्ण नेपाली जनतामा हार्दिक बधाई ज्ञापन गर्दछु,महत्वपुर्ण अबसरमा सहभागी हुने अबसर दिलाउने भक्तपुर बासी जनसमुदायमा आभार प्रकट गर्दछु। https://t.co/ur8AHYyYH5",239,22,11,0,14882
1.27E+18,CPN (UML),MaMaheshBasnet,Mahesh Basnet,6/13/2020,14:49:27,"निसान छापले जोड्दै छ देश,
उठाउदै छ राष्ट्रको स्वाभिमान ।
बधाई नेपाल सरकार, हामी सबै नेपाली जनता । https://t.co/4m8cFyWnZi",130,9,5,0,14882
1.26E+18,CPN (UML),MaMaheshBasnet,Mahesh Basnet,5/21/2020,18:28:42,"नेपाल त्यस्ताे देशहाे जाहाँ स्वतन्त्रता दिवश मनाईदाैन, हामि कसैकाे उपनिवेश न थियाै न रहनेछाैं ।भारतले याे कुरा राम्राे सँग बुजाेस् । साथै मा.मिनेद्र रिजालले भारतिय मिडियामा दिनुभऐकाे जवाफ प्रति पुर्ण समर्थन जनाउदछु ।राष्ट्रकाे सवालमा सबै नेपालि ऐक हाैं । https://t.co/E1sBdOjkp8 https://t.co/crjYbAMZxZ",70,5,2,0,14882
1.25E+18,CPN (UML),MaMaheshBasnet,Mahesh Basnet,4/27/2020,8:22:26,"Sandarva | Janata Television हेरेर प्रतिक्रिया दिनुहाेला ।
https://t.co/xXLHF5PI5y",67,6,10,0,14882
1.25E+18,CPN (UML),MaMaheshBasnet,Mahesh Basnet,4/23/2020,14:40:55,"बामुरामजिको आडमा बिश्वदिप अाराेप प्रमाणित गर्नुहाेस, हाेईन भने तपाँइलाई साईवर क्राईम किन नलगाउने ?
https://t.co/5V7lLJitao",265,33,125,0,14882
1.25E+18,CPN (UML),MaMaheshBasnet,Mahesh Basnet,4/22/2020,18:44:00,"कृषकहरू सम्म याे सुचना जानकारी गराउन सहयाेग गराै‌ ।
“Agri Product Marriage Bureau”(AMB) स्थापना तथा संचालन बारे https://t.co/HJiIqfBdMD",36,12,0,0,14882
1.25E+18,CPN (UML),MaMaheshBasnet,Mahesh Basnet,4/19/2020,17:48:01,"भक्तपुरको गठ्ठाघरदेखि जगातीसम्म निःशुल्क खाना ‘स्टेशन’, दैनिक सयौँलाई खाना खुवाइँदै Shared via @Ujyaalo https://t.co/qovV0dbR6P",19,2,1,0,14882
1.25E+18,CPN (UML),MaMaheshBasnet,Mahesh Basnet,4/19/2020,9:47:35,"२०७७-०१-०७ आज बाट भक्तपुरका चार ठाउँमा खानाको ब्यबस्था सुरु भएको छ। थप जानकारीका लगी
https://t.co/jKvfRZ81lU",40,8,5,0,14882
1.25E+18,CPN (UML),MaMaheshBasnet,Mahesh Basnet,4/19/2020,9:42:52,२०७७-०१-०७ गते बाट भक्तपुरका चार ठाउँमा खानाको ब्यबस्था सुरु भएको छ।https://t.co/jKvfRZ81lU,7,1,0,0,14882
1.25E+18,CPN (UML),MaMaheshBasnet,Mahesh Basnet,4/13/2020,0:12:56,https://t.co/KimPo8S0Sz,24,0,6,0,14882
1.25E+18,CPN (UML),MaMaheshBasnet,Mahesh Basnet,4/3/2020,13:32:59,"धमिलो पानीमा माछा मार्ने तत्व सलबलाइरहेका छन सचेत रहदैं बिश्व संकटको यो क्षेणमा सब एकजुट हौउ।
#Covid19 #StayHomeStaySafe",27,1,1,0,14882
1.24E+18,CPN (UML),MaMaheshBasnet,Mahesh Basnet,3/4/2020,18:03:43,प्रतीक्षाको घडी सकिएको छ। प्रधानमन्त्री ज्यूको मिर्गौला प्रत्यारोपणको शल्यक्रिया सफलतापुर्वक सम्पन्न भएको छ। हार्दिक बधाई छ !!,20,0,0,0,14882
1.22E+18,CPN (UML),MaMaheshBasnet,Mahesh Basnet,1/14/2020,23:54:52,माघे सक्रान्ति(घ्यःचाकु सल्हु) एवं माघी पर्वको उपलक्ष्यमा सम्पुर्ण नेपालीहरुमा हार्दिक मंगलमय शुभकामना व्यक्त गर्दछु !,14,0,0,0,14882
1.20E+18,CPN (UML),MaMaheshBasnet,Mahesh Basnet,12/10/2019,20:55:40,हार्दिक बधाई नेपाली खेलाडीहरुमा। यो जितसँगै नेपालले सागमा ५१ वटा स्वर्ण जितेको छ । सम्पुर्ण बिजेतामा हार्दिक बधाई । https://t.co/ovnbdlvTxQ,15,1,0,0,14882
1.19E+18,CPN (UML),MaMaheshBasnet,Mahesh Basnet,11/6/2019,21:12:32,https://t.co/713BU1tZms,23,4,0,0,14882
1.19E+18,CPN (UML),MaMaheshBasnet,Mahesh Basnet,11/6/2019,19:58:19,नेपाली जनता काे स्वाभिमान कहीले झुक्ने छेैन भारत ले सीमा मिच्ने नेपाली जनता लाई दुख दिनेकाम तत्काल राेक्नु पर्छ अन्यथा नेपाली जनता काे धैर्यताकाे बाध टुट्याे भने परीणाम भाेग्न तयार भएर बसे हुन्छ । साथै दुबै तर्फबाट तत्काल समस्या समाधान गर्न अनुराेध गर्दछु ।,49,9,1,0,14882
1.19E+18,CPN (UML),MaMaheshBasnet,Mahesh Basnet,10/30/2019,10:22:04,"""उदेश्य के लिनु? उडि छुनु चन्द्र एक""
७ महिनामा १४ वटा ८०००+ मि का हिमाल अाराेहण गरी विश्व किर्तिमान राख्न सफल हुनुभएकाे मा हार्दिक बधाई निर्मल पुर्जा पुन (निम्स) । https://t.co/zVp3Ea9LBa",33,5,0,0,14882
1.18E+18,CPN (UML),MaMaheshBasnet,Mahesh Basnet,10/14/2019,19:14:21,"२०७६ असोज २९ गते, भृकुटीमन्डप,
 दिउसो १२ बजे https://t.co/NU8S9DgVr2",11,0,0,0,14882
1.16E+18,CPN (UML),MaMaheshBasnet,Mahesh Basnet,8/16/2019,7:48:47,श्रावण शुक्ल प्रतिपदाको दिन मनाइने यस पर्व भक्तपुरमा आठदिनसम्म चल्दछ । गाईजात्रालाई नेपाल भाषामा सापारु भनिन्छ । गाईलाई विधिवत रूपमा नगर परिक्रमा गराएमा दिवंगतआत्माहरू सजिलैसित स्वर्गलोकमा पुग्छन् भन्ने धार्मिक विश्वास छ । गाइजात्रा पर्व (सापारु)काे हार्दिक शुभकामना ।,2,0,0,0,14882
1.16E+18,CPN (UML),MaMaheshBasnet,Mahesh Basnet,8/15/2019,11:41:00,"प्रत्येक बर्ष साउन  शुक्ल पूर्णिमाका दिन मनाइने रक्षाबन्धन तथा जनैपुर्णिमाको अबसरमा सम्पुर्ण दाजुभाई तथा दिदिबहिनीहरुमा हार्दिक शुभकामना व्यक्त गर्दछु।
#janaipurnima #RakshaBandhan https://t.co/8DtpjZ3j2V",5,0,0,0,14882
1.16E+18,CPN (UML),MaMaheshBasnet,Mahesh Basnet,8/13/2019,14:07:41,"तपाईहरु आलोचनात्मक बन्नुस्, गल्ती कमजोरीहरु पत्ता लगाएर सुधार्नेतर्फ केन्द्रित हुनुस् ।स्थानीय विकास आफ्नै लागि हो, पाँच वर्ष पछाडि चप्पल पड्काउने कि ? जुत्ता टल्काउने ? त्यो तपाईको आफ्नै हातमा छ । https://t.co/A0F3KdlGrE",1,0,0,0,14882
1.16E+18,CPN (UML),MaMaheshBasnet,Mahesh Basnet,8/12/2019,15:05:10,युवा भबिष्यका कर्णधार मात्र होइन वर्तमानका आशा पनि हुन् । अन्तराष्ट्रिय यवा दिवसको हार्दिक शुभकामना । https://t.co/pEZBK0kspv,1,0,0,0,14882
1.16E+18,CPN (UML),MaMaheshBasnet,Mahesh Basnet,8/7/2019,21:41:25,"खानेपानी तथा सरसफाइ विधेयक, २०७५ माथिको छलफल
https://t.co/LeMS91bPhg",3,0,0,0,14882
1.15E+18,CPN (UML),MaMaheshBasnet,Mahesh Basnet,7/16/2019,8:34:32,"गुरु ब्रम्हा गुरुर्विष्णु गुरुर्देवो महेश्वरस् ।
गुरुःसाक्षात् परं ब्रह्म तस्मै श्रीगुरवे नमः ।।
अर्थात् गुरु ब्रह्मा, विष्णु र महेश्वर हुनुहुन्छ।
यस्ता साक्षात् पर ब्रह्म गुरुलाई हार्दिक नमन ।
अाज असार ३१: गुरु पुर्णिमा ।",6,0,0,0,14882
1.15E+18,CPN (UML),MaMaheshBasnet,Mahesh Basnet,7/14/2019,0:35:29,हनुमन्ते खोलाले मध्यपुर थीम र सूर्यबिनायक नगरपालिका डुवाएको क्षेत्रमा स्थलगत निरीक्षण https://t.co/5mEEnDi34x,4,0,1,0,14882
1.15E+18,CPN (UML),MaMaheshBasnet,Mahesh Basnet,7/7/2019,9:35:54,समाजवाद उन्मूख हाम्रो समाज https://t.co/ZTunaLsT0e,3,0,2,0,14882
1.15E+18,CPN (UML),MaMaheshBasnet,Mahesh Basnet,7/6/2019,21:21:37,"सुनपा १० चित्तापाेलमा,क्षेत्र विकास काेष(सांसद काेष),संघ,प्रदेश र नगरपालिकाकाे बजेट द्धारा संचालित आयाेजनाहरुकाे स्थलगत निरीक्षण https://t.co/0A49a8ho6X",3,0,0,0,14882
1.15E+18,CPN (UML),MaMaheshBasnet,Mahesh Basnet,6/30/2019,10:34:33,"२०७६ असार १५ राष्ट्रिय धान दिवस, मुठी राेपी मुरि उव्जाउने महिना र दहि चिउरा खाने दिनकाे सबै नेपाली दिदीबहिनी तथा दाजुभाइहरुमा हार्दिक शुभकामना । https://t.co/oofe8tNoD5",7,0,1,0,14882
1.15E+18,CPN (UML),MaMaheshBasnet,Mahesh Basnet,6/29/2019,21:35:24,सन्दर्भ असार १४ अर्थात राष्ट्रिय वृक्षारोपण दिवस https://t.co/Y0c2O6zjrD,38,5,2,0,14882
1.12E+18,CPN (UML),MaMaheshBasnet,Mahesh Basnet,5/1/2019,7:57:44,श्रमिक र श्रम क्षेत्रलाई सबैले सम्मान गरौ।१३० अाैं अन्तर्राष्ट्रिय श्रमिक दिवसको सबैमा हार्दिक शुभकामना ।,10,2,0,0,14882
1.12E+18,CPN (UML),MaMaheshBasnet,Mahesh Basnet,4/13/2019,21:02:20,https://t.co/D48XvC006b,13,0,0,0,14882
1.11E+18,CPN (UML),MaMaheshBasnet,Mahesh Basnet,3/31/2019,23:26:13,"बारामा आज राति भएको प्राकृतिक बिपदमा परि मृत्यु भएका २५ जना प्रती हार्दिक श्रद्धाञ्जली, साथै घटनामा घाइतेहरुको शिघ्र स्वस्थ लाभको कामना गर्दछु।",7,1,1,0,14882
1.11E+18,CPN (UML),MaMaheshBasnet,Mahesh Basnet,3/26/2019,17:31:59,"अाफ्नै चित्र  हेर्दै, धन्यवाद राजिब भाई । https://t.co/0nmxisqpKy",16,1,0,0,14882
1.08E+18,CPN (UML),MaMaheshBasnet,Mahesh Basnet,12/25/2018,10:20:45,"क्रिसमस डेका अवसरमा क्रिस्चियन धर्मावलम्बी सम्पूर्ण नेपाली दिदीबहिनी दाजुभाइमा सुख, समृद्धि, सुस्वास्थ्य तथा दीर्घायूको शुभकामना |",10,1,0,0,14882
1.06E+18,CPN (UML),MaMaheshBasnet,Mahesh Basnet,11/4/2018,19:36:32,मानवअधिकारवादी तथा वरिष्ठ बामपन्थि राजनितिज्ञ पद्मरत्न तुलाधर प्रति हार्दिक श्रद्धाञ्जली तथा शोकाकुल परिवारजन प्रति गहिरो समवेदना ब्यक्त गर्दछु । https://t.co/zpQvUmsIzj,23,1,3,0,14882
1.77E+18,CPN (UML),yogesbhattarai,Yogesh Bhattarai,3/28/2024,9:59:28,आजबाट सुरु भएको एसइइ परीक्षामा सहभागी ५ लाख ४ हजार ४१४ जना विधार्थीहरुलाई सफलताको हार्दिक शुभकामना व्यक्त गर्दछु ।,47,4,3,4309,472236
1.77E+18,CPN (UML),yogesbhattarai,Yogesh Bhattarai,3/25/2024,10:45:42,आज होली मनाउनुहुने तराइका सम्पूर्ण दिदिबहिनी तथा दाजुभाईमा फागु पुर्णिमा ( होली) का अवसरमा हार्दिक शुभकामना !,48,0,0,4435,472236
1.77E+18,CPN (UML),yogesbhattarai,Yogesh Bhattarai,3/24/2024,21:49:35,"शुरु भयो सुहाङको यात्रा !
ईलामले पायो योग्य पात्र !! https://t.co/mHvlZbSJXI",997,30,303,101923,472236
1.77E+18,CPN (UML),yogesbhattarai,Yogesh Bhattarai,3/24/2024,11:12:26,"पाथिभराबाट कैद गरिएको कुम्भकर्ण हिमालको सुन्दर तस्वीर ! 
फोटो  : फेसबुक https://t.co/WwKwWHdju4",115,8,2,3056,472236
1.77E+18,CPN (UML),yogesbhattarai,Yogesh Bhattarai,3/24/2024,9:06:56,आज पहाडमा र भोली तराईमा मनाइने होली पर्व ( फागु पुर्णिमा) ले नेपाली/ नेपाली वीचको हार्दिकता र एकतालाई थप बलियो बनाउँदै सुदृढ नेपाल रास्ट्र निर्माणमा सबैलाई प्रेरणा मिलोस हार्दिक शुभकामना ! https://t.co/e1bE4OnpXk,45,2,2,2005,472236
1.77E+18,CPN (UML),yogesbhattarai,Yogesh Bhattarai,3/20/2024,10:49:47,https://t.co/y6ezoWuYzq,20,4,0,2332,472236
1.77E+18,CPN (UML),yogesbhattarai,Yogesh Bhattarai,3/8/2024,20:40:37,राधिकाजीलाई हार्दिक बधाई छ ! https://t.co/KkTIleelfi,33,0,0,3156,472236
1.77E+18,CPN (UML),yogesbhattarai,Yogesh Bhattarai,3/8/2024,20:33:10,झुमाजी ( ताप्लेजुङ मैवाखोला ) लाई हार्दिक बधाई छ ! https://t.co/ZEp5BAaZbH,62,2,2,4455,472236
1.77E+18,CPN (UML),yogesbhattarai,Yogesh Bhattarai,3/8/2024,8:35:33,"""महिलामा लगानी  ! सभ्य, समुन्नत समाजको थालनी !!“
११४औं अन्तर्राष्ट्रिय श्रमिक महिला दिवसको सबैमा हार्दिक शुभकामना 🙏🙏",32,1,4,4272,472236
1.77E+18,CPN (UML),yogesbhattarai,Yogesh Bhattarai,3/6/2024,9:54:42,Morning Walk शिवपुरी तारेभीर ! https://t.co/wgJVb9j8sZ,51,0,5,5662,472236
1.76E+18,CPN (UML),yogesbhattarai,Yogesh Bhattarai,2/19/2024,18:09:27,"रौतहट देवाहीगुनाही 
उचिडिहमा नेकपा एमाले जिल्ला कमिटी उपाध्यक्ष कमरेड रुपेस पटेलको निवासमा वहाँका आमा, वुवा सहित परिवारसँग ! 
२०८० फागुन ७ गते https://t.co/8qhyCrgGQ0",56,5,3,3587,472236
1.76E+18,CPN (UML),yogesbhattarai,Yogesh Bhattarai,2/19/2024,8:22:24,"प्रजातन्त्र दिवस फागुन ७ को सबैमा  शुभकामना ! 
प्रजातन्त्रका लागि जीवन उत्सर्ग गर्ने सबै सहिद र अग्रजहरुमा हार्दिक सम्मान !! https://t.co/GFsslyrhxw",39,4,2,2350,472236
1.76E+18,CPN (UML),yogesbhattarai,Yogesh Bhattarai,2/13/2024,13:46:22,"जो हिजो थियो, त्यो आज तपाईंसँग छैन ! 
जो आज छ, त्यसलाई तपाईं आफ्नो ठान्नु हुन्न ! 
चिन्ता छ, तपाईंको भविष्यको, जसको कुनै ठेगान छैन !",80,10,10,10506,472236
1.75E+18,CPN (UML),yogesbhattarai,Yogesh Bhattarai,1/15/2024,10:44:02,शुभकामना https://t.co/jCNbEI6zFp,52,1,2,4610,472236
1.74E+18,CPN (UML),yogesbhattarai,Yogesh Bhattarai,1/1/2024,12:36:29,https://t.co/dSjDSNRxBX,14,0,1,1750,472236
1.74E+18,CPN (UML),yogesbhattarai,Yogesh Bhattarai,12/31/2023,8:32:51,तमु ल्होसार ! सबैलाई शुभकामना !! https://t.co/Ajg8qSU8pF,48,2,4,4919,472236
1.74E+18,CPN (UML),yogesbhattarai,Yogesh Bhattarai,12/25/2023,8:40:52,https://t.co/VJApYLjMre,38,2,16,11450,472236
1.74E+18,CPN (UML),yogesbhattarai,Yogesh Bhattarai,12/23/2023,23:49:07,स्वास्थ्यप्रति सजग र कुरा बुझेकाले ढुसी परेको चामलभन्दा सग्लो आँटा नै किन्छन नि ! उपभोक्तालाई ठग्न अब त गार्है छ है !,128,6,31,18298,472236
1.73E+18,CPN (UML),yogesbhattarai,Yogesh Bhattarai,12/10/2023,18:51:20,"एउटा खास बिषयमा बोल्दा माननीय शुनिल शर्मा सत्ताको निसानामा 
फेरी माननीय अमरेशमाथि धम्की ! 
के सत्ताको पोलपोटीकरण हुँदैछ ?",327,36,37,33095,472236
1.73E+18,CPN (UML),yogesbhattarai,Yogesh Bhattarai,11/17/2023,14:38:13,छठ २०८० https://t.co/AdCJancNCr,79,3,9,5515,472236
1.72E+18,CPN (UML),yogesbhattarai,Yogesh Bhattarai,11/14/2023,7:17:18,नेपाल सम्वत ११४४ नयाँ वर्षको हार्दिक शुभकामना । https://t.co/sf1sE8AlwU,19,2,1,2523,472236
1.72E+18,CPN (UML),yogesbhattarai,Yogesh Bhattarai,11/4/2023,20:37:03,वीरगंजको नामुद मधुशाला र मित्र राजन श्रीवास्तव ! https://t.co/XYZcQ5LrSw,51,0,6,6831,472236
1.72E+18,CPN (UML),yogesbhattarai,Yogesh Bhattarai,11/4/2023,15:07:54,"जाजरकोट, रुकुम लगायतका जिल्लामा विनाशकारी भुकम्पबाट भएको जन/ धनको क्षतीप्रति नेकपा एमाले मधेश प्रदेश कमिटी र सिंगो मधेश दु:खीछ ।  
पीडितहरुको सहयोग र पुन: स्थापनाका लागि आज वीरगंजमा भएको नेकपा एमालेको मधेशप्रदेश स्तरीय विशेस कार्यक्रम मार्फत पार्टीका तर्फबाट रु ३ लाख सहयोग गर्ने",55,3,1,4471,472236
1.72E+18,CPN (UML),yogesbhattarai,Yogesh Bhattarai,10/22/2023,17:46:15,शुभकामना https://t.co/oKK5RkuQeS,116,7,16,8543,472236
1.71E+18,CPN (UML),yogesbhattarai,Yogesh Bhattarai,10/19/2023,10:44:28,देश तथा विदेशमा रहनुभएका सम्पूर्ण नेपाली दिदिबहिनी तथा दाजुभाइहरुमा बडा दशै २०८० को हार्दिक शुभकामना ! https://t.co/6f9UeardL0,100,5,13,6316,472236
1.71E+18,CPN (UML),yogesbhattarai,Yogesh Bhattarai,10/16/2023,18:24:13,"माओवादी अध्यक्ष प्रचण्डले आज धनगढीबाट गरेको घोषणा 
“दशैं/ तिहार पछि प्रधानमन्त्री पुष्पकमल दाहाल र वहाँको सरकारका बिरुद्ध लाखौं जनता सडकमा उतारिने छ ।”
कती हांस्नु ? आजको उत्कृष्ट मजाक !",498,37,87,56489,472236
1.71E+18,CPN (UML),yogesbhattarai,Yogesh Bhattarai,10/10/2023,16:52:57,भोली असोज २४ गते अपरान्ह १२:00 बजे महेन्द्र नारायण निधी मिथिला सांस्कृतिक केन्द्र जनकपुरधाममा हुने उदघाट्न समारोहमा उपस्थितिका लागि सबैमा हार्दिक निमन्त्रणा गर्दछौ ! https://t.co/FFwRWHYKEc,28,3,6,3052,472236
1.71E+18,CPN (UML),yogesbhattarai,Yogesh Bhattarai,9/28/2023,7:14:31,काठमान्डौ उपत्यकामा मनाइने विषेश पर्व इन्द्रजात्राका अवसरमा देश विदेशमा रहनुभएका सम्पूर्ण नेपाली दिदिबहिनी तथा दाजुभाईहरुमा हार्दिक शुभकामना । https://t.co/YDA0LEsut4,45,1,1,3200,472236
1.70E+18,CPN (UML),yogesbhattarai,Yogesh Bhattarai,9/21/2023,0:02:50,२०८४ को निर्वाचनपछि मधेशमा मुख्यमन्त्री र देशको प्रधानमन्त्री एमालेको हुनुपर्छ : योगेश भट्टराई (भिडिओ) – Nepal Press https://t.co/VTTjN0hsxc,42,9,12,3288,472236
1.70E+18,CPN (UML),yogesbhattarai,Yogesh Bhattarai,9/18/2023,8:03:07,"हरितालिका तीज र 
विश्वकर्मा पूजा 
२०८० को  
सबैमा हार्दिक शुभकामना !",76,1,3,5000,472236
1.70E+18,CPN (UML),yogesbhattarai,Yogesh Bhattarai,9/12/2023,6:18:10,"सुवास दाई ! 
कुनै शब्द छैन ! 
महाप्रस्थान ! 
भावपूर्ण श्रद्धान्जली ! https://t.co/ngMzUf1iFN",639,40,128,46575,472236
1.70E+18,CPN (UML),yogesbhattarai,Yogesh Bhattarai,9/7/2023,23:48:34,"जुनसुकै नाममा, जुनसुकै बहानामा जोकसै माथि हुने सांघातिक हमला निन्दनीय र दंडनीय छ । लोकतन्त्रमा बैचारिक घर्षण स्वीकार छ तर बलको प्रयोग त्याज्य छ । 
मित्र महेन्द्र यादबमाथिको हमलाको निन्दा गर्दछु । 
सरकारले के गर्छ ? नजिकबाट हेर्दैछौ !",162,18,51,18191,472236
1.70E+18,CPN (UML),yogesbhattarai,Yogesh Bhattarai,8/30/2023,21:51:56,एमालेले ३५ वर्षअघि सर्रे अम्बासमा बिसाएको जडसूत्रवाद – Online Khabar https://t.co/koMTfrzjP7,70,8,16,8868,472236
1.69E+18,CPN (UML),yogesbhattarai,Yogesh Bhattarai,8/9/2023,22:16:08,"Neta, karmachari, patrakar ra mediako sampati ra swrotko chhanbin garau ... https://t.co/QHGsHW2Q62 via @YouTube",22,4,2,2811,472236
1.69E+18,CPN (UML),yogesbhattarai,Yogesh Bhattarai,8/4/2023,21:02:16,सुनकाण्डमा माओवादी नेताको नाम आएपछि सी आई बि को प्रवेश:अव को को तानिदै छ... https://t.co/Yas63kHy7E via @YouTube,37,5,7,4189,472236
1.69E+18,CPN (UML),yogesbhattarai,Yogesh Bhattarai,8/4/2023,13:41:29,प्रिय भाई हेमराज निरौलाले पृथ्वीको स्वर्ग ताप्लेजुङ्को लोदेन क्षेत्रमा भ्रमण गरेर क्यामरामा कैद गरेका सुन्दर तस्वीरहरु । https://t.co/adnH96L3uW,140,7,4,7727,472236
1.69E+18,CPN (UML),yogesbhattarai,Yogesh Bhattarai,8/3/2023,21:03:16,योगेशको मधेस–पिसकिपिङ मिसनः एक महिने श्वेतपत्र – Maitri News https://t.co/YFchSilFgL,38,4,3,2186,472236
1.69E+18,CPN (UML),yogesbhattarai,Yogesh Bhattarai,8/2/2023,21:49:40,"समिति किन? 
सन २००१ को सेप्टेम्बर ११ मा न्युयोर्क स्थित जुम्ल्याहा टावरमा भएको आक्रमणको छानबिन Federal Bureau of Investigation.(FBI) ले गरिरहेकै बेलामा अमेरिकी संसद US Congress ले पनि बिशेष समिति बनाएर छानबिन गरेको थियो र उक्त समितिले थुप्रै नितीगत बिषयमा सिफारिस गरेको थियो ।",224,14,84,45438,472236
1.69E+18,CPN (UML),yogesbhattarai,Yogesh Bhattarai,8/1/2023,7:44:43,"‘सुन तस्करीमा माओवादी नेताहरुको नेक्सस देखियो, ललिता निवासका मुख्य दोषी प्रधानमन्त्रीकै देब्रे साइडमा छन्’ https://t.co/fWj9ZoOv3F",215,36,56,29234,472236
1.68E+18,CPN (UML),yogesbhattarai,Yogesh Bhattarai,7/28/2023,10:44:51,Threads मा पनि आएको छु  https://t.co/30zciiCdkR,6,0,0,693,472236
1.68E+18,CPN (UML),yogesbhattarai,Yogesh Bhattarai,7/22/2023,17:48:00,"नेपाल र भारतको सीमा 
रक्सौल, वीरगंज 
शंकराचार्य गेट https://t.co/pBD2Casn9G",319,6,14,15678,472236
1.68E+18,CPN (UML),yogesbhattarai,Yogesh Bhattarai,7/19/2023,11:20:33,मधेसमा एमालेले आर्थिक सामाजिक रुपान्तरणका लागि अभियान चलाउने « Yo Bela https://t.co/3Ry9IZ0RBR,37,6,5,2647,472236
1.68E+18,CPN (UML),yogesbhattarai,Yogesh Bhattarai,7/12/2023,9:41:42,"सम्माननीय प्रधानमन्त्री पुष्पकमल दाहाल प्रचण्डकी पत्नी सीता दाहालको निधनको खबरले दु:खी भएको छु । वहाँमा भावपूर्ण श्रद्धान्जली र परिवारजनमा गहिरो समवेदना ब्यक्त गर्दछु ।  
स्व. सीता दाहालले नेपाली समाजको रुपान्तरणमा खेल्नु भएको भूमिका सदा स्मरणीय रहने छ । https://t.co/rZ1tVer4KE",96,2,9,5924,472236
1.68E+18,CPN (UML),yogesbhattarai,Yogesh Bhattarai,7/9/2023,14:55:36,"हामी त प्रधानमन्त्रिको जवाफ सुन्न संसद भवन पुगेका मात्र थियौ ।  
प्रधानमन्त्रि कै अनुरोधमा आजको बैठक भोली असार २५ गतेलाई सारिएको सुचना आयो ।  
जवाफ तयार गर्नु अघि कतै सोध्नु पर्ने होकी ? किन सारिए छ ? कोनि ?",402,39,89,46459,472236
1.68E+18,CPN (UML),yogesbhattarai,Yogesh Bhattarai,7/6/2023,15:13:58,"नेकपा एमाले रौतहट जिल्ला कमिटीको पूर्ण बैठक आज बस्यो ।  
बैठकले २०८० असोज २५ र २६ गते जिल्ला अधिवेशन आयोजना गर्ने निर्णय गर्दै त्यसको तयारीका लागि बिभिन्न कार्ययोजना निर्माण गरेको छ । https://t.co/QuyVe5MTEc",65,3,2,3168,472236
1.68E+18,CPN (UML),yogesbhattarai,Yogesh Bhattarai,7/5/2023,12:40:47,"आउनुहोस 
वीरगंज घुमौ 
चाय, पानी पिउं ! https://t.co/ajTlAIGC7z",315,7,85,36524,472236
1.67E+18,CPN (UML),yogesbhattarai,Yogesh Bhattarai,6/30/2023,8:26:21,"राष्ट्रिय धान दिवस २०८० 
हार्दिक शुभकामना ! 
फोटो : सामाजिक संजाल https://t.co/s7IA8Bgp0l",81,3,11,6364,472236
1.67E+18,CPN (UML),yogesbhattarai,Yogesh Bhattarai,6/28/2023,17:23:16,ईद मुबारक https://t.co/lqhhAn6r4w,43,2,76,3015,472236
1.67E+18,CPN (UML),yogesbhattarai,Yogesh Bhattarai,6/27/2023,10:34:13,https://t.co/wlTs4m9vMt,1,1,1,790,472236
1.67E+18,CPN (UML),yogesbhattarai,Yogesh Bhattarai,6/23/2023,13:49:45,जोगी कूटनीतिबाट फड्को – Online Khabar https://t.co/eF5LmiF4ZS,24,5,3,2744,472236
1.67E+18,CPN (UML),yogesbhattarai,Yogesh Bhattarai,6/19/2023,22:15:39,प्रदेशको नामप्रति असहमत आन्दोलरत पक्ष र कोशी प्रदेश सरकारका बिचमा वार्ता प्रारम्भ भएको छ । लोकतन्त्रमा हर समस्याको समाधान वार्ता र संवादबाट नै खोज्न सकिन्छ । निष्कर्ष सकारात्मक हुनेछ भन्नेमा आशाबादी रहौ ।,63,7,7,4223,472236
1.67E+18,CPN (UML),yogesbhattarai,Yogesh Bhattarai,6/15/2023,18:31:49,उधुम गर्मी @ जनकपुर https://t.co/MFUibtXl8R,113,3,30,10606,472236
1.67E+18,CPN (UML),yogesbhattarai,Yogesh Bhattarai,6/8/2023,23:04:28,"नेपाल - भारत सम्बन्धमा दुई गलत धार 
एक:उत्तेजना मार्फत द्वन्द्वलाई निरन्तरता दिने 
दुई:लगलग कामेर लम्पसार हुने, स्वाभिमान गुमाउने 
दुबै गलत
गर्ने केत 
ऐतिहासिक तथ्य र प्रमाणको आधारमा वार्तागर्ने 
पारस्पारिक लाभ र राष्ट्रिय हितमा समाधान खोज्ने 
सबै तिरबाट बलियो कुटनीतिक पहलगर्ने",123,12,38,13111,472236
1.67E+18,CPN (UML),yogesbhattarai,Yogesh Bhattarai,6/8/2023,22:38:29,"मित्र रोहितजीले शिर्सक  राखिदिनु भयो 
मैले के भने पुरा भिडियो सुन्नु होला 

७० वर्षे प्रावधान हटाउने निर्णयमा मेरो सहमति छैन : योगेश भट्टराई, सचिव, ... https://t.co/JVPKzCkaMQ via @YouTube",25,1,10,5971,472236
1.67E+18,CPN (UML),yogesbhattarai,Yogesh Bhattarai,6/7/2023,21:42:59,"एमालेमा ७० बर्षको प्राब्धान किन आयो, अहिले केछ र पछि के हुन्छ ? https://t.co/bEtMFOEVIT",97,7,49,22500,472236
1.67E+18,CPN (UML),yogesbhattarai,Yogesh Bhattarai,6/4/2023,19:12:48,"कमरेड घनश्याम भुसाल तथा दाई ऋषी भुसाल, मित्र भरत भुसाल र दिपु भुसालका पिता जगन्नाथ भुसालको निधनको खबरबाट दु:खी भएको छु । पिताजीमा भावपूर्ण श्रद्धान्जली र सम्पूर्ण परिवारजनमा गहिरो समवेदना ब्यक्त गर्दछु । https://t.co/hTNZCot6Mz",54,4,13,5477,472236
1.66E+18,CPN (UML),yogesbhattarai,Yogesh Bhattarai,6/1/2023,16:42:53,बजेटमा एमालेका १७ बुँदे ध्यानाकर्षण- नीति तथा कार्यक्रमसँगै समन्वय छैन (पूर्णपाठ) – Nepal Press https://t.co/8M2iJsdvZo,21,3,0,1695,472236
1.66E+18,CPN (UML),yogesbhattarai,Yogesh Bhattarai,5/31/2023,23:24:54,योगेश भट्टराईलाई प्रश्न: प्रधानमन्त्रीलाई राज्यमन्त्रीले स्वागत गरेपछि ह... https://t.co/dN5wdsjAPl via @YouTube,20,4,3,2739,472236
1.66E+18,CPN (UML),yogesbhattarai,Yogesh Bhattarai,5/30/2023,1:57:41,"2023  IPL 
CSK romantic 
Jadeja Hero 
see you next https://t.co/9JqMIlTMts",51,1,5,7333,472236
1.66E+18,CPN (UML),yogesbhattarai,Yogesh Bhattarai,5/29/2023,22:21:52,"आज माननीय अर्थमन्त्रीले संघीय संसदमा प्रस्तुत गर्नु भएको आ ब २०८०/ ८१ को बजेटमा उल्लेखित बिषयमा यही जेठ २१  गतेदेखि संसदमा छलफल हुँदैछ ।  
यहाँका सुझाब र टिप्पणीका लागि अनुरोध गर्दछौ ।  
yogeshb44@gmail.com मा email गर्न सक्नुहुनेछ ।  
धन्यवाद !",82,8,28,11988,472236
1.66E+18,CPN (UML),yogesbhattarai,Yogesh Bhattarai,5/29/2023,10:20:30,"गणतन्त्र दिवश, २०८० को हार्दिक शुभकामना ।",35,1,19,6067,472236
1.66E+18,CPN (UML),yogesbhattarai,Yogesh Bhattarai,5/28/2023,10:41:59,https://t.co/wGoIJJfNaz,31,3,2,2659,472236
1.66E+18,CPN (UML),yogesbhattarai,Yogesh Bhattarai,5/24/2023,22:02:37,"छानबीनमा सबैले सहयोग गर्नु पर्छ ।
छानबीन निष्पक्ष र पारदर्शी हुनु पर्छ https://t.co/hsXNUMNxla",100,9,10,5857,472236
1.66E+18,CPN (UML),yogesbhattarai,Yogesh Bhattarai,5/24/2023,8:38:08,"अद्भुत ! 
साँझमा Everest Base Camp सयौ आरोही र सहयोगीहरु 
Pic. @manish.maharjan444 https://t.co/B3rnRbKuti",63,5,4,3161,472236
1.66E+18,CPN (UML),yogesbhattarai,Yogesh Bhattarai,5/23/2023,8:09:31,पहाड र हिमालका बारेमा https://t.co/hIjfWxp2TX,54,9,11,5738,472236
1.66E+18,CPN (UML),yogesbhattarai,Yogesh Bhattarai,5/21/2023,17:36:41,कान्तिपुर दैनिकको प्रधान सम्पादकमा नियुक्त हुनुभएकोमा मित्र उमेश चौहानजीलाई हार्दिक बधाई र शुभकामना ! https://t.co/ND2HylZ6oK,37,0,6,4145,472236
amanlalmodi_0,CPN(MC),amanlalmodi,Aman Lal Modi,4/14/2022,12:40:27,हार्दिक शुभकामना ।।,2,0,1,0,95
amanlalmodi_1,CPN(MC),amanlalmodi,Aman Lal Modi,10/13/2021,4:19:41,मेरो तर्फवाट पनि शुभकामना पूर्व प्रधानमन्त्री ज्यु  लाइ,0,0,0,0,95
amanlalmodi_2,CPN(MC),amanlalmodi,Aman Lal Modi,9/4/2021,15:04:50,हरेक को समय आउँछन् भन्छन् अब माओबादी को समय आए जस्तो छ,0,0,0,0,95
amanlalmodi_3,CPN(MC),amanlalmodi,Aman Lal Modi,8/26/2021,4:20:01,Best of luck hajur,1,0,0,0,95
amanlalmodi_4,CPN(MC),amanlalmodi,Aman Lal Modi,7/18/2021,14:25:35,बहुत सुन्दर भनाई बुझ्नेले न बुझे पछी कसको के लाग्छ,1,0,0,0,95
amanlalmodi_5,CPN(MC),amanlalmodi,Aman Lal Modi,5/3/2021,4:43:09,त्यो चाहिँ होइन संसद विघटन गरेर जो घृनित काम गरेँ त्यो नै अहिले सबै घटनाको उपज हो ।,0,0,0,0,95
amanlalmodi_6,CPN(MC),amanlalmodi,Aman Lal Modi,5/3/2021,4:39:24,केपी ओलीको नेतृत्वमा चुनावमा सहभागी हुनु भनेको आत्मघाती  election होइन selection हुने बाला छ । सबै दल बेलैमा बुद्धि न पुर्याए फुर्सदको समयमा  पछुताउनु बाहेक केही हुँदैन । बाख्राको गोठालो चितुवालाइ दिए पछी बाख्रा सङ्लो खोजेर पाइन्न।,2,0,2,0,95
amanlalmodi_7,CPN(MC),amanlalmodi,Aman Lal Modi,5/2/2021,16:44:02,अरु पनि विकल्प छ हजुर माधव नेपालको  समुहले २७ गते भन्दा पहिला नै राजिनामा दिने ।,1,0,2,0,95
amanlalmodi_8,CPN(MC),amanlalmodi,Aman Lal Modi,4/30/2021,14:14:41,"जतिबेला प्रतिकूल अवस्था आउँछन् त्यत्ति खेर सरकार र राज्य चाहिन्छ तर प्रतिकूल र गम्भिर अवस्थामा  जब सरकार आफ्नो दावित्व बाट पन्छिन्छ वा भाग्छ त्यत्ति खेर त्यो सरकारलाई  विस्थापन गरी जनताप्रति उतर दावित्व हुने सरकारको  विकल्प खोज्नु नै सबै हितकर हुन्छ ।मुलुक नयाँ रोगबाट सङ्क्रमित छ। गरीब, असहाय,शक्तिविहीनहरूअस्पतालको पहुँचबाट बञ्चित छन।यस्तो अवस्थामा जनताका बारेमा संवेदनशील हुनु त कता हो कता एउटा सभ्य राजनीतिमा कल्पना पनि गर्न नसकिने तरीकाले सत्ता जोगाउने र फाल्ने घृणित खेलहरू जारी छन। यस्तो चरित्रहीन सत्ता चाहिँदैन बिरोध गरौं।",1,0,0,0,95
amanlalmodi_9,CPN(MC),amanlalmodi,Aman Lal Modi,4/8/2021,4:33:06,तपाईंहरूको दोषी चस्मा फुकालेर त हेर्नु कतै तपाइँले दोष लगाएको मान्छे नै महान् त होइनन् ? तपाइँ जसलाई अहिले ठीक भनि राख्नु भाको छ त्यो मान्छे कतै देशको गद्दार त होइनन् ?,0,1,0,0,95
amanlalmodi_10,CPN(MC),amanlalmodi,Aman Lal Modi,4/8/2021,4:28:15,कुरा सत्य तर नि मान्छेको जात लोभी पापी र नेपाली समाजमा अवसरबादी चरित्रका ब्याप्त मनोरोगले ग्रसित छौ कि?,1,0,0,0,95
amanlalmodi_11,CPN(MC),amanlalmodi,Aman Lal Modi,2/23/2021,18:53:15,"तपाइँको धेरैजसो  विश्लेषण सही गर्नु हुँदो रहेछ ,यस भुमिका तपाइँ को नि उल्लेखनीय छ सो हजुर लाइ नि बधाई",1,0,0,0,95
amanlalmodi_12,CPN(MC),amanlalmodi,Aman Lal Modi,2/22/2021,1:15:11,जस्तो गुरु उस्तै चेला,0,0,0,0,95
amanlalmodi_13,CPN(MC),amanlalmodi,Aman Lal Modi,1/27/2021,5:41:42,हामी लाइ नि त्यही लागी राखेको छ तर समाज मा यी निर्णय भएँ दुरगामी असर  जस्तो देखिन्छ ।,0,0,0,0,95
amanlalmodi_14,CPN(MC),amanlalmodi,Aman Lal Modi,1/24/2021,16:22:37,वहा ले  कहीले कसलाई सम्मान गर्नु भाको छ र,1,0,0,0,95
amanlalmodi_15,CPN(MC),amanlalmodi,Aman Lal Modi,1/12/2021,0:34:47,डा. साहेबले  राम्रो कुरा  गर्नु भाको छ तर केपीका  साइबर सेना ले तापाइलाई  खेदेका तर झुटो कुरा लुगदैन सत्य कुरा डकदैन,0,0,0,0,95
amanlalmodi_16,CPN(MC),amanlalmodi,Aman Lal Modi,1/5/2021,9:53:20,Haha,0,0,0,0,95
amanlalmodi_17,CPN(MC),amanlalmodi,Aman Lal Modi,7/5/2020,17:58:09,"एकता ,सङ्घर्ष र रुपान्तरण अहिलेको आवस्यकता",4,0,2,0,95
amanlalmodi_18,CPN(MC),amanlalmodi,Aman Lal Modi,12/30/2019,15:53:16,कस्तो न्यालय कोही भन्छ की मलाई बलात्कार भाको छैन भन्दा नि जेल सजाय कोही मलाई बलात्कार गर्यो न्याय पाउँ भन्दा नि अदालतले धरौटीमा रिहा ।।,0,0,1,0,95
amanlalmodi_19,CPN(MC),amanlalmodi,Aman Lal Modi,12/12/2019,15:28:02,हाम्रो पार्टीका श्रदय क . अध्यक्ष तथा अभिभावक जन्मदिनको हार्दिक शुभकामना !,1,0,0,0,95
amanlalmodi_20,CPN(MC),amanlalmodi,Aman Lal Modi,11/25/2019,6:10:11,#NewProfilePic,0,0,0,0,95
amanlalmodi_21,CPN(MC),amanlalmodi,Aman Lal Modi,11/23/2019,16:56:35,संयोग छोरा घरमा न देखे पछी कता गयो वरपर खोजे तर पनि न देखेपछि मैले पढेको स्कुलमा स्यानो बच्चा हरुको प्रोग्राम छरे सुने अनि हतार हतार त्यहा पुग्दा त छोरा नि बसी राखेको रैछ अन्य बालबालिका हरु झै अनि मनी एक छिन् सङ्गै बालबालिका हरुसङ्ग बसे तेहि स्कुल हो जहाँ म बाल्यकालमा पढेको याद !,2,0,0,0,95
amanlalmodi_22,CPN(MC),amanlalmodi,Aman Lal Modi,11/13/2019,12:16:21,Nice pictures,0,0,0,0,95
amanlalmodi_23,CPN(MC),amanlalmodi,Aman Lal Modi,11/7/2019,12:13:31,Good job,0,0,0,0,95
amanlalmodi_24,CPN(MC),amanlalmodi,Aman Lal Modi,9/22/2019,6:43:09,Rip,0,0,0,0,95
amanlalmodi_25,CPN(MC),amanlalmodi,Aman Lal Modi,9/19/2019,14:58:42,Thanks,1,1,0,0,95
amanlalmodi_26,CPN(MC),amanlalmodi,Aman Lal Modi,9/19/2019,14:55:50,It’s my first tweet in twitter.,1,0,1,0,95
1.76996E+18,CPN(MC),cmprachanda,Prachanda,3/19/2024,11:09:20,"वरिष्ठ साहित्यकार परशु प्रधानको ८० वर्षको उमेरमा भएको असामयिक निधनप्रति दुख व्यक्त गर्दै भावपूर्ण श्रद्धाञ्जली अर्पण गर्दछु। दुखको यस घडीमा शोक सन्तप्त परिवार, शुभेच्छुक एवं साहित्यानुरागीहरूमा गहिरो समवेदना प्रकट गर्दछु। https://t.co/m1zvTOkAkO",43,6,13,4674,413155
1.76939E+18,CPN(MC),cmprachanda,Prachanda,3/17/2024,21:13:33,चीनमा भएको एसियन छनौट खेलबाट पेरिसमा हुने पारा ओलम्पिकका लागि छनौट भएकी पारा खेलाडी पलेशा गोबर्धनलाई बधाइका थप सफलताका निम्ति हार्दिक शुभकामना व्यक्त गर्दछु। https://t.co/ARpJHe7Lei,147,10,3,6421,413155
1.76593E+18,CPN(MC),cmprachanda,Prachanda,3/8/2024,8:19:38,"महाशिवरात्रि २०८० को अवसरमा स्वदेश तथा विदेशमा रहनुभएका हिन्दू धर्मावलम्बी लगायत समस्त नेपालीहरूमा सुख, शान्ति, समृद्धि एवं निरन्तर प्रगतिको हार्दिक शुभकामना व्यक्त गर्दछु।",110,13,134,10984,413155
1.76593E+18,CPN(MC),cmprachanda,Prachanda,3/8/2024,8:19:25,अन्तर्राष्ट्रिय श्रमिक महिला दिवसको शुभ अवसरमा स्वदेश तथा विदेशमा रहनुभएका सम्पूर्ण नेपाली दिदीबहिनीहरूमा हार्दिक शुभकामना व्यक्त गर्दछु। https://t.co/G2RvD92WWM,43,1,0,5114,413155
1.7645E+18,CPN(MC),cmprachanda,Prachanda,3/4/2024,9:28:39,"आज फागुन २१ गते,
सुखानीको जङ्गलमा झापा आन्दोलनका होनहार योद्धाहरूले शहादत प्राप्त गरेको दिन। सुखानीका शहिद परिवारसँग भेट गरी आजको काम प्रारम्भ गरेको छु। सुखानी लगायत जनयुद्ध र जनआन्दोलनका शहिदहरूप्रति उच्च सम्मानसहित हार्दिक श्रद्धाञ्जली। https://t.co/QQlw3DAQcz",204,15,39,16622,413155
1.76395E+18,CPN(MC),cmprachanda,Prachanda,3/2/2024,20:56:22,एकता शिशु निकेतन स्कुलको होस्टेलमा मृत अवस्थामा फेला परेकी १४ वर्षीय बालिका शालीन पोखरेलको मृत्युबारे गम्भीर छानविन गर्न गृह मन्त्रालयलाई निर्देशित गरेको छु। पोखरेल परिवारलाई न्याय दिलाउन सरकार प्रतिवद्ध छ।,179,15,42,23599,413155
1.76231E+18,CPN(MC),cmprachanda,Prachanda,2/27/2024,8:21:45,वरिष्ठ गायक एवं सङ्गीतकार भक्तराज आचार्यको ८२ वर्षमा भएको निधनप्रति गहिरो दुख व्यक्त गर्दछु। नेपाली सङ्गीत क्षेत्रमा उहाँले पुर्‍याउनुभएको योगदानको उच्च सम्मान व्यक्त गर्दै शोकसन्तप्त परिवार र आफन्तमा गहिरो समवेदना प्रकट गर्दछु। https://t.co/CkTfBQgabt,67,4,6,5845,413155
1.75996E+18,CPN(MC),cmprachanda,Prachanda,2/20/2024,21:13:14,"A good meeting with H.E. Mr. @AndrewmitchMP , Minister for Development of the United Kingdom,  at my office today. 

We discussed various dimensions of our bilateral relations, including further strengthening the development partnership between our two countries.",20,3,3,4270,413155
1.75837E+18,CPN(MC),cmprachanda,Prachanda,2/16/2024,12:02:13,https://t.co/bDHylL2Ujx,387,27,143,46086,413155
1.75802E+18,CPN(MC),cmprachanda,Prachanda,2/15/2024,12:46:36,कपिलवस्तुको शिवराज–१ मा यात्रुबाहक बस दुर्घटना हुँदा १० जनाको मृत्यु भएको घटनाप्रति दुख व्यक्त गर्दछु। मृत्यु हुने यात्रुहरूप्रति भावपूर्ण श्रद्धाञ्जली अर्पण गर्दछु। घाइतेहरूको स्वास्थ्यलाभको कामनासहित उद्दार र उपचारमा क्रियाशील हुन सुरक्षा प्रशासनलाई निर्देशित गर्दछु।,36,3,6,5742,413155
1.75629E+18,CPN(MC),cmprachanda,Prachanda,2/10/2024,18:07:28,नेपाल क्यानडासँगको एक दिवसीय सिरिजको दोस्रो खेलमा पनि विजय भएको छ। यो विजयसॅगै खेलको पूर्णता अगावै नेपालले सिरिजको उपाधि जितेको छ। यो महत्त्वपूर्ण सफलताका लागि नेपाली राष्ट्रिय क्रिकेट टिमलाई हार्दिक बधाई ! https://t.co/jSbu8kemjp,139,16,29,17560,413155
1.75598E+18,CPN(MC),cmprachanda,Prachanda,2/9/2024,21:34:26,"On the occasion of Chinese New Year, I extend my profound wishes to President H.E. Xi Jinping, the government and the friendly people of China for good health, peace &amp; prosperity.

I’m sure that the ties between our two countries will continue to strengthen in the year of Dragon.",57,14,7,7911,413155
1.75376E+18,CPN(MC),cmprachanda,Prachanda,2/3/2024,18:28:34,"मैले आज उदयपुर सिमेन्ट उद्योगको मुख्य पूर्वाधार हेरेँ, समस्याको मूल प्रकृति के रहेछ भन्ने जानकारी लिए। यसलाई बचाउने र पुर्ण क्षमतामा सञ्चालन गर्ने विषयमा सरोकारवालाहरुसङ्ग छलफल भएको छ, नीतिगत तहमा थप छलफल हुन्छ।
२०८०/१०/२० गते
उदयपुर https://t.co/7zleddcHiY",132,13,30,7408,413155
1.75365E+18,CPN(MC),cmprachanda,Prachanda,2/3/2024,10:56:58,"अहिले सरकारले सुशासन, सामाजिक न्याय र समृद्धिको अभियानलाई दृढताका साथ अघि बढाएको छ। राज्यमा सुशासन कायम गर्न कर्मचारीको योगदान धेरै महत्वपूर्ण रहन्छ।

मैले सुशासन कायम गर्न तथा कर्मचारीतन्त्रभित्र देखापरेका समस्या समाधान गर्न कर्मचारी सङ्गठनबाट सकारात्मक सहयोगको अपेक्षा गरेको छु। https://t.co/BacqhKYkxU",105,8,21,6929,413155
1.75224E+18,CPN(MC),cmprachanda,Prachanda,1/30/2024,13:43:08,शहिद दिवसका सन्दर्भमा देश र जनताको मुक्ति र परिवर्तनका निम्ति आफ्नो जीवन अर्पण गर्ने महान् शहीदहरूप्रति श्रद्धापूर्वक स्मरणका साथ हार्दिक श्रद्धाञ्जली अर्पण गर्दछु। सम्पूर्ण बेपत्ता योद्धाहरूको उच्च सम्मान र स्मरण एवं घाइते योद्धाहरूको शीघ्र स्वास्थ्यलाभको कामना गर्दछु। https://t.co/2T9Kh6hzfV,108,7,20,11306,413155
1.7509E+18,CPN(MC),cmprachanda,Prachanda,1/26/2024,20:57:55,आइसीसी १९ वर्षमुनिको विश्वकप क्रिकेटको सुपर सिक्समा प्रवेश गर्न सफल नेपाली युवा क्रिकेट टोलीलाई हार्दिक बधाई ज्ञापन गर्न चाहन्छु। आगामी चरणको खेलमा उत्कृष्ट प्रदर्शनका लागि शुभकामना व्यक्त गर्दछु।,148,10,18,11090,413155
1.75075E+18,CPN(MC),cmprachanda,Prachanda,1/26/2024,11:00:46,"On the occasion of 75th Republic Day of India, I extend my best wishes to PM Shri @narendramodi ji, the government and friendly people of India for good health, peace and prosperity. 

I am confident that the ties of friendship between our countries will continue to grow further.",48,7,3,4121,413155
1.74862E+18,CPN(MC),cmprachanda,Prachanda,1/20/2024,13:51:44,"Good meeting with H.E. Mr. Ranil Wickremesinghe, President of the Democratic Socialist Republic of Sri Lanka in the sidelines of NAM Summit. 

We held discussions on various issues of our bilateral interests, including connectivity, tourism and regional cooperation. https://t.co/H7TqA9t9jV",91,11,96,5649,413155
1.74833E+18,CPN(MC),cmprachanda,Prachanda,1/19/2024,18:47:19,"Today's world is full of injustice, inequality, division, discord, and exclusion.

Let us reinvigorate NAM to make it a force to be reckoned with to build a just, equitable, peaceful, sustainable, and prosperous world leaving no one behind. https://t.co/mKTCPBN36p",84,7,12,6262,413155
1.74818E+18,CPN(MC),cmprachanda,Prachanda,1/19/2024,8:56:14,"Arrived in Kampala, Uganda to attend @NAM_Uganda. 

Look forward to engage with leaders from NAM countries over the next two days. https://t.co/hrLu6VtbPy",118,12,36,12941,413155
1.74679E+18,CPN(MC),cmprachanda,Prachanda,1/15/2024,13:00:49,सम्माननीय राष्ट्रपतिज्यूसॅग आज बिहान राष्ट्रपति निवास शितलनिवासमा भेट भयो। भेटको अवसरमा माघे सङ्क्रान्ति (मकर संक्रान्ति) र माघी पर्वको शुभकामना आदानप्रदान गरीयो। https://t.co/uslo6iA4mx,149,5,32,10512,413155
1.74283E+18,CPN(MC),cmprachanda,Prachanda,1/4/2024,14:18:54,"Glad to welcome Hon. @DrSJaishankar , Minister of External Affairs of India, at my office, Singhadurbar. 

Exchanged substantive views on age-old, unique, and multifaceted Nepal-India relations. https://t.co/LVBfoPEYBt",1002,68,84,34025,413155
1.74168E+18,CPN(MC),cmprachanda,Prachanda,1/1/2024,10:15:54,"At the beginning of 2024, I wish you all a  peace, harmonious and prosperous year.

May this year inspire we all to work together to achieve good governance, social justice and prosperity.",69,4,49,11510,413155
1.74073E+18,CPN(MC),cmprachanda,Prachanda,12/29/2023,19:16:45,आज दिउँसो बालकुमारीमा भएको आकस्मिक र अप्रत्याशित घटनामा २ जना युवाको मृत्यु भएकोप्रति गहिरो दुख व्यक्त गर्दछु। घटनाको सत्यतथ्य छानविनको लागि समिति गठन भैसकेको छ। छानविनको काम छिटो र प्रभावकारी बनाउन विशेष निर्देशन गर्दछु।,535,31,556,104552,413155
1.73823E+18,CPN(MC),cmprachanda,Prachanda,12/22/2023,22:10:48,"दुई दशक पछि मोरङको मिक्लाजुङ्ग पुग्ने अवसर मिल्यो । न्यानो स्वागत र आतिथ्यका लागि पार्टी, स्थानीय सरकार र जनसमुदायलाई हार्दिक धन्यवाद व्यक्त गर्दछु।
मिक्लाजुङ्गको विकास र समृद्धिको लागि तपाईहरुले उठाएका मुद्दामा केन्द्र सरकारको ध्यान रहनेछ। https://t.co/23FSXvLNwH",56,2,10,6605,413155
1.73669E+18,CPN(MC),cmprachanda,Prachanda,12/18/2023,15:47:26,"""त्रिभुवन विश्वविद्यालयको उपकुलपतिको नियुक्ति देश तथा विदेशमा रहेका योग्यतम व्यक्तिहरूका बिच प्राज्ञिक प्रतिस्पर्धाका आधारमा गरिनेछ। विश्वविद्यालयमा हुने राजनीतिक भागबन्डाको अन्त्य गरिनेछ।""
- त्रिभुवन विश्वविद्यालयको ४९ औं दिक्षान्त समारोह
२०८०/०९/०२, दशरथ रंगशाला https://t.co/vFS3QkvYTn",146,10,46,12310,413155
1.7339E+18,CPN(MC),cmprachanda,Prachanda,12/10/2023,22:51:24,अन्तर्राष्ट्रिय मानवअधिकार दिवसको सन्दर्भमा द्वन्द्वपीडितका परिवारसँग पारिवारिक र भावनात्मक वातावरणमा छलफल भयो। उहाँहरुले न्याय प्राप्तिको संघर्षमा सरकार साथमा रहेको अनुभूति भएको बताउनु भयो। मैले कानुन निर्माणको लागि सरकारलाई ऊर्जा प्राप्त भएको महसुस गरेको छु। https://t.co/7SGVpnYj30,58,10,101,4763,413155
1.73317E+18,CPN(MC),cmprachanda,Prachanda,12/8/2023,22:36:59,"मैले तीन पटक सरकारको नेतृत्व गर्दा सुदुरपश्चिम प्रदेशको शिक्षा, स्वास्थ्य, पर्यटन, कृषि, ऊर्जा, उधोग, खेलकुद, सडक सन्जाल विस्तार तथा पुर्वाधार विकास लगायतका क्षेत्रमा रणनैतिक महत्वका निर्णय गरेको छु। सुदुरपश्चिमको विकास सॅधै मेरो प्राथमिकतामा रहॅदै आएको छ।
२०८०/०८/२२, धनगढी https://t.co/sRcEXUcUoj",108,9,24,6937,413155
1.73158E+18,CPN(MC),cmprachanda,Prachanda,12/4/2023,13:45:51,RT @COP28_UAE: Everyone on Earth deserves to be protected from hazardous climate events. Early Warnings for All is a groundbreaking initiat…,0,77,0,0,413155
1.73095E+18,CPN(MC),cmprachanda,Prachanda,12/2/2023,19:45:52,"On the occasion of the 52nd National Day (Union Day) of the UAE, I extend my sincere congratulations to the Government and people of 🇦🇪. I also wish for the continued peace, progress and prosperity of the UAE and its friendly people.",40,3,11,6269,413155
1.73071E+18,CPN(MC),cmprachanda,Prachanda,12/2/2023,3:45:23,"Delighted to meet H. E. Mr Miguel Mario Díaz-Canel, President of the Republic of Cuba in the margins of COP28 in Dubai. We held discussions on various issues of our bilateral interests. https://t.co/KbHfNm9kNJ",108,11,9,5878,413155
1.73017E+18,CPN(MC),cmprachanda,Prachanda,11/30/2023,15:56:17,"जलवायु परिवर्तनको प्रभावबाट सिर्जित समस्याको कारण हामी होइनौं। हामीले नगरेको कर्मको भारी बोकेका छौँ। नेपाल कोप २८ मा माग्नेको रूपमा होइन अधिकार कायम गर्ने गरी प्रस्तुत हुन्छ। कोपमा हाम्रो उपस्थिति यही मनस्थिति र तयारीका साथ रहेको छ।
२०८०/०८/१४, अबुधाबी",159,18,55,18660,413155
1.7258E+18,CPN(MC),cmprachanda,Prachanda,11/18/2023,14:29:11,"हामीले जलवायु परिवर्तनबाट सिर्जित समस्याको मुल्य चुकाईरहेका छौं। जसले बढी कार्बन उत्सर्जन गरेका छन, उनीहरुले जलवायु कोषमार्फत क्षतिपूर्ति दिनुपर्छ। 

कोप-२८ मा नेपालले सहयोगको याचना गर्ने होइन, उक्त फोरमको नेतृत्व गर्दै हाम्रो अधिकार स्थापित गर्ने हो। 
२०८०/०८/०२ कालापत्थर https://t.co/l37veFb9tn",109,10,10,7038,413155
1.72555E+18,CPN(MC),cmprachanda,Prachanda,11/17/2023,22:04:42,"Today evening, I addressed the Leaders’ Session of the 2nd Voice of Global South Summit hosted by Shri @narendramodi ji, PM of India.

The Summit is timely &amp; relevant in the present context especially as we grapple with a multitude of challenges in a world beset with turbulence. https://t.co/nTr2p93d2n",144,14,9,8832,413155
1.72518E+18,CPN(MC),cmprachanda,Prachanda,11/16/2023,21:49:47,"हाम्रो पार्टीका केन्द्रीय सल्लाहकार, संविधानसभाका सदस्य, वरिष्ठ वाम बुद्धिजीवी कृष्णदास श्रेष्ठको जीवनसंगिनी कमरेड महालक्ष्मी श्रेष्ठको निधनप्रति गहिरो दुख व्यक्त गर्दछु। उहॅाप्रति भावपूर्ण श्रद्धासुमन अर्पण गर्दै शोकाकूल परिवार, आफन्त र शुभेच्छुकहरूमा गहिरो समवेदना प्रकट गर्दछु।",79,5,7,7484,413155
1.72399E+18,CPN(MC),cmprachanda,Prachanda,11/13/2023,14:50:02,"भुकम्प पछिको राहत, पुनर्निमाण र पुनर्स्थापनाको लागि आजको मन्त्रिपरिषदबाट धेरै महत्वपुर्ण निर्णयहरु गरिएको छ। यसले भुकम्प पीडितलाई तत्काल अस्थायी आवासमा फर्काउनेछ भने दीर्घकालिन रुपमा पुनर्निमाणको आधार तयार गर्नेछ। https://t.co/HIMroaNEn3",111,14,18,10874,413155
1.72071E+18,CPN(MC),cmprachanda,Prachanda,11/4/2023,13:47:31,"हिजो राति गएको विनासकारी भूकम्पको क्षति बुझ्न, घाइतेहरूको उद्दार र पीडितको राहतका निम्ति प्रभावित क्षेत्रमा छु। पीडितलाई राहत र घाइतेहरूको उपचारका लागि सरकार गम्भीर रहेको जानकारी गराउँदै यस कार्यमा सहकार्य र हातेमालोका लागि सम्पूर्ण राजनीतिक दल र नागरिक समाजमा अपील गर्दछु। https://t.co/P9jGJ0lBOa",290,27,21,22126,413155
1.72043E+18,CPN(MC),cmprachanda,Prachanda,11/3/2023,18:43:01,"I extend my heartfelt congratulations to the Nepal Cricket Team for their selection in the T-20 World Cup 2024.
Utmost respect for the achievements and successes achieved.Emphasize the government's unwavering support for Nepali cricket and wish them all the best upcoming journey.",342,20,54,32147,413155
1.72037E+18,CPN(MC),cmprachanda,Prachanda,11/3/2023,15:14:55,टी-२० विश्वकप प्रतियोगितामा छनोट भएकोमा नेपाली क्रिकेट टोलीलाई हार्दिक बधाइ ज्ञापन गर्दै नेपाली टोलीको आगामी यात्रामा सफलताको कामनासहित सरकार सधै यहाँहरूको साथमा रहने प्रतिवद्धता व्यक्त गर्दछु।,291,16,81,34269,413155
1.71969E+18,CPN(MC),cmprachanda,Prachanda,11/1/2023,17:48:44,"Appreciate UNSG @ for his official visit to Nepal &amp; strong messages he has sent to int. community about global peace, development, climate justice &amp; reform of IFIs. We look forward to working closely with you on those vital global issues. https://t.co/H4QST7hCZ8",169,12,12,16639,413155
1.71933E+18,CPN(MC),cmprachanda,Prachanda,10/31/2023,18:14:16,"Together with @antonioguterres, Secretary-General of the @UN, today I visited Lumbini, the birthplace of Gautam Buddha.

I express my appreciation to @antonioguterres for your thoughtful decision to visit this historic place of global significance. https://t.co/MVJawewyCY",149,19,14,9957,413155
1.7186E+18,CPN(MC),cmprachanda,Prachanda,10/29/2023,17:48:10,"Excellent meeting with H.E. Mr. @antonioguterres, Secretary General of @UN.We had wide-ranging deliberations on various issues of national and global significance, including climate change, Nepal's peace process along with TJ, SDGs, and Nepal-UN relations among others. https://t.co/KlvYUTnXK9",161,25,19,10188,413155
1.71787E+18,CPN(MC),cmprachanda,Prachanda,10/27/2023,17:32:17,"Saddened to learn the sad demise of former Premier Li Keqiang, who made immense contributions to promoting 🇳🇵-🇨🇳relations. In his demise, we lost a good friend &amp; well wisher of 🇳🇵&amp; Nepali people. 

Deepest &amp; heartfelt condolences to Govt. &amp; people of 🇨🇳&amp; bereaved family members.",62,6,5,8151,413155
1.71679E+18,CPN(MC),cmprachanda,Prachanda,10/24/2023,18:04:49,उत्कृष्ट प्रदर्शनमार्फत् अन्तिम प्रतिष्पर्धामा युएईलाई हराउँदै एसिसी यु-१९ प्रिमियर कपको गर्विलो उपाधि चुम्न सफल भएकोमा युवा क्रिकेट खेलाडीहरूलाई हार्दिक बधाई तथा धन्यवाद!,116,9,22,13257,413155
1.7145E+18,CPN(MC),cmprachanda,Prachanda,10/18/2023,10:03:00,न्यानो एवं हार्दिक स्वागतका लागि आदरणीय मुस्ताङवासी दिदीबहिनी तथा दाजुभाइहरूमा हार्दिक धन्यवाद। https://t.co/VFxSTKFqie,451,9,96,33972,413155
1.71212E+18,CPN(MC),cmprachanda,Prachanda,10/11/2023,20:45:53,"जनवादी गणतन्त्र चीनको होङ्झाओमा आयोजित १९ औं एशियाली खेलकुद प्रतियोगितामा रजतपदक विजेता कराते खेलाडी एरिका गुरुङ र कास्यपदक विजेता महिला कबड्डी टिमका सदस्यहरु, प्रशिक्षकहरु र व्यवस्थापकलाई देशको लागि पदक दिलाएकोमा हार्दिक बधाई तथा धन्यवाद व्यक्त गर्दछु। https://t.co/RsJEhBRyfZ",95,7,15,7578,413155
1.7114E+18,CPN(MC),cmprachanda,Prachanda,10/9/2023,20:47:37,"Likewise, the Gov. of Nepal has also decided to coordinate on the search of missing and on treatment of the injured.

The Charted flights will be managed to repatriate the Nepalese from Israel.

In this time of grief and difficulty, I appeal to all Nepali people to be patient.",169,18,22,20436,413155
1.71139E+18,CPN(MC),cmprachanda,Prachanda,10/9/2023,20:20:32,"The Special meeting of the Council of Ministers, today has declared a National Day of Mourning on 23rd of Ashoj, to mourn the loss of lives.

The meeting has also decided to repatriate the dead bodies as soon as possible in coordination with the Government of Israel.",77,9,6,14637,413155
1.71138E+18,CPN(MC),cmprachanda,Prachanda,10/9/2023,19:47:44,I am deeply saddened by the loss of lives of our promising youths during the attack of Hamas in Israel. I express my heartfelt condolences to the departed souls and sympathy to the bereaved families.,139,18,32,26499,413155
1.71095E+18,CPN(MC),cmprachanda,Prachanda,10/8/2023,15:29:45,I am deeply saddened by the loss of life and damage of property due to the Earthquake in Afghanistan today. My Condolences on loss of precious lives. wish a speedy recovery to the injured. Nepal stands with Afghanistan in this difficult time.,149,12,15,20881,413155
1.71071E+18,CPN(MC),cmprachanda,Prachanda,10/7/2023,23:23:46,"I unequivocally condemn the terrorist attack in Israel this morning. Nine of the Nepalis have been reportedly injured. At this critical hour, I extend my heartfelt sympathies to injured Nepalis and other innocent victims and their families.",990,182,298,541705,413155
1.70909E+18,CPN(MC),cmprachanda,Prachanda,10/3/2023,12:18:08,१९ औं एसियाली खेलकुद प्रतियोगितामा मंगोलिया र माल्दिभ्ससँगको प्रतिस्पर्धामा विश्व रेकर्डसहित प्राप्त गरेको सफलताप्रति हार्दिक बधाई ज्ञापन गर्दै आज बिहान भारतसँग भएको खेलमा उत्कृष्ट प्रदर्शनका लागि नेपाली क्रिकेट टिमलाई हार्दिक धन्यवाद व्यक्त गर्दछु।,128,10,44,18821,413155
1.70781E+18,CPN(MC),cmprachanda,Prachanda,9/29/2023,23:28:10,"आज छेन्दुमा चिनियाँ कम्युनिष्ट पार्टी सिचुवान प्रान्तका सेक्रेटरी एवं जनकाङ्ग्रेस स्थायी समितिका अध्यक्ष Wang Xiaohui सङ्ग भेट भयो। 

उहाले मेरो चीन भ्रमण धेरै राम्रो र सफल भएको,  यसले दुईदेशबिचको सम्बन्धमा नया आयाम थपेको बताउनु भयो। न्यानो र हार्दिक स्वागतको लागि धन्यवाद ! https://t.co/7ICZZb8Tqb",173,14,44,17344,413155
1.70722E+18,CPN(MC),cmprachanda,Prachanda,9/28/2023,8:09:02,https://t.co/TK3ruDBRt4,62,5,10,8511,413155
1.70707E+18,CPN(MC),cmprachanda,Prachanda,9/27/2023,22:07:38,"Xizang (तिब्बत)Autonomous Regian का CPC पार्टी सचिव H.E. Wang Junzheng सङ्ग ल्हासामा भेटवार्ता भयो।

दुई देश र नेतृत्वका बिच भएका पारस्परिक हित र  साझा मामिलामा अनन्तकालसम्म सहकार्य गरेर जाने समझदारीबारे उहाको बुझाई राम्रो लाग्यो।

न्यानो आतिथ्यका लागि हार्दिक धन्यवाद ! https://t.co/FqW5pRYE8O",147,14,18,10918,413155
1.70671E+18,CPN(MC),cmprachanda,Prachanda,9/26/2023,22:13:56,चिनियाँ जनक्रान्तिको ऐतिहासिक ठाउँ Chongquing को भ्रमण गरि यसले कृषि तथा वैज्ञानिक अनुसन्धानका विविध क्षेत्रमा गरेको प्रगतिलाई नजिकबाट नियाल्ने अवसर मिल्यो। न्यानो स्वागत र भव्य आतिथ्यका लागि CPC CC PBM Or Chongqing Municipal Committee Secretary Yuan Jiajun लाई हार्दिक धन्यवाद ! https://t.co/W3IMeHNKdL,121,5,18,7852,413155
1.70622E+18,CPN(MC),cmprachanda,Prachanda,9/25/2023,13:37:23,"During this official visit to China, I laid a wreath at the Monument to the People’s Heroes at Tiananmen Square in Beijing. https://t.co/RQDoXhYDtJ",119,7,11,7969,413155
1.70619E+18,CPN(MC),cmprachanda,Prachanda,9/25/2023,11:56:41,"I had a fruitful meeting with Premier Li Qiang of PR China at the Great Hall of the People today.  

Exchanged substantive views on consolidating traditionally warm and cordial ties and promotion of mutually beneficial cooperation between our two countries. https://t.co/X1hXtNYLVf",126,12,10,6427,413155
1.70619E+18,CPN(MC),cmprachanda,Prachanda,9/25/2023,11:55:08,"Today, I had a cordial meeting with H.E. Mr. Zhao Leji, Chairman of the National People’s Congress of China. We shared views on Nepal-China relations. https://t.co/r7oIdsqdJW",73,6,3,4624,413155
1.70588E+18,CPN(MC),cmprachanda,Prachanda,9/24/2023,15:33:45,Nepal-China Business Summit आयोजना गर्नु भएकोमा FNCCI र CCPIT लाई हार्दिक धन्यवाद व्यक्त गर्दै नेपालको आर्थिक समृध्दि र विकासमा तपाईहरुको सहकार्यले महत्वपुर्ण योगदान गर्ने विश्वास लिएको छु। https://t.co/iYg5SzCNEg,89,6,4,4479,413155
1.70585E+18,CPN(MC),cmprachanda,Prachanda,9/24/2023,13:10:46,"Delighted to attend at the opening ceremony of 19th Asian Games in Hangzhou to encourage Nepali athletes to demonstrate their skill &amp; ability to achieve great success.

I’m optimistic that Nepali team will uphold the true spirit of sports and return home with dignified results. https://t.co/PbrP6WzNJb",128,7,12,6649,413155
1.70564E+18,CPN(MC),cmprachanda,Prachanda,9/23/2023,23:29:55,"Had a fruitful meeting with H.E. Xi Jinping, President of PR China. 

We exchanged views on a range of issues of bilateral relations and cooperation in our mutual interests.

We agreed to collaborate closely and advance Nepal-China relations to strengthen ever-lasting friendship. https://t.co/KUBGlXtrrG",330,25,25,16711,413155
1.7051E+18,CPN(MC),cmprachanda,Prachanda,9/22/2023,11:51:44,न्युयोर्कस्थित संयुक्त राष्ट्रसंघको मुख्यालयमा Replubic of Korea का महामहिम राष्ट्रपति YOON SUK YEOL सङ्ग सौहार्दपुर्ण भेटवार्ता भयो।भेटका क्रममा द्विपक्षीय सम्बन्ध र पारस्परिक हितका विविध विषयमा छलफल भएको छ। https://t.co/HB95YvIbSz,319,17,13,34096,413155
1.7051E+18,CPN(MC),cmprachanda,Prachanda,9/22/2023,11:31:20,"अमेरिकी राष्ट्रपति महामहिम जो बाइडेन र श्रीमती बाइडेनलाई न्यानो स्वागत तथा आतिथ्यका लागि हार्दिक आभार तथा धन्यवाद !
#pmprachanda #UNGA78 #jobaiden #UnitedNations https://t.co/iaD0YFwYwa",1444,49,211,94407,413155
1.70489E+18,CPN(MC),cmprachanda,Prachanda,9/21/2023,21:57:49,"संयुक्त राष्ट्रसंघको महासभामा High-Level Meeting on Universal Health Coverage (UHC) लाई सम्बोधन ! 
21 September 2023, New York https://t.co/Tuz2uq5iCx",141,9,8,6927,413155
1.7047E+18,CPN(MC),cmprachanda,Prachanda,9/21/2023,9:36:39,I was quite delighted to meet with Prime Minister of Norway H. E. Jonas Gahr Støre on the sidelines of the UNGA78 today. We had indepth discussions on how we can further strengthen our bilateral relations and cooperation including at multilateral fora. https://t.co/UDSxfVpGvL,126,9,7,6823,413155
1.70453E+18,CPN(MC),cmprachanda,Prachanda,9/20/2023,22:13:26,संयुक्त राष्ट्रसंघको ७८औं  महासभामा Climate Ambition Summit 2023 लाई सम्बोधन https://t.co/iVOsDoNd40,55,3,2,3412,413155
1.70453E+18,CPN(MC),cmprachanda,Prachanda,9/20/2023,22:05:42,"Addressing the High-Level Meeting of the UN General Assembly on 'Pandemic Prevention, Preparedness and Response' https://t.co/kqNBVkPxIu",74,5,7,4280,413155
1.70431E+18,CPN(MC),cmprachanda,Prachanda,9/20/2023,7:46:36,"Had excellent meeting with H. E. Mr. Ranil Wickremesinghe, President of Sri Lanka. We held discussions on a range of issues of bilateral relations and cooperation in our mutual interests. We also agreed to work closely together in regional and multilateral fora including the UN. https://t.co/TP7DWn6jfO",51,5,5,3089,413155
1.7043E+18,CPN(MC),cmprachanda,Prachanda,9/20/2023,7:04:11,"देश तथा विदेशमा रहनु भएका सम्पुर्ण नेपाली दिदीबहिनी तथा दाजुभाईहरुमा संविधान दिवस २०८० को अवसरमा सुख, शान्ति र उत्तरोत्तर प्रगतिको हार्दिक शुभकामना व्यक्त गर्दछु। https://t.co/nP3CWFVvog",62,4,27,7251,413155
1.704E+18,CPN(MC),cmprachanda,Prachanda,9/19/2023,10:36:14,https://t.co/3xAIU8IjN1,120,14,17,10109,413155
1.70381E+18,CPN(MC),cmprachanda,Prachanda,9/18/2023,22:06:17,"अतिकम विकसित देशहरूको अध्यक्षको तर्फबाट संयुक्त राष्ट्रसंघको ७८ औं महासभामा SDG Summit - 2023 लाई सम्बोधन
https://t.co/06Zi1IoA9L",21,4,6,2238,413155
1.70357E+18,CPN(MC),cmprachanda,Prachanda,9/18/2023,6:08:42,"Delighted to meet with UNSG Antonio Guterres in UN Headquarters in NY today. We held discussions on different issues including Nepal's peace process, peacekeeping, climate change, SDGs, LDCs &amp; development financing. We agreed to further enhance Nepal-UN engagements &amp; partnership. https://t.co/cb4M1XddPM",212,20,19,15136,413155
1.70267E+18,CPN(MC),cmprachanda,Prachanda,9/15/2023,18:58:11,"नागरिक उड्डयन प्राधिकरणको नवनिर्मित कार्यालय भवन समुद्घाटन कार्यक्रम । २०८० भदौ २९ गते । सिनामङ्गल, काठमाडौं । https://t.co/Zs4oQBs8ed",41,3,3,3482,413155
1.70258E+18,CPN(MC),cmprachanda,Prachanda,9/15/2023,13:07:06,"वातावरण संरक्षण तथा जलवायु परिवर्तन व्यवस्थापन राष्ट्रिय परिषद्को दोश्रो बैठक ।।
(२९ भाद्र २०८०, बालुवाटार) https://t.co/QNOaOYOj4E",28,0,1,3114,413155
1.70251E+18,CPN(MC),cmprachanda,Prachanda,9/15/2023,8:02:17,https://t.co/QhbnqFCgzU,106,10,21,11287,413155
1.7023E+18,CPN(MC),cmprachanda,Prachanda,9/14/2023,18:18:35,"१९ औं एसियाली खेलकुदमा सहभागी हुन प्रस्थान गर्नुहुने खेलाडीहरुलाई बधाई तथा शुभकामना कार्यक्रम ।। २०८० भदौं २८ गते ।। बालुबाटार, काठमाडौं । https://t.co/apxEAXlJz9",38,3,4,3168,413155
1.70223E+18,CPN(MC),cmprachanda,Prachanda,9/14/2023,13:45:05,दिवंगत नेता सुवास नेम्वाङप्रति हार्दिक श्रद्धान्जली ! https://t.co/Es0WLujWBg,60,5,7,4159,413155
1.70194E+18,CPN(MC),cmprachanda,Prachanda,9/13/2023,18:49:17,नेपाल भ्यूज अनलाइनको दोस्रो वार्षिकोत्सवको अवसरमा आयोजित कार्यक्रमलाई सम्बोधन गर्नुहुँदै सम्माननीय प्रधानमन्त्री पुष्पकमल दाहाल प्रचण्ड ।। २०८० भदौ २७ गते । बानेश्वर काठमाडौं । https://t.co/3pHGNEaWgC,57,4,3,4163,413155
1.70152E+18,CPN(MC),cmprachanda,Prachanda,9/12/2023,14:29:58,"संविधानसभाका अध्यक्ष, पूर्व सभामुख एवम् नेकपा (एमाले) का उपाध्यक्ष कमरेड सुवास नेम्वाङप्रति भावपूर्ण श्रध्दाञ्जली !! https://t.co/4rF0X2h3bR",138,3,24,10035,413155
1.70151E+18,CPN(MC),cmprachanda,Prachanda,9/12/2023,14:05:13,https://t.co/2TUgLpdiSc,60,6,6,5306,413155
1.70139E+18,CPN(MC),cmprachanda,Prachanda,9/12/2023,5:53:15,संविधानसभाका अध्यक्ष तथा पूर्व सभामुख कमरेड सुवास नेम्वाङको असामयिक निधनको खबरले मर्माहत भएको छु । दिवंगत कमरेड नेम्वाङप्रति भावपूर्ण श्रद्धान्जली अर्पण गर्दै शोकाकुल परिवारजनमा हार्दिक समवेदना प्रकट गर्दछु ।,171,14,24,13937,413155
1.70119E+18,CPN(MC),cmprachanda,Prachanda,9/11/2023,16:30:40,"नेकपा (माओवादी केन्द्र), नेकपा (एकीकृत समाजवादी), जनता समाजवादी पार्टी र नेपाल कम्युनिस्ट पार्टी सम्मिलित समाजवादी मोर्चा, नेपालको प्रदेशस्तरीय सन्देश सभा कार्यक्रम।
(२५ भाद्र २०८०, विराटनगर) https://t.co/eLXifdwFpy",51,2,2,3238,413155
1.7011E+18,CPN(MC),cmprachanda,Prachanda,9/11/2023,10:33:43,"वैदेशिक रोजगारीमा रहेका नेपाली श्रमिक तथा कामदारहरू र उहाँहरूले भोग्नुपरेका समस्या एवं समाधान केन्द्रित २ दिवसीय अन्तरक्रिया।  अन्तरक्रियामा सरोकारवाला मन्त्रालयका मन्त्री र सचिवज्यूहरू, विदेशस्थित विभिन्न १३ देशका महामहिम नेपाली राजदूतहरू र कुटनीतिज्ञहरू हुनुहुन्छ। https://t.co/hyPuMIW3cL",66,6,11,4270,413155
1.70081E+18,CPN(MC),cmprachanda,Prachanda,9/10/2023,15:31:22,"समाजवादी मोर्चा, नेपालद्वारा हेटौंडामा आयोजित सन्देश सभा । २०८० भदौं २२ गते । हेटौडा, मकवानपुर https://t.co/FcYuUdJcgq",35,2,3,3149,413155
1.70073E+18,CPN(MC),cmprachanda,Prachanda,9/10/2023,10:11:46,"आसन्न चीन भ्रमणबारे प्रधानमन्त्री तथा मन्त्रिपरिषद्को कार्यालय सिंहदबारमा पूर्वप्रधानमन्त्रीसहित संसदमा प्रतिनिधित्व गर्ने दलका प्रमुख नेताहरू, नेपाल सरकारका परराष्ट्र मन्त्री, पूर्व परराष्ट्र मन्त्रीहरु लगायतसँग छलफल । https://t.co/AIGlH7V7XZ",84,3,18,6620,413155
1.7001E+18,CPN(MC),cmprachanda,Prachanda,9/8/2023,16:43:13,"प्रदीप गिरि मेमोरियल ट्रष्ट लहानद्वारा आयोजित नेपाली कांग्रेसका निष्ठावान नेता पूर्व केन्द्रीय सदस्य, पूर्व सांसद एवं बहुआयामिक व्यक्तित्व स्व. प्रदीप गिरीको प्रथम वार्षिकी सभा ।। https://t.co/rLqiyjl2HQ",49,2,7,3685,413155
1.7E+18,CPN(MC),cmprachanda,Prachanda,9/8/2023,10:20:42,"बीसौं निजामती सेवा दिवसका अवसरमा आयोजित समारोह । २०८० भदौ २२ गते । सिंहदरबार, काठमाडौं https://t.co/F1J9ArLqgP",28,1,2,2634,413155
1.69922E+18,CPN(MC),cmprachanda,Prachanda,9/6/2023,6:39:50,"कृष्णाष्टमी २०८० को सुखद् अवसरमा स्वदेश तथा विदेशमा रहनुभएका समस्त नेपालीहरूमा पारिवारिक पुनर्मिलन, सामाजिक सद्भाव र एकतासहित सुख, शान्ति, सुस्वास्थ्य, समृद्धि र निरन्तर प्रगतिको हार्दिक शुभकामना व्यक्त गर्दछु।",72,9,7,7988,413155
1.69905E+18,CPN(MC),cmprachanda,Prachanda,9/5/2023,18:57:25,"भूतपूर्व गोरखा सैनिकहरूको ‘‘गोरखा समस्या समाधानका लागि आयोजित अन्तरक्रिया कार्यक्रम"" ।। २०८० भदौ १९ गते । बानेश्वर, काठमाडौ https://t.co/UJ1bWAR66n",49,3,3,4908,413155
1.69862E+18,CPN(MC),cmprachanda,Prachanda,9/4/2023,14:49:24,"संविधान अनुसार बन्न बाँकी कानूनहरुको अध्ययन प्रतिवेदन, २०८० बारे राष्ट्रिय सभामा सम्बोधन https://t.co/bvkOBORTkD",44,1,3,3169,413155
1.69856E+18,CPN(MC),cmprachanda,Prachanda,9/4/2023,10:20:33,"National Conference on Sentencing Regime in the Context of Transitional Justice Process in Nepal : September 4, 2023 ; Baneshwor, Kathmandu https://t.co/MMdoJluQB9",29,1,0,2889,413155
1.69828E+18,CPN(MC),cmprachanda,Prachanda,9/3/2023,16:12:19,https://t.co/R8t3hO6bso,132,9,88,14029,413155
1.69708E+18,CPN(MC),cmprachanda,Prachanda,8/31/2023,8:47:57,https://t.co/uhWGeyDyLr,195,13,17,13201,413155
1.69678E+18,CPN(MC),cmprachanda,Prachanda,8/30/2023,12:57:38,https://t.co/1lXpN8Vma3,204,12,26,13376,413155
1.69654E+18,CPN(MC),cmprachanda,Prachanda,8/29/2023,20:50:27,"सामाजिक-सांस्कृतिक आन्दोलनको अग्रज व्यक्तित्व, पोखराको वाम-प्रजातान्त्रिक आन्दोलनका अगुवा टेकनाथ बरालको दुखद् निधनप्रति गहिरो दुख व्यक्त गर्दछु। पोखरेलीका अभिभावक बरालप्रति भावपूर्ण श्रद्धाञ्जली अर्पण गर्दै शोक सन्तप्त परिवार र शुभेच्छुकहरूमा गहिरो समवेदना प्रकट गर्दछु। https://t.co/N0GOcj8TgS",54,2,8,4662,413155
1.6964E+18,CPN(MC),cmprachanda,Prachanda,8/29/2023,11:39:15,"संघीय संसद्¸ प्रतिनिधि सभाका माननीय सदस्यहरूले उठाउनु भएका प्रश्न र जिज्ञासा सम्बन्धमा जवाफसहितको मन्तव्य ।। २०८० भाद्र १२ गते, मंगलवार https://t.co/94lhXPbPYp",47,1,7,3599,413155
1.69638E+18,CPN(MC),cmprachanda,Prachanda,8/29/2023,10:17:20,उपत्यका विशेष प्रदेश प्रशिक्षण कार्यक्रम ।। राष्ट्रिय सभागृह काठमाडौं ।। २०८० भदौ १२ गते https://t.co/zfSVFbEP1E,55,5,8,4430,413155
1.69614E+18,CPN(MC),cmprachanda,Prachanda,8/28/2023,18:20:25,https://t.co/0QyjnixPHp,121,9,23,11746,413155
1.69604E+18,CPN(MC),cmprachanda,Prachanda,8/28/2023,11:46:25,"राष्ट्रिय विकास समस्या समाधान समितिको बैठक । २०८० भदौ ११ गते । सिंहदरबार, काठमाडौं https://t.co/lSBPoNxxJe",71,4,6,4553,413155
drckraut_0,Janamat,drckraut,Chandra Kant Raut,4/17/2024,15:53:01,"क्यान्टिनमा दिइराखेको खाना छाडेर कोही सडकमा फालेको सडेगलेको मैला खान तैयार भयो भने यसको अर्थ  उसले मैला नै खान चाहेको हो भने होइन, बरू यसको अर्थ हो कि क्यान्टिनमा हामी त्योभन्दा पनि खत्तम कुरा 'डेलिभर' गरिराखेका छौं। संचालकहरू यति भ्रष्ट र अहंकारी भए।",141,13,4,0,0
drckraut_1,Janamat,drckraut,Chandra Kant Raut,4/17/2024,15:29:34,"अबको राजनैतिक विकल्प भनेकै जनमत पार्टी हो। जनमत पार्टीसँग नै अधिकार, पहिचान र विकासको राजनैतिक दर्शन र रोडम्याप छ। यो पार्टीमा नै सत्ताको लोभलालच नगरी नि:स्वार्थ भावले सेवा गर्ने अठोठ छ। त्यसैले निश्चितताका साथ #हातेमाइक 📢 चिन्हमा नै मतदान गरेर जनमत पार्टीलाई विजयी बनाऔं।",23,3,2,0,0
drckraut_2,Janamat,drckraut,Chandra Kant Raut,4/16/2024,16:47:08,"३०-४० दिन मात्रै पनि जनता सिंहदरबार अगाडि गोली खान तैयार भइदिए, मन्त्रालय घेर्न तैयार भए दिए, मन्त्री र नेताका गाडी घेर्न तैयार भइदिए, घर घेर्न तैयार भइदिए, के हुन्छ ? यो व्यवस्था रहन्छ? देश त्यो अवस्थामा पुगिसकेको छ। त्यसैले विकल्प दिनै पर्छ - नौलो गणतन्त्र र सामाजिक लोकतन्त्रको",256,31,111,0,0
drckraut_3,Janamat,drckraut,Chandra Kant Raut,4/12/2024,10:56:32,साउदी अरबको  #रियादमा गैरआवासीय मधेशी संघको कार्यक्रम शुरू हुँदै🙏🏻,33,1,3,0,0
drckraut_4,Janamat,drckraut,Chandra Kant Raut,3/22/2024,14:24:32,#इलाम साहित्य महोत्सवमा चैत १७ गते डा. सी. के. राउतसँग राजनैतिक वार्तालाप,66,2,3,0,0
drckraut_5,Janamat,drckraut,Chandra Kant Raut,3/21/2024,14:34:52,"देशभरिका #इन्जिनियरहरू एक होऔं - देश विकासमा जुटौं।

नेपाल कहिले बन्यो भने त्यो #इन्जिनियरहरूकै हातबाट नै बन्नेछ किनकि निर्माण भनेकै इन्जिनियरिङ्गसँग सम्बन्धित शब्द हो।

हजारौं वर्षदेखि धर्म, दर्शन, कानून र राजनीतिले दिन नसकेको समाधान अन्तत: इन्जिनियरिङ्गले नै दिन्छ।",340,23,20,0,0
drckraut_6,Janamat,drckraut,Chandra Kant Raut,3/19/2024,16:46:44,आज त्रिभुवन विश्वविद्यालयको CNAS हलमा प्राज्ञिक विमर्श समूहले आयोजना गरेको 'लोकतन्त्र र नैतिकता'  विषयको अन्तरक्रिया कार्यक्रम,116,6,2,0,0
drckraut_7,Janamat,drckraut,Chandra Kant Raut,3/18/2024,16:55:28,जेफ बेजोस् नेपाली भएको भए १६ लाखले त्यसै जागिर पाउँथे होला। तर हामी कहाँ यस्तो राजनैतिक दर्शन छ कि जेफ बेजोस् नेपालमा जन्मेको भएको हँसियाले घाँटी छिनाइन्थ्यो होला। कतै नेपालको #बालविवाह #समाजवादसँग गराइएको त होइन? काँचै उमेरमा आमा बन्न बाध्य गरिँदा आमाको ज्यानै जाने खतरा हुन्छ।,344,45,14,0,0
drckraut_8,Janamat,drckraut,Chandra Kant Raut,3/16/2024,7:06:11,जनमत पार्टीको केन्द्रीय समितिको बैठक वीरगंजमा शुरू भएको अवस्था🙏🏻,97,7,3,0,0
drckraut_9,Janamat,drckraut,Chandra Kant Raut,3/15/2024,2:26:09,"अर्थमन्त्री काँ?
बजेट बाँडी खा 
खै मेरो बजेट?
सचिवले खायो
खै सचिव?
कर उठाउन गयो
खै कर?
जनताले तिर्यो 
खै जनता?
पैसो कमाउन गयो
खै पैसो?
कर्मचारीले खायो
खै कर्मचारी?
दूलो भित्र पस्यो
खै दूलो?
अख्तियारले पुर्‍यो
खै अख्तियार?
सानो माछा खोज्न गयो
खै माछा?
खोलातिर बग्यो
खै खोलो?
सुक्यो",1500,347,72,0,0
drckraut_10,Janamat,drckraut,Chandra Kant Raut,3/9/2024,4:24:55,"नौलो गणतन्त्रको आन्दोलन किन? - डा. सी. के. राउत, #नागरिक दैनिक, २०८० फाल्गुन २६ गते शनिबार📷",42,9,1,0,0
drckraut_11,Janamat,drckraut,Chandra Kant Raut,3/9/2024,4:24:23,"गौतमबुद्धलाई पत्र - डा. सी. के. राउत (२०५७ सालको रचना)
कान्तिपुर कोसेली, २०८० फाल्गुन २६ गते शनिबार",29,3,2,0,0
drckraut_12,Janamat,drckraut,Chandra Kant Raut,2/27/2024,15:38:34,"सप्तरीमा मन्त्री र सभासद्हरूमाथि ज्यानलिने गरी भएको घटना घटाउन मधेश प्रदेशका #मुख्यमन्त्रीले #प्रहरीका #उच्च #पदाधिकारीहरू #समेतलाई #पैसा दिएको आरोप आएको छ, त्यसको छानबिन होस्।   
साढ़े ३ अर्बको रकमान्तर भ्रष्टाचार काण्डको छानबिन होस्, बजेट कसैको निजी सम्पत्ति होइन।",56,12,2,0,0
drckraut_13,Janamat,drckraut,Chandra Kant Raut,2/27/2024,11:01:02,"मधेश प्रदेश सभा घेराऊ किन?

१. मुख्यमन्त्रीको अगुवाईमा शिक्षा मन्त्री महेश प्रसाद यादवसहित सभासद्हरूमाथि ज्यान मार्ने गरी नै राजबिराजमा भएको घटनाको छानबिन गर्ने समिति बनाउन र कारबाही गर्न

२. साढे ३ अर्बको रकामान्तर घोटाला काण्डको विषयमा प्रतिवेदन आएर कारबाही गराउन",51,7,2,0,0
drckraut_14,Janamat,drckraut,Chandra Kant Raut,2/26/2024,12:26:44,"मधेश प्रदेशको राजनीति ! #मुख्यमन्त्रीले प्रदेश नीति आयोगका सदस्य डा. सोहन प्रसाद साहलाई #बर्खास्त गरेको छ। मधेश त्यसै असाक्षर र अविकसित भएको हो? हाम्रो शिक्षा मन्त्री हुँदा  प्रदेश  साक्षरता कार्यक्रमको डिजाइन गरेका, हुलाकी सडकमा रोजगारी सिर्जना छलफल चलाएर लोकप्रिय भइरहेका थिए।",40,8,1,0,0
drckraut_15,Janamat,drckraut,Chandra Kant Raut,2/25/2024,11:48:03,मीटरब्याजी र लघुवित्त पिडितहरूसँग हरेक मोर्चामा हामी साथ छौं,109,13,5,0,0
drckraut_16,Janamat,drckraut,Chandra Kant Raut,2/24/2024,10:05:10,संत शिरोमणि श्रीरविदास जयन्तीको अवसरमा हार्दिक मंगलमय शुभकामना 🙏🏻 #EndUntouchability #SocialJusticeToDalits,27,2,0,0,0
drckraut_17,Janamat,drckraut,Chandra Kant Raut,2/22/2024,11:53:16,"सत्ता-संचालकहरू #सेतोबाघ बाट त्रसित छ। #जंगबहादुरको हबिगत हामीले देखेकै हौं, छोरा जर्नल र नाती जर्नलको जे हाल भएको थियो, सुध्रेनौं भने त्यही हालत नहोला, भन्न सकिन्न।",180,20,5,0,0
drckraut_18,Janamat,drckraut,Chandra Kant Raut,2/22/2024,10:12:23,"बिहीबार प्रतिनिधिसभाको बैठकमा बोल्दै डा. सी. के. राउत कोतपर्व, भण्डारखाल पर्वजस्ता हिंसात्मक घटनाबाट प्रधानमन्त्री बनेका जंगबहादुर राणा आफैं सेतो बाघसँग डराएको भन्दै प्रमुख राजनीतिक दलहरु पनि आफैंले ल्याएको शासन व्यवस्थासँग डराएको टिप्पणी गरेका हुन् ।",33,3,0,0,0
drckraut_19,Janamat,drckraut,Chandra Kant Raut,2/21/2024,15:30:57,"“#आप्रवासी #जनमत #संघ” विभिन्न #वर्ग/#व्यवसाय, क्लष्टर (संविधानले तोकेअनुसार #आदिवासी #जनजाति, #खसआर्य, #थारू, #दलित, #पिछडावर्ग, #मधेशी, #मुस्लिम, #अल्पसंख्यक साथै अन्य)   र क्षेत्र (#जिल्ला/#पालिका/#प्रदेश अनुसार) गठन गर्न हुन सम्बन्धित सबैलाई सूचित गरिन्छ।",25,2,0,0,0
drckraut_20,Janamat,drckraut,Chandra Kant Raut,2/6/2024,11:34:34,"२०८१ ज्येष्ठ १५ गते ‘गणतन्त्र दिवस’का दिन काठमाडौंको भृकुटी मण्डपमा हुने भव्य-सभामा सहभागी होऔं 

भ्रष्टाचार मेटाऔं, दलतन्त्रको तानाशाही हटाऔं, जनताको अधिकार जनताकै हातमा दिऔं

प्रत्यक्ष निर्वाचित प्रधानमन्त्रीसहित “नौलो गणतन्त्र र सामाजिक लोकतन्त्र” ल्याउन आन्दोलन सफल पारौं",26,3,1,0,0
drckraut_21,Janamat,drckraut,Chandra Kant Raut,2/5/2024,18:22:14,"जनमत पार्टीले औंल्यायो देश विकास हुन नसक्नुका पाँच कारण
माघ २२, २०८० कान्तिपुर संवाददाता",27,1,3,0,0
drckraut_22,Janamat,drckraut,Chandra Kant Raut,2/5/2024,2:33:37,"प्रत्यक्ष निर्वाचित प्रधानमन्त्री, निर्वाचन अधिकृत, महालेखा परीक्षक, न्यायाधिवक्ता र अख्तियार प्रमुख हुनुपर्ने भन्दै अध्यक्ष राउतले विभिन्न विभागीय मन्त्रीहरू नरहने प्रस्ताव पेश गरेका छन्",145,12,9,0,0
drckraut_23,Janamat,drckraut,Chandra Kant Raut,2/4/2024,14:29:35,"आखिर नेपालको विकास किन भएन?
रिभर्स इन्जिनियरिङ्ग दृष्टिकोण तथा ‘दोस्रो गणतन्त्र र सामाजिक लोकतन्त्र’को लडाईँ, २०८०/१०/२१ गते  जनमत पार्टीद्वारा  केन्द्रीय सचिवालयको बैठकमा छलफलका लागि राजनैतिक प्रस्ताव प्रस्तुत 
",35,2,1,0,0
drckraut_24,Janamat,drckraut,Chandra Kant Raut,2/3/2024,5:07:36,"साम्यवाद आउँदै हो? निजी भगाउने, राज्यलाई सुम्पने ( र नातागोता वा कार्यकर्ताबीच बाँड्ने) #alert #1984",85,11,7,0,0
drckraut_25,Janamat,drckraut,Chandra Kant Raut,1/30/2024,2:55:09,"लखन थापा वा बाँका वीर नै प्रथम शहीद किन, जबकि देशको लागि दुश्मनसँग लडेर ज्यान दिने कालुपाँडेहरू त राज्यविस्तारकै क्रममा थिए ?

किनकि अहिले आद्य खस शासनकाल हो, त्यसैले शहीद भनेको  अगाडिको शासनकाल (राणाकाल) फालेर खस शासन ल्याउन आहुति दिएकाहरू हुन्। 

शहीद दिवसको हार्दिक शुभकामना",84,10,7,0,0
drckraut_26,Janamat,drckraut,Chandra Kant Raut,1/28/2024,15:42:58,"#मासिन्या - #मण्डला थिएटरमा आज हेर्ने मौका जुर्यो। अभिनय, भावना, प्रकाश र संगीतको गज्जबको संयोजन।  त्यसमाथि #तामाङ् जातिमाथि राज्यले गरेको दमनको कथा आफ्नै जीवनसँग समेत मेल खाने। प्रहरी र अगुवा  मिलेर गाउँका निर्दोष मान्छेलाई फसाउँदै जेल कोच्ने अनि आफ्नो प्रभुत्व स्थापित गर्ने कथा",60,4,3,0,0
drckraut_27,Janamat,drckraut,Chandra Kant Raut,1/27/2024,3:19:32,"पैसा खाएर छानबिन समितिले स्पष्ट रूपमा भएको ठूलो ३ अर्ब ३४ करोड़को भ्रष्टाचारलाई ढाकछोप गर्ने  प्रतिवेदन दिए छानबिन समितिका सदस्यहरूमाथि समेत मुद्दा दर्ता गर्नु पर्दछ। प्रदेश सरकार कसैको बपौती होइन, तपाईं हाम्रै जनताको एकएक पैसाबाट चल्ने हो। ",143,38,7,0,0
drckraut_28,Janamat,drckraut,Chandra Kant Raut,1/25/2024,15:40:41,"मधेश प्रदेश सरकारले ल्याएको ‘मुख्यमन्त्री बेटी पढाऊ, बेटी बचाऊ’ कार्यक्रममा भएको भ्रष्टाचार काण्डमा मुख्यमन्त्रीलाई राजनैतिक संरक्षण गर्ने र कर्मचारीलाई मात्रै दोषी मानेर सजाय गर्ने निर्णय  पक्कै पनि राजनैतिक मिलेमतो हो। जनताले सबै बुझेकै छन्",124,25,4,0,0
drckraut_29,Janamat,drckraut,Chandra Kant Raut,1/17/2024,10:57:33,"मधेशका मुख्यमन्त्री र अर्थमन्त्रीले मधेश सरकारमा गरिराखेको चरम भ्रष्टाचारमाथि छानबिन गर्न र कारबाही गर्न, शहीद तथा जनताको भावनको कदर गर्न, मधेशलाई बदनाम हुनबाट बचाउन #जनमत पार्टीद्वारा मधेश सरकारको कार्यक्रममा विरोध प्रदर्शन।
भ्रष्टाचारी होशियार ",35,4,0,0,0
drckraut_30,Janamat,drckraut,Chandra Kant Raut,1/17/2024,4:47:07,"आज मधेशमा विद्यमान रहेको जंगलराज र भ्रष्टाचारका कारण संघीयता समेत बदनाम हुँदै आएको छ, मधेशको नाम नै कलंकित हुँदै आएको छ। मधेशका हरेक मन्त्रालयदेखि कार्यालयहरूमा जसपाका कार्यकर्ताहरू भरेर मचाउँदै आएको आतंक, भ्रष्टाचार र जंगलराज शीघ्र अन्त्य होस् भनेर कामना।  ",281,55,24,0,0
drckraut_31,Janamat,drckraut,Chandra Kant Raut,1/8/2024,14:20:04,सिख समुदायको लागि आरक्षण तथा श्री गुरूनानक जयन्तीको अवसरमा विदा बारे जनमत पार्टीद्वारा सम्माननीय प्रधानमन्त्रीज्यूलाई ज्ञापनपत्र,65,4,9,0,0
drckraut_32,Janamat,drckraut,Chandra Kant Raut,1/8/2024,12:24:44,जनमत पार्टीको तर्फबाट राष्ट्रिय सभा सदस्यका लागि #मधेश प्रदेशमा #रामशंकर #महासेठ र #लुम्बिनी प्रदेशमा #बालगोबिन्द #चौधरी थारू  ज्यूको उम्मेदवारी दर्ता भएको छ। दुबैजना उम्मेदवारलाई हार्दिक शुभकामना 📢,46,5,1,0,0
drckraut_33,Janamat,drckraut,Chandra Kant Raut,1/6/2024,15:06:15,".  should publish data on its assistance in last 20 years in (1)Terai-Madhesh (2)in Hills. Perhaps <5-10% went to Terai-Madhesh, home to 54% of population.Yet the people who got it all are the ones despising India, burning its flag n hurling slippers on ambassador",43,5,7,0,0
drckraut_34,Janamat,drckraut,Chandra Kant Raut,1/6/2024,13:41:33,"उच्च अदालतको न्यायाधीश, राजदूत, संवैधानिक निकायका पदाधिकारीहरूको नियुक्तिमा भएको विभेदपूर्ण तथा असमावेशी नियुक्तिको विषयमा सम्माननीय प्रधानमन्त्रीज्यूलाई ज्ञापनपत्र🙏🏻",180,24,32,0,0
drckraut_35,Janamat,drckraut,Chandra Kant Raut,1/2/2024,15:24:56,"म प्रचण्ड होइन, म सी. के. राउत हूँ - full interview at ",326,33,30,0,0
drckraut_36,Janamat,drckraut,Chandra Kant Raut,1/1/2024,15:12:35,"""हामीले धोती लाउँदैमा तपाईंलाई के आपत्ति छ? हामी धोती लाएर हिँडन नहुने हो? हामी नाङ्गै हिँड्नु पर्ने हो ?  यो कस्तो हुकुमी शासन हो? यो देश हाम्रो हो कि होइन?"" पक्राऊ हुनु पूर्व डा. सी. के. राउतले प्रहरीलाई सोधेका थिए।",575,114,165,0,0
drckraut_37,Janamat,drckraut,Chandra Kant Raut,1/1/2024,15:02:59,"यो देशमा कति नश्लभेद छ भने, अन्य पार्टीको राष्ट्रिय अध्यक्षलाई अकारण यसरी समात्न सक्छ ? भन्दै उनले प्रश्न गरे ।",248,39,60,0,0
drckraut_38,Janamat,drckraut,Chandra Kant Raut,1/1/2024,8:30:52,"Janamat Party chief CK Raut, 50 others arrested

",43,1,5,0,0
drckraut_39,Janamat,drckraut,Chandra Kant Raut,11/4/2023,14:24:44,कर्णाली भूकम्पपीडितको राहत-उद्धारको लागि अपील,54,2,0,0,0
drckraut_40,Janamat,drckraut,Chandra Kant Raut,11/1/2023,14:26:39,अन्तर्राष्ट्रिय बालिका दिवसको अवसरमा ९ कक्षामा अध्ययनरत रजीना खातुन एक घण्टाका लागि मधेश प्रदेशको शिक्षा तथा संस्कृति मन्त्री बनेकी छन् ।,37,4,0,0,0
drckraut_41,Janamat,drckraut,Chandra Kant Raut,10/30/2023,14:53:30,". 's Nepal visit only lacks hunting to match King George V's: surrounded by courtiers, distanced from general public & victim families and indifferent to grave human-rights violations, inequality, injustice and poverty engulfing the nation. 
 ",89,10,5,0,0
drckraut_42,Janamat,drckraut,Chandra Kant Raut,10/30/2023,12:23:05,आज पूर्वाधार विकास समितिको बैठकमा मा. डा. सी. के. राउतबाट सप्तरीमा योजनाहरूको प्रगति संतोषजनक नरहेको r ठेकेदारहरूले धेरै ढिलाई सुस्ती गरेको कुरा राख्दा समितिबाट डा. सी. के. राउतको संयोजकत्वमा अनुगमन टोली गठन गरी #सप्तरी पठाउने निर्देशन सभापतिज्यूले दिनु भएको छ।,148,9,3,0,0
drckraut_43,Janamat,drckraut,Chandra Kant Raut,10/24/2023,1:57:41,जनमत पार्टीको तर्फबाट विजयादशमीको अवसरमा हार्दिक मंगलमय शुभकामना📢📢📢,250,9,10,0,0
drckraut_44,Janamat,drckraut,Chandra Kant Raut,8/23/2023,14:27:21,"मित्र राष्ट्र भारतलाई यस ऐतिहासिक सफलताको लागि हार्दिक बधाई - यो सम्पूर्ण दक्षिण एशियाली मुलुकहरूको लागि साझा  गौरवको विषय हो। यसमा संलग्न सम्पूर्ण द्रष्टा, वैज्ञानिक तथा जनशक्तिलाई पनि धेरै धेरै बधाई🙏",154,23,10,0,0
drckraut_45,Janamat,drckraut,Chandra Kant Raut,8/19/2023,7:04:25,आज जनमत पार्टीबाट निर्वाचित #प्रदेश #सभा #सदस्यहरूको अनुमोदन रेटिङ्गबारे मधेश र लुम्बिनी प्रदेशमा जनमत संकलन गरिँदै #RightToRecall #Janamat #OnlyHope #DrCKRaut,78,4,4,0,0
drckraut_46,Janamat,drckraut,Chandra Kant Raut,8/16/2023,14:44:42,"भारतको ७७औं स्वतन्त्रता दिवसको अवसरमा नेपाल भारत मैत्री समाजको काठमाडौँमा आयोजित कार्यक्रममा बोल्दै डा, राउतके नेपाल र भारतको मैत्रीपूर्ण सम्बन्ध व्यापारिक र कर्मचारी तहमा मात्रै नभई दुई देशका जनताहरू एक अर्कासँग नजिक भएपछि मात्रै सुमधुर बन्ने बताएका हुन्।",86,7,13,0,0
drckraut_47,Janamat,drckraut,Chandra Kant Raut,8/15/2023,15:37:01,आज श्रावण ३० गते मंगलबार   #राष्ट्रिय #सभागृह #काठमाडौंमा जनमत पार्टीको शुभेच्छुक संगठन नेपाल राष्ट्रिय  नाइ संघद्वारा आयोजित वृहत् भेला तथा पार्टी प्रवेश कार्यक्रमका झलकहरू। 📷📷📷,91,7,6,0,0
drckraut_48,Janamat,drckraut,Chandra Kant Raut,5/13/2023,9:44:32,भ्रष्टाचार विरुद्ध जनमत पार्टीको खबरदारी,178,9,6,0,0
drckraut_49,Janamat,drckraut,Chandra Kant Raut,5/5/2023,3:57:56,बुद्ध जयन्तीलाई सरकारले 'ध्यान दिवस' घोषणा गरोस् - पछि संयुक्त राष्ट्रसंघबाट '#विश्व_ध्यान_दिवस' पारित गर्न लगाएर अनेकौं ऋषिमुनिको ध्यान र तपस्याको ऊर्जाले परिपूर्ण नेपालको पावनभूमिलाई '#ध्यान_पर्यटन' को केन्द्र बनाउन सकिओस् - डाँडाडाँडामा भ्यूटावरभन्दा ध्यान केन्द्र खुलोस्,1300,78,60,0,0
drckraut_50,Janamat,drckraut,Chandra Kant Raut,4/26/2023,15:11:56,"प्रहरीको मिलेमतोमा जनमतका समर्थकलाई घरबाहिर निस्कन नदिई, मान्छे काट्ने धमकी दिएर,  बूथ कब्जा गरीगरी, 
 छातामा मोहर लगाइएका मतपत्रहरू छ्याप्छ्याप्ती बाहिर भेट्टाएर, फर्जी मतदान गर्दै तथा अनुगमनका लागि म स्वयं नि.आ.को लिखित अनुमतिले जान खोज्दा 'पक्राऊ' गर्ने गरी कस्तो निर्वाचन हो?",856,128,94,0,0
drckraut_51,Janamat,drckraut,Chandra Kant Raut,4/26/2023,0:08:21,"जसपाका अध्यक्ष श्री उपेन्द्र यादवज्यूलाई बारा प्रतिनिधि सभा निर्वाचन क्षेत्र नं. २ को उपनिर्वाचनमा विजयी हुनु भएकोमा उहाँलगायत जसपाका सम्पूर्ण नेता, कार्यकर्ता र शुभचिन्तकहरूलाई हार्दिक बधाई 🎉

जनमत पार्टीलाई मतदान गर्नुहुने र अगाध माया दिनु  हुने सम्पूर्णमा कोटिकोटि प्रणाम 🙏",559,27,112,0,0
drckraut_52,Janamat,drckraut,Chandra Kant Raut,4/24/2023,8:06:41,"पारदर्शिताबाट डर किन ? मतगणना स्थलको #लाइभ गरिनु पर्ने हाम्रो मागको विपरीत #मोबाइल फोन समेत #निषेध गरी मतगणना गर्नुको रहस्य के? प्रहरी, प्रशासन र निर्वाचन अधिकृतको मिलेमतो हिजो पनि बूथहरूमा देखिएकै हो, मतपत्र बाहिर छयाप्छ्याप्ती भेटिएकै थिए, मतपेटिकाको सील पनि तोडिएको छ।",284,53,9,0,0
drckraut_53,Janamat,drckraut,Chandra Kant Raut,4/24/2023,5:48:22,"बारा-२ को मतगणना स्थलको लाइभ हुनुपर्छ।‌ सप्तरी -२ मा हामीले भोगिसकेका छौं, हार्न लागे पछि जसपाले भित्र नै उत्पात र दंगा मचाएर निर्वाचन बदर गराउने कसरी कोशिस गरेका थिए, प्रहरी प्रमुखको मिलेमतो थियो नै। बारा-२ मा सुवर्ण गा.पा. का ४ बटा बाकसको सिल टुटेको भेटिएको छ ",377,75,20,0,0
drckraut_54,Janamat,drckraut,Chandra Kant Raut,3/15/2023,16:32:17,मलमा अनुदान कटौती गर्ने नेपाल सरकारको निर्णय बारे जनमत पार्टीको धारणा।,111,14,8,0,0
drckraut_55,Janamat,drckraut,Chandra Kant Raut,3/11/2023,15:06:27,"संविधानको धारा ७० को ""फरक फरक लिंग #वा समुदाय"" को मात्रै पालना गर्ने कि धारा ३८(४) को ""राज्यका सबै निकायमा महिलालाई समानुपातिक समावेशी"" सहभागिताको पनि पालन गर्ने हो? संविधानको एउटा धारा पालन गर्ने र अर्को नगर्ने हुँदैन। दुइटै धारालाई मान्य हुने गरी नै उम्मेदबारी हुनुपर्छ",141,12,6,0,0
drckraut_56,Janamat,drckraut,Chandra Kant Raut,3/11/2023,12:56:52,"उपराष्ट्रपतिको निर्वाचन, मधेश र थरूहट आन्दोलनका मुद्दाहरूको सम्बोधन, नागरिकता विधेयक, आन्दोलनकारीमाथिको मुद्दा फिर्ता, राजबंदीहरूको रिहाई सहित, विगतका सहमतिहरूको कार्यान्वयन सहितका एजेन्डामा सहकार्य गर्दै अगाडि बढ्न #लोसपा, #नाउपा र #जनमत पार्टी सहमत।",103,10,6,0,0
drckraut_57,Janamat,drckraut,Chandra Kant Raut,3/11/2023,10:40:58,निर्वाचन आयोगले संविधानको धारा ३८(४) उद्धृत गर्दै हरेक हालतमा #उपराष्ट्रपतिको उम्मेदबार #महिला नै हुनु पर्ने अडान लिए पछि अहिले कुनै पनि दबाव वा प्रभावमा आएर पुरुष उम्मेदबार दर्ता गरिनु अत्यन्त खेदजनक छ र यसले आयोगको विश्वसनीयतामाथि नै प्रश्न चिन्ह खडा गरेको छ। हामी ऊजुरी दिन्छौं,156,12,14,0,0
drckraut_58,Janamat,drckraut,Chandra Kant Raut,3/3/2023,16:12:31,"#नियमित #अन्तरक्रिया #कार्यक्रम: आज 'मधेशको विकासका योजनाहरू - प्रस्ताव, कार्यान्वयन र चुनौतीहरू' विषयक अन्तरक्रियामा भाग लिनु हुने सबैमा हार्दिक धन्यवाद 🙏",256,12,11,0,0
drckraut_59,Janamat,drckraut,Chandra Kant Raut,2/26/2023,16:00:54,"मधेश प्रदेशको कृषि मन्त्रालयमा ३० दिन, प्रशंसनीय काम। दुर्गाग्यले  जनमत पार्टीले पाएको अर्को मन्त्रालय शिक्षा, विज्ञान, प्रविधि तथा वाणिज्य मन्त्रालय मा पटक-पटक ताकेता गर्दा पनि अहिलेसम्म कार्यभार समेत छुट्टयाएर हस्तान्तरण गरेको छैन।",399,32,25,0,0
drckraut_60,Janamat,drckraut,Chandra Kant Raut,2/24/2023,15:09:36,"स-साना कुराको लागि मेरो लामो संघर्ष। आज अर्को दुई निषेधित क्षेत्र तोडियो: 
१. साहित्यिक महोत्सवमा पहिलो पटक सहभागी (विदेशमा जे-जति योग्य भए पनि आफ्नै भूमिमा योग्य हुन सकेको थिइन) 

२. जानकी मन्दिर प्राङ्गन (मेरो लागि अर्को निषेधित क्षेत्र) बाट बोल्ने मौका । 

आयोजकलाई धन्यवाद।",1100,34,34,0,0
drckraut_61,Janamat,drckraut,Chandra Kant Raut,2/17/2023,12:57:41,"#दलान_दलील: जनतासँग डा. सी. के. राउत।
शुक्रबार सप्तरी निर्वाचन क्षेत्र नम्बर २ को मधेपुरा, कट्टी, बनरझुला, टिकुलिया, बरसाइन,  कुसहा, सकरपुरा, बेलही  र लौनियामा सम्पन्न।",160,7,2,0,0
drckraut_62,Janamat,drckraut,Chandra Kant Raut,2/17/2023,12:55:31,"पानी परीक्षण घु्म्ती सेवा (भ्यान) ले सप्तरी निर्वाचन क्षेत्र नं २ को लौनियामा पानी परीक्षण गर्दै। यो घुम्ती सेवा विभिन्न गाउँहरु हुँदै जानेछ र तपाईंहरु पनि आफ्नो कल वा धाराको पानी पिउन योग्य भए नभएको, #आर्सेनिकको मात्रा स्वीकार्य योग्य भए नभएको  चेकजाँच गर्न सक्नुहुन्छ🙏",1200,99,42,0,0
drckraut_63,Janamat,drckraut,Chandra Kant Raut,12/30/2022,7:24:23,आज आफ्नै निर्वाचन क्षेत्रमा जनताको‌ दुःखसुख सँगै 🙏,522,8,18,0,0
drckraut_64,Janamat,drckraut,Chandra Kant Raut,12/27/2022,3:22:13,"शुभप्रभात !🙏काठमाडौं बस्न डेरा/घर खोज्नै गार्‍हो, आज पनि जाँदैछु। बरू काठमाडौं भएको बेला एकान्तमा यस्तै #डाँडाकाँडातिर बसौंबसौं लाग्ने - कस्ता रमणीय र ध्यान लाग्ने ठाउँहरू। घ्याम्पे डाँडास्थित #पाइलटबाबा आश्रम गत शनिबार जाँदाको तस्वीर।",2000,52,96,0,0
drckraut_65,Janamat,drckraut,Chandra Kant Raut,12/26/2022,13:05:37,"'म खासमा सांसदका लागि पनि योग्य मान्छे होइन, मन्त्रीको त परको कुरा भयो [परिस्थिति, बाध्यता वा जिम्मेबारीले भएको चाहिँ अर्कै कुरा हो।]' गठबन्धनको बैठकपछि तपाई आफू चाहिँ सरकारमा नजाने भन्ने सञ्चाकर्मीहरुको प्रश्नमा कुरा गर्दै उनले भने।🙏 #drckraut",567,48,21,0,0
drckraut_66,Janamat,drckraut,Chandra Kant Raut,12/26/2022,11:47:01,म एक `निस्काम कर्मयोगी´- डा. सीके राउत #तमसोमा_ज्योतिर्गमय सोमवार आज राति ९:०० बजे,314,11,14,0,0
drckraut_67,Janamat,drckraut,Chandra Kant Raut,12/26/2022,9:56:25,"तपाई आफू चाहिँ सरकारमा नजाने भन्ने सञ्चाकर्मीहरुको प्रश्नमा कुरा गर्दै उनले भने, ‘म खासमा सांसदका लागि पनि योग्य मान्छे होइन, मन्त्रीको त परको कुरा भयो । परिस्थिति, बाध्यता र जिम्मेवारी अर्कै कुरा हो।",581,30,18,0,0
drckraut_68,Janamat,drckraut,Chandra Kant Raut,12/25/2022,16:01:33,"सत्ताको पहिलो क्लास आज - पहिलो क्लासमै यति धेरै ज्ञान र वितृष्णा होला जस्तो लागेको थिएन। बस म त सुनिरहें। 

काँधमा लाखौं जनताको अपेक्षा र जिम्मेबारी नभइदिने हो भने म कतिखेर राजनीतिबाट पनि सन्यास लिइसक्थें होला। 

तर आफैं जलेर, कालो खरानी बने पनि, उज्यालो पार्नु छ रे ! मेरो नियति।",3200,166,183,0,0
drckraut_69,Janamat,drckraut,Chandra Kant Raut,12/24/2022,16:08:45,Irony at the best: Oath in Madhesi riles Madhesi Commission,53,4,3,0,0
drckraut_70,Janamat,drckraut,Chandra Kant Raut,12/24/2022,7:19:34,गजेन्द्र नारायण सिंह #अस्पताल #राजबिराज सुधारको पहिलो कदम - जनताको सुझाव र सहयोगबाट नै यो सम्भव हुन सक्छ। #रेफरल_सेन्टरमा सिमित हुन पुगेको अस्पताललाई जोगाऔं।  #नि:शुल्क पाउनुपर्ने #औषधी पनि अस्पतालले विरामीलाई उपलब्ध गराएन भने त्यो पनि खबर गर्नुहोला🙏,330,29,16,0,0
drckraut_71,Janamat,drckraut,Chandra Kant Raut,12/24/2022,7:11:39,गजेन्द्र नारायण सिंह अस्पताल राजविराज सुधारको पहिलो कदम - जनताको सुझाव र सहयोगबाट नै यो सम्भव हुन सक्छ🙏,1200,101,57,0,0
drckraut_72,Janamat,drckraut,Chandra Kant Raut,12/22/2022,13:49:16,"आज #सपथग्रहण गरे पश्चात् ५ वटा कुराको लागि #पहल गर्न औपचारिक पत्र काटेको छु: 
(क) साक्षरता कार्यक्रम संचालन गर्न, 
(ख) सगरमाथा अञ्चल अस्पतालको सुधारको लागि, 
(ग) राजविराजमा हवाई उडान बढाउन र नियमित गर्न, 
(घ) औद्योगिक क्षेत्रलाई सुचारू गर्न, 
(ङ) थप मलखाद उपलब्ध गराउन।
जय जनमत।",467,44,44,0,0
drckraut_73,Janamat,drckraut,Chandra Kant Raut,12/22/2022,10:58:34,"मलाई मन परेको तस्वीर -  उत्पिडित र सीमान्तकृत वर्गको लागि संघर्ष सड्क, सदन र सरकार सहित तीनवटै मोर्चामा जारी रहन्छ✊",415,11,8,0,0
drckraut_74,Janamat,drckraut,Chandra Kant Raut,12/7/2022,18:30:38,भेटघाटले दिएको खुशी  - नेपाली साहित्यिक क्षेत्रका दुई मुर्धन्य  हस्तीहरू खगेन्द्र संग्रौला र कुमार नगरकोटीज्युको साथमा🙏,1500,41,60,0,0
drckraut_75,Janamat,drckraut,Chandra Kant Raut,12/6/2022,10:31:44,सम्माननीय राष्ट्रपतिज्यूसँग शिष्टाचार भेटघाट तथा देशको समसामयिक राजनीतिक निकासको विषयमा छलफल🙏,1200,35,53,0,0
drckraut_76,Janamat,drckraut,Chandra Kant Raut,12/2/2022,15:05:38,NTV मा डा. सी. के. राउतको #रोचक अन्तर्वार्ता - एकपटक अवश्य हेर्नुहोला🙏 अहिले NTV मा राती ८:४० बजे देखि।,109,7,3,0,0
drckraut_77,Janamat,drckraut,Chandra Kant Raut,11/29/2022,3:36:45,सप्तरी  - १ निर्वाचन क्षेत्रमा धाँधली भएका प्रमाणहरू। निर्वाचन आयोगले यसको छानबीन गरी पुन:निर्वाचन गराओस् अन्यथा यो परिणाम स्वीकार हुनेछैन।  ,158,20,8,0,0
drckraut_78,Janamat,drckraut,Chandra Kant Raut,11/28/2022,1:01:53,रोजगारीको सम्भावना पहिल्याउन औद्योगिक क्षेत्रको अनुगमन #drckraut #action,582,21,33,0,0
drckraut_79,Janamat,drckraut,Chandra Kant Raut,11/27/2022,12:58:37,"पहिला जस्तो आफ्नो सांसद्लाई कहाँ खोज्ने, कहाँ भेट्ने, कहाँ समस्या बताउने भनेर अब चिन्तित हुनुपर्दैन वा काठमाडौं गएर आफ्नो सांसद खोजिराख्नु पर्दैन । सप्तरी -२ को लागि संसदीय #जनसम्पर्क #कार्यालय, सम्पर्क नम्बर र #जनआवाज पेटिका आज राजबिराज कुनौली मोड नजिक स्थापित। #drckraut #action",1500,100,88,0,0
drckraut_80,Janamat,drckraut,Chandra Kant Raut,11/25/2022,3:23:59,जनताको घरदैलोमा र खेतबारीमा पुगेर धन्यवाद दिँदै। सप्तरीवासीले  देखाएको माया अपार छ र  यसको प्रभाव दूरगामी छ🙏,1300,69,96,0,0
drckraut_81,Janamat,drckraut,Chandra Kant Raut,11/24/2022,15:53:25,मधेशको राजनीतिमा नयाँ युगको शुरुवात् - डा. सी. के. राउत,673,71,83,0,0
drckraut_82,Janamat,drckraut,Chandra Kant Raut,11/21/2022,9:07:13,"सप्तरी २: हर्न २४०२, छाता ७६८, साइकल ५५०",106,12,12,0,0
drckraut_83,Janamat,drckraut,Chandra Kant Raut,11/21/2022,6:29:28,Saptari-2,382,27,46,0,0
drckraut_84,Janamat,drckraut,Chandra Kant Raut,11/21/2022,5:44:35,मत परिणाम सप्तरी २,268,17,44,0,0
drckraut_85,Janamat,drckraut,Chandra Kant Raut,11/20/2022,13:27:45,"सप्तरी-२ को #हाटी बूथमा मोटरसाइकलमा आगो लगाउनुका साथै झडप, #झल्ही बूथमा प्रतिनिधिसभाको मतपत्र  दर्जनौं मतदातालाई (आधिकारिक सूची अनुसार ३९) नदिएको तथा राती अबेरसम्म फर्जी मत खसाइएको, #फर्सैठ बूथमा प्रतिनिधिसभाको लागि रुजुगरिएभन्दा ११ मत बढी खसेको तथा माओवादी र जसपाबीच झडप ",70,15,4,0,0
drckraut_86,Janamat,drckraut,Chandra Kant Raut,11/19/2022,13:32:56,"सप्तरी-२ का ६८ बूथ मध्ये  बूथ-कब्जा/लूटने #प्रबल सम्भावना: लालापट्टी, हाटी, मोहनपुर, महुवा, डढहा, बथनाहा (तैयारी नै त्यस्तै देखिएको)।
केही सम्भावना: बरही, वीरपुर, मलेठ, झलही, फर्सैठ, पिपराही, देउरी भरूवा, बोरिया।
सूची निर्वाचन कार्यालयलाई उपलब्ध गराएको छु।  ",179,34,11,0,0
drckraut_87,Janamat,drckraut,Chandra Kant Raut,11/11/2022,0:45:19,"प्रहरी संरक्षणमा जसपाले  डिजे बजाएर प्रचार गर्न हुने, लाखौं झण्डा तोरण झुन्ड्याउन हुने, गाडीको लहरै लगाएर जसपाको अध्यक्ष घुम्न हुने, खसी ढालेर गाउँगाउँमा भोजभत्तेर गर्न हुने, पैसा बाँड्न हुने, तर जनमतले बाइकमा प्रचार गर्न नहुने! जनमतलाई प्रचारप्रसारमा रोक   ",146,28,12,0,0
drckraut_88,Janamat,drckraut,Chandra Kant Raut,11/10/2022,0:22:28,"प्रहरी संरक्षणमा जसपाले  डिजे बजाएर प्रचार गर्न हुने, लाखौं झण्डा तोरण झुन्ड्याउन हुने, गाडीको लहरै लगाएर जसपाको अध्यक्ष घुम्न हुने, खसी ढालेर गाउँगाउँमा भोजभत्तेर गर्न हुने, पैसा बाँड्न हुने, तर जनमतले बाइकमा प्रचार गर्न नहुने! जनमतलाई प्रचारप्रसारमा रोक   ",73,12,7,0,0
drckraut_89,Janamat,drckraut,Chandra Kant Raut,10/23/2022,7:47:19,मनोनयन दर्ताको क्रममा सयौंभन्दा बढी मान्छेको भीड जम्मा भयो भनेर निर्वाचन आयोगलाई मलाई स्पष्टीकरण सोध्यो। ठीक। के यहीं अरू उम्मेदबारहरूको र्‍यालीमा २५ जनाभन्दा बढी थिएन र त्यो आचारसंहिताको उल्लंघन थिएन? आयोगको पूर्वाग्रह यहींबाट स्पष्ट हुँदैन?  ,46,5,4,0,0
drckraut_90,Janamat,drckraut,Chandra Kant Raut,10/23/2022,7:39:26,"आचारसंहिता प्रशासनमा पहुँच नहुने दललाई मात्रै लाग्ने हो। सबै ""ठूला"" दलले सभा गरेकै छन्, र्‍याली निकालेकै छन्, ठूला-ठूला वैनर र पर्चापम्पलेट टाँसेकै छन्, मासुभात फ्री गरेकै छन्, पैसा बाँडेकै छन्। निर्वाचन आयोग र प्रशासन उनको खल्तीको कुरा भएपछि।   ",37,5,0,0,0
drckraut_91,Janamat,drckraut,Chandra Kant Raut,8/31/2022,8:05:19,बाँके जिल्लाको जानकी गाउँपालिकाको पिपरहवा चौकमा  डा. सी के राउतको समुपस्थितिमा  श्रद्धाञ्जलि सभा शुरु हुँदै। वीर शहीद  राममनोहर यादव  प्रति भावपूर्ण श्रद्धाञ्जलि 🙏 वीर शहीद राममनोहर यादव अमर रहे🙏,48,7,8,0,0
drckraut_92,Janamat,drckraut,Chandra Kant Raut,8/29/2022,10:55:21,"जसपाको अनुशासन आयोगका राष्ट्रिय अध्यक्ष तथा  नेपाल सदभावना पार्टीका पूर्व राष्ट्रिय उपाध्यक्ष एवम्‌ सभासद् श्री #नरसिंह #चौधरी,   जसपाका केन्द्रीय सदस्य तथा लुम्बिनी सांस्कृतिक नगरपालिकाका पूर्व #मेयर श्री #मनमोहन #चौधरी सहित दर्जनौ नेता कार्यकर्ता #जनमत पार्टी प्रवेश ।",51,9,6,0,0
drckraut_93,Janamat,drckraut,Chandra Kant Raut,8/26/2022,4:42:03,"जनमत पार्टी #समानुपातिक तर्फबाट पनि आज निर्वाचन आयोगमा १ नं. मा दर्ता। सबैलाई बधाई छ

जनमत पार्टी - जिन्दाबाद !
लाउडस्पीकर हर्न छाप - जिन्दाबाद ! 📢📢📢
#Vote4Vision #Vote4Action #NoCorruption",37,3,4,0,0
drckraut_94,Janamat,drckraut,Chandra Kant Raut,8/25/2022,15:58:36,"तिलाठी कोइलाडी गाउँपालिकाका पूर्व अध्यक्ष श्री सतिश कुमार सिंहज्युको नेतृत्वमा विशाल पार्टी प्रवेश, सप्तरीको निर्वाचन क्षेत्र २(क), तिलाठी कोइलाडी। 

 📢📢📢
जनमत पार्टी - जिन्दाबाद !
लाउडस्पीकर हर्न छाप - जिन्दाबाद ! 📢📢📢
#Vote4Vision #Vote4Action 
#भ्रष्टाचारी_नहीं #भिजनरी",42,7,2,0,0
drckraut_95,Janamat,drckraut,Chandra Kant Raut,8/16/2022,13:57:27,"नागरिकता विधेयक फिर्ता गरेकोमा #जनमत पार्टी द्वारा विरोध प्रदर्शन श्रावण ३१ गते, #जनकपुरधाम, धनुषा",67,8,1,0,0
drckraut_96,Janamat,drckraut,Chandra Kant Raut,8/15/2022,11:47:18,"नागरिकता विधेयक फिर्ता गरेकोमा जनमत पार्टी द्वारा विरोध प्रदर्शन तथा चक्काजाम, श्रावण 30 गते, सिरहा, गोलबजार",45,5,4,0,0
drckraut_97,Janamat,drckraut,Chandra Kant Raut,8/15/2022,11:32:58,"नागरिकता विधेयक फिर्ता गरेकोमा #जनमत पार्टी द्वारा विरोध प्रदर्शन तथा चक्काजाम, श्रावण 30 गते, सिरहा, गोलबजार",70,11,11,0,0
drckraut_98,Janamat,drckraut,Chandra Kant Raut,8/14/2022,8:11:34,"जनमत पार्टी र पिछडावर्ग #निषाद दलित जनजाति पार्टी बीच एउटै चुनाव चिन्ह #लाउडस्पीकर हर्न 📢 छाप लिएर आगामी निर्वाचनमा जाने सहमति, विराटनगर।

चुनावी घोषणापत्रमा पिछडावर्ग निषाद दलित जनजाति पार्टीको नाम र  निषाद जातिको सूचीकरण सहितका एजेण्डा समावेश गरिने।",39,3,4,0,0
drckraut_99,Janamat,drckraut,Chandra Kant Raut,8/7/2022,5:55:07,"मंसीर ४ निर्वाचनको लागि जनमत पार्टी नम्बर १ मा दर्ता ! बधाई तथा शुभकामना  सबैलाई

अब की बार - सीके सरकार
जनमत पार्टी - जिन्दाबाद !📢📢📢

#Vote4Vision #Vote4Action",72,12,6,0,0
drckraut_100,Janamat,drckraut,Chandra Kant Raut,7/16/2022,3:05:30,"स्थानीय तहबाटै मतदाता नामावलीमा नाम दर्ता गराउन टोली खटाउनु पर्ने, विदेशमा रहेका योग्य मतदाताहरूले पनि दूतावासमा गएर वा अनलाइन दर्ता गराउन पाउनु पर्ने सहितका माग राखेर जनमत पार्टीले प्रदेश निर्वाचन कार्यालयमा ज्ञापन पत्र दिएको छ📢📢📢  ",46,7,3,0,0
drckraut_101,Janamat,drckraut,Chandra Kant Raut,6/22/2022,14:01:09,पेट्रोलियम पदार्थमा गरिएको अप्राकृतिक मूल्य वृद्धिको विरोधमा #जनमत पार्टीद्वारा #बाँके र #रुपन्देहीदेखि #धनुषा र #मोरङ्ग जिल्लामा #बुधबार समेत प्रदर्शन जारी,60,12,3,0,0
drckraut_102,Janamat,drckraut,Chandra Kant Raut,5/17/2022,8:07:49,"चार दिन भइसक्यो, मतपत्रले बच्चा दिएको होला नि त, हैन त  ? कि त मतपेटिका भित्र रूखको बीऊ उम्रियो होला!

""निर्वाचन अधिकृत देवी सुवेदीकाअनुसार ३२१५ कुल मतदाता रहेको यस वडामा २३९२ मत खसेको थियो। तर मतगणना गर्दै जाँदा ३१६३ सदर मत र ५२ बदर मत भेटिएको सुवेदीले बताए।""",52,5,6,0,0
drckraut_103,Janamat,drckraut,Chandra Kant Raut,5/14/2022,10:29:46,सर्लाही हरिपूर्वा वार्ड नं. १ मा जनमत पार्टी ३ मतले विजय हासिल गरे पनि निर्वाचन अधिकृतले घोषणा गर्न नमानेको र आनाकानी गरिराखेको खबर प्राप्त भएको छ ,83,10,6,0,0
drckraut_104,Janamat,drckraut,Chandra Kant Raut,5/12/2022,1:38:10,"सप्तरीको राजविराज, छिन्नमस्ता र सप्तकोशीमा हिजो  पैसा बाँड्नेलाई रङगेहात समाती प्रहरीलाई बुझाउँदा केही पर लगेर छाडिदिएको। उल्टा भिडियो बनाउने पत्रकारबाट मोबाइल समेत प्रहरीले खोसेको।सप्तरी प्रहरी र निर्वाचन अधिकृत स्पष्ट बेचिएको अनुभूति    ",37,7,0,0,0
drckraut_105,Janamat,drckraut,Chandra Kant Raut,5/12/2022,1:25:58,"जिप्रका सप्तरी हो कि जसपाको शाखा कार्यालय? जनमत पार्टीका उम्मेदबारमाथि हमला हुँदा, प्रचार-प्रसार गर्न र गाउँ छिर्न समेत निषेध गर्दा ज्ञापन-पत्र समेत बुझ्न नमान्ने।मिलेमतोमा  डा. सीके राउतको २७ गतेको सम्बोधन रोकेर सो ठाउँमा मन्त्रीद्वारा सभा।   ",24,7,0,0,0
drckraut_106,Janamat,drckraut,Chandra Kant Raut,4/29/2022,18:21:29,      ,21,2,5,0,0
drckraut_107,Janamat,drckraut,Chandra Kant Raut,4/24/2022,14:43:29,"जनमतले गुलरियामा आफ्ना प्रमुख, उपप्रमुखसहित उम्मेदवार उठाएको हो । प्रमुखमा मुग्रे गोडिया र उपप्रमुखमा मिना यादवलाई उम्मेदवार बनाएको छ । गुलरिया नपाको १२ वडामध्ये ११ वटा वडामा अध्यक्ष पदमा मनोनयन पत्र दर्ता भएको छ ।",28,6,0,0,0
drckraut_108,Janamat,drckraut,Chandra Kant Raut,4/24/2022,14:19:57,"भोलि #ताला बोकेरै जानेछौं

सत्ताधारी पार्टीको हलिया बनेर बसेका निर्वाचन अधिकृतले दर्ता प्रक्रियामा कतै आलटाल, पक्षपात र विभेद गर्यो भने त्यहीबाट #तालाबन्दी शुरु हुनेछ।

त्यतिले पुगेन भने जनताले #जनकारबाही पनि गर्नेछन्।

निष्पक्ष निर्वाचन गर - नभए कुनै निर्वाचन हुँदैन ",53,11,5,0,0
drckraut_109,Janamat,drckraut,Chandra Kant Raut,4/24/2022,14:13:11,निर्वाचन आयोग र  निर्वाचन अधिकृतहरूको पक्षपाती प्रक्रिया तथा विभेद बारे   ,34,6,0,0,0
drckraut_110,Janamat,drckraut,Chandra Kant Raut,4/24/2022,11:55:47,दुई दिन मध्ये कुनै दिन उम्मेदबार दर्ता गराउन सक्ने सूचना जारी हुँदाहुँदै पनि धेरै ठाउँमा १० बजे पुग्दा पनि निर्वाचन अधिकृतहरूले जनमत पार्टीको उम्मेदबारको दर्ता गर्न मानेनन् र भोलि आउन भने। #षड्यन्त्र ,46,12,3,0,0
drckraut_111,Janamat,drckraut,Chandra Kant Raut,3/4/2022,6:06:51,"मेरी आंखों में सावन घोल दिया... 

स्वामी आनन्द अरुणजी की सानिध्यता में बिताए गए हर पल अनमोल है, अविस्मरणीय है, रोमांचक है। अपने स्नेह की धारा बहाने की कृपा जो उन्होंने हम पर की है, उससे हम धन्य हो गये हैं।  

ओशो जेतवन, लुम्बिनी
२०७८ फाल्गुण १९",47,3,2,0,0
drckraut_112,Janamat,drckraut,Chandra Kant Raut,3/4/2022,2:25:04,"किसान आन्दोलन अन्तर्गत आज फाल्गुन २० गते जिल्ला निर्वाचन कार्यालयहरूमा शान्तिपूर्ण धर्ना । किसानको माग पूरा गर्ने तत्परता देखाऔं, अनि मात्र निर्वाचन गरौं। 

किसान आन्दोलन - जिन्दाबाद",55,10,2,0,0
drckraut_113,Janamat,drckraut,Chandra Kant Raut,3/3/2022,14:04:47,"जनमत पार्टीद्वारा निर्वाचन केन्द्रित प्रशिक्षण तथा भेटघाट कार्यक्रम, रुपन्देही, फाल्गुण 19 गते।

अब की बार - जनमत की सरकार📢📢📢",38,5,1,0,0
drckraut_114,Janamat,drckraut,Chandra Kant Raut,3/2/2022,12:49:11,"जनमत सभा, कपिलवस्तु महाराजगञ्ज 📢📢📢",36,4,0,0,0
drckraut_115,Janamat,drckraut,Chandra Kant Raut,2/27/2022,7:18:42,"जितेपछि आफू  गाउँ नजाने, अनि हामी गाउँगाउँ पुग्दा र जनलहर उठ्दा बर्दियाका छोटेराजामा त्रास फैलिनु स्वभाविक। प्रहरी प्रशासनको दुरुपयोग। निर्वाचन आचारसंहिता लागू भएको छैन, प्रचार गर्न पाइँदैन ! भनेर प्रहरीद्वारा जनमत माटो यात्रा रोक्ने प्रयास।    ",50,5,4,0,0
drckraut_116,Janamat,drckraut,Chandra Kant Raut,2/26/2022,17:05:22,बर्दिया जिल्लामा जनमत माटो यात्राको दोस्रो दिन 📢📢📢,46,7,0,0,0
drckraut_117,Janamat,drckraut,Chandra Kant Raut,2/25/2022,10:33:23,"बर्दियामा जनमत माटो यात्राको उद्घाटन कार्यक्रम, फाल्गुन १३।",46,5,0,0,0
drckraut_118,Janamat,drckraut,Chandra Kant Raut,2/22/2022,3:54:26,"फाल्गुन १० गते किसान आन्दोलनको कार्यक्रम अन्तर्गत जिल्ला निर्वाचन कार्यालयमा ज्ञापन-पत्र दिइने। माग पूरा गर्ने तत्परता देखाऊ, अनि निर्वाचन गर। 

पहल नभए फाल्गुन २० गतेदेखि स्थानीय/जिल्ला निर्वाचन कार्यालयमा तालाबन्दी गरिने।

   ",26,2,1,0,0
drckraut_119,Janamat,drckraut,Chandra Kant Raut,2/19/2022,11:40:00,जनमत माटो यात्राको दोस्रो चरण आज  फाल्गुन 7 गते  बाँकेको जानकी गाउँपालिकाबाट सुरु🙏🙏🙏,45,7,2,0,0
drckraut_120,Janamat,drckraut,Chandra Kant Raut,2/19/2022,3:55:45,"एउटा पर्चा फेला पर्यो वा 'डा. सीके राउतलाई रिहा गर' लेखेको प्लाकार्ड फेला पर्यो भनेर सैकडौंमाथि मुद्दा दर्ता गरी #जन्मकैद माग्ने कुन प्रजातन्त्र?  खसतन्त्र गएपछि जब इतिहास पढनेछन्, अनि मान्छे जिब्रो टोक्दै भन्नेछन् - बाबै त्यस्तो राणाकालभन्दा पनि खत्तम र क्रूर थियो है ! (3/3)",39,6,1,0,0
drckraut_121,Janamat,drckraut,Chandra Kant Raut,2/17/2022,10:45:18,स्थानिय निर्वाचन २०७९ मा भाग लिनका लागि जनमत पार्टीले निर्वाचन आयोगमा आज दल दर्ता गराएको छ📢📢📢,66,6,6,0,0
drckraut_122,Janamat,drckraut,Chandra Kant Raut,2/16/2022,12:00:22,"संसद् खुलेको छ - माननीय सांसद्हरूले विधेयक ल्याएर किसान आन्दोलनको मुद्दा सम्बोधन गर्ने तत्परता देखाऊन्। अन्यथा सांसद्हरू समेतको कार्यक्रम अवरूद्ध गर्न वाध्य हुनेछौं - मन्त्रीज्यूहरू त यता देखिनै छाड्नुभयो।

किसान आन्दोलन - जिन्दाबाद !",41,6,2,0,0
drckraut_123,Janamat,drckraut,Chandra Kant Raut,2/15/2022,3:31:41,"किसान आन्दोलन जारी छ - र माग पूरा नभएसम्म जारी रहनेछ। किसान आन्दोलन सम्बन्धी जानकारी यो ठाउँमा उपलब्ध हुनेछ: 


#nepalfarmersmovement",36,6,2,0,0
drckraut_124,Janamat,drckraut,Chandra Kant Raut,2/13/2022,13:45:33,२०७८ फाल्गुन १ गते: किसान आन्दोलनका थप कार्यक्रमहरू✊✊✊,46,6,6,0,0
drckraut_125,Janamat,drckraut,Chandra Kant Raut,2/13/2022,13:35:46,"किसान आन्दोलनको क्रममा राज्यबाट भएको दमनको विषयमा राष्ट्रिय मानव अधिकार आयोगलाई जानकारी दिँदै। आज: आयोगका माननीय सदस्य मिहिर ठाकुर, प्रवक्ता डा. टीकाराम पोखरेल सहितलाई। केही समय अगाडि: आयोगको जनकपुर शाखाका निर्देशक वीर बहादुर बुढामगर सहितका मानवअधिकारकर्मीहरूलाई जानकारी दिँदै।",42,6,2,0,0
drckraut_126,Janamat,drckraut,Chandra Kant Raut,2/11/2022,10:04:29,"माननीय गृहमन्त्री बालकृष्ण खाँणज्यूसँग उच्च स्तरीय समिति गठन सहित किसान आन्दोलनको मुद्दाको सम्बोधनको विषयमा छलफल गर्नुहुँदै जनमत पार्टीका उपाध्यक्ष श्री नरेन्द्र चौधरी र महासचिव श्री चन्दन सिंह।

किसान आन्दोलन - जिन्दाबाद !",58,6,3,0,0
drckraut_127,Janamat,drckraut,Chandra Kant Raut,2/9/2022,17:59:40,"'भूमिहिनलाई लालपुर्जा बितरण गर्नु स्वागतयोग्य छ, कार्यक्रममा कुनै हस्तक्षेप छैन,' एक आन्दोलनकारीले भने 'करिब डेढ महिनादेखि हाम्रो आन्दोलन जारी रहे पनि सरकार नसुनेकोले हामी मन्त्री आउने कार्यक्रममा विरोध स्वरुप पुतला दहन तथा कालो झण्डा प्रदर्शन गरेका छौं'",27,3,0,0,0
drckraut_128,Janamat,drckraut,Chandra Kant Raut,2/9/2022,17:59:24,"'भूमिहिनलाई लालपुर्जा बितरण गर्नु स्वागतयोग्य छ, कार्यक्रममा कुनै हस्तक्षेप छैन,' एक आन्दोलनकारीले भने 'करिब डेढ महिनादेखि हाम्रो आन्दोलन जारी रहे पनि सरकार नसुनेकोले हामी मन्त्री आउने कार्यक्रममा विरोध स्वरुप पुतला दहन तथा कालो झण्डा प्रदर्शन गरेका छौं' ",18,1,0,0,0
drckraut_129,Janamat,drckraut,Chandra Kant Raut,2/9/2022,17:52:17,"‘हाम्रो पार्टीको झण्डामा अष्टदल छ । जनमत पार्टी सम्यक् क्रान्ति अनुसार अगाडि बढ्छ । सम्यक क्रान्तिमा आठवटा आयाम छ ।’ उनले भने,‘राजनीतिक, आर्थिक, सामाजिक,  सांस्कृतिक, शैक्षिक, वैचारिक, वातावरणीय,  आध्यात्मिक लगायतको क्रान्ति हुनेछ ।’  @पत्रकार सम्मेलन, माघ २६",52,8,5,0,0
drckraut_130,Janamat,drckraut,Chandra Kant Raut,2/3/2022,3:29:56,"भैंसी र कृषिमन्त्रीमा केही फरक त हुनु पर्छ !
",50,4,3,0,0
drckraut_131,Janamat,drckraut,Chandra Kant Raut,2/3/2022,2:25:57,"आज माघ २० देखि लोकमार्ग दिवाकालीन् बन्द - किसान आन्दोलन जिन्दाबाद !

किसानको माग पूरा गर!!📢📢📢",40,6,1,0,0
drckraut_132,Janamat,drckraut,Chandra Kant Raut,2/2/2022,16:25:14,किसान आन्दोलनबारे केही टिप्पणीहरूको जवाब,16,2,0,0,0
drckraut_133,Janamat,drckraut,Chandra Kant Raut,2/2/2022,13:33:27,"माघ १९ गते झापादेखि बर्दियासम्म किसान आन्दोलनको मशाल जुलुस। माघ २० गतेदेखि हाएवे बन्द गरिने। सबै जिल्लाको अपडेट हेर्न  

किसान आन्दोलन - जिन्दाबाद !",44,2,3,0,0
drckraut_134,Janamat,drckraut,Chandra Kant Raut,2/2/2022,2:41:20,"माघ १९ गते: किसान आन्दोलन अन्तर्गत #मशाल जुलुस, माघ २० गतेदेखि #हाइवे_बन्द
किसान आन्दोलन - जिन्दाबाद !📢📢📢",34,2,1,0,0
drckraut_135,Janamat,drckraut,Chandra Kant Raut,1/31/2022,12:40:52,"कोशी गाउँपालिकामा भएको भ्रष्टाचारको विरोध गर्दा गाउँपालिका अध्यक्षद्वारा कुटपीट र प्रहरी बोलाएर पक्राऊ ।

कोशी गाउँपालिकाको भ्रष्टाचारसम्बन्धी विवाद के हो ?

 ",22,4,2,0,0
drckraut_136,Janamat,drckraut,Chandra Kant Raut,1/26/2022,7:00:14,"प्रहरी वर्दीको दम्भ। जनकपुर, माघ १२ गते। किसान आन्दोलन - जिन्दाबाद !     ",61,10,13,0,0
drckraut_137,Janamat,drckraut,Chandra Kant Raut,1/26/2022,2:19:57,"पहिला खाद देऊ, अनि भोट खसाऊ

स्थानीय निर्वाचन घोषणा गर
अनि राष्ट्रिय सभा निर्वाचन गर

संविधान र लोकतन्त्र मास्न पाइँदैन",41,5,1,0,0
drckraut_138,Janamat,drckraut,Chandra Kant Raut,1/26/2022,0:45:48,"मधेश विगत एक महिनादेखि आन्दोलित छ। किसानहरू चिसोमा हरेक दिन आफ्ना माग राखेर आन्दोलन गर्न सडकमा उत्रिन्छन्। तर त्यो चाहिँ तीनै तहको सरकारले नदेख्ने अनि मधेशमा आएर निर्वाचन गराउने? काठमाडौंमा बोलाएर निर्वाचन गर्न लगाउनुस्, हामीलाई मतलब छैन, तर मधेश आन्दोलित छ।",62,5,8,0,0
drckraut_139,Janamat,drckraut,Chandra Kant Raut,1/24/2022,8:33:05,किसान आन्दोलन - जिन्दाबाद !,75,7,5,0,0
drckraut_140,Janamat,drckraut,Chandra Kant Raut,1/23/2022,3:22:05,कालो झंडा बरदाश्त गर्न नसक्ने फोरम/जसपाले आन्दोलनको नाममा के-के गरेका थिए ?,66,11,2,0,0
drckraut_141,Janamat,drckraut,Chandra Kant Raut,1/23/2022,2:40:47,"किसान आन्दोलनमा  #बाल्टिन_जुलुस।  सिंचाईको व्यवस्था गर, नसके कृषि बिजुली नि:शुल्क गर। सबै जिल्लाको आन्दोलन अपडेट हेर्न:  

किसान आन्दोलन - जिन्दाबाद !",51,4,3,0,0
drckraut_142,Janamat,drckraut,Chandra Kant Raut,1/22/2022,10:49:47,किसान आन्दोलन विरोधी जसपाको आतंकको श्रंखला,29,7,2,0,0
drckraut_143,Janamat,drckraut,Chandra Kant Raut,1/22/2022,3:16:33,मलखादको व्यवस्था गर नाराका साथ माघ ७ गते किसान आन्दोलनको  खाली बोरा जुलुस। सबै जिल्लाको अपडेट हेर्न: ,42,5,0,0,0
drckraut_144,Janamat,drckraut,Chandra Kant Raut,1/21/2022,15:15:06,गौरकांड झैं नरसंहार गरिदिने र घेराऊ हालेर हत्या गरिदिने संघीय मन्त्रीको घोषणाको ४८ घंटा बितिसक्दा पनि मंत्री परिषद्‍बाट कुनै स्पष्टीकरण नआए पछि यसलाई नेपाल सरकारकै #आधिकारिक #घोषणा मान्नै पर्ने भयो। प्रहरीबाट सुरक्षाको आश भएन। अब आफ्नो आत्मरक्षा गर्दा कसैले आपत्ति नमान्नुहोला।,321,57,40,0,0
drckraut_145,Janamat,drckraut,Chandra Kant Raut,1/14/2022,14:57:04,"मासूम हम रह गये गौरेये को उडाते
लूट कर हमें तो यह सरकार ले गई
#ईँजोड 
पौष ३० गतेको किसान महारैलीमा सम्बोधन, सिरहा।",31,4,1,0,0
drckraut_146,Janamat,drckraut,Chandra Kant Raut,1/14/2022,13:55:27,"किसान महारैलीमा जनमत पार्टीका अध्यक्ष डा. सी. के. राउत, सिरहा बजार, सिरहा, पौष ३० गते",57,10,7,0,0
drckraut_147,Janamat,drckraut,Chandra Kant Raut,1/14/2022,12:30:18,किसान महारैली - पौष 30 #राजबिराज,34,4,2,0,0
drckraut_148,Janamat,drckraut,Chandra Kant Raut,1/14/2022,12:28:36,किसान महारैली - पौष 30 #जनकपुर,29,4,1,0,0
drckraut_149,Janamat,drckraut,Chandra Kant Raut,1/14/2022,12:26:59,किसान महारैली - पौष 30 #भैरहवा,39,5,1,0,0
drckraut_150,Janamat,drckraut,Chandra Kant Raut,1/14/2022,12:14:15,किसान महारैली - पौष 30 सिरहा,36,4,1,0,0
drckraut_151,Janamat,drckraut,Chandra Kant Raut,1/14/2022,3:03:51,शुभ-प्रभात। #ऐतिहासिक #किसान_महारैली आज झापादेखि बर्दिया तथा काठमाडौंमा #आज #पौष_३० गते #शुक्रबार निस्किन गइराखेको छ। सम्पूर्ण जनतासँग सहभागी हुन हार्दिक अनुरोध गर्दछौं। भविष्यमा गर्व गर्न सकिने यस ऐतिहासिक परिघटनामा सामित हुने अवसरबाट नचुकौं🙏🙏🙏,61,6,6,0,0
drckraut_152,Janamat,drckraut,Chandra Kant Raut,1/13/2022,7:53:25,"जो घर में छूपे हैं देखें वे यह वीरों का दौर
तलवार वे भी चलाने लगे जिनके हाथ नहीं  ।
घुटने बल पर जो लडते रहे सियासतों से
गवाही है हथसवारों के झूठे इतिहास की ।
🙏🙏🙏वीर योद्धा को सलाम !🙏🙏🙏
#notcopied",33,3,1,0,0
drckraut_153,Janamat,drckraut,Chandra Kant Raut,1/8/2022,11:03:26,"किसान का बेटा हूँ मैं
मिट्टी और रेत परखना जानता हूँ
सियासत में जब गुरूर हो तो उसे
जमीन पर भी पटकना जानता हूँ🤼

जनकपुरको बारहबिघामा आज पौष २४ गते शनिबार नेपाल र भारतका प्रतियोगीहरूको सहभागितामा भइराखेको रेस्लिङ्ग प्रतियोगिताको सफलताको लागि शुभकामना।",41,3,3,0,0
drckraut_154,Janamat,drckraut,Chandra Kant Raut,1/8/2022,4:28:05,किसान आन्दोलन पौष २३ सिरहा,63,10,3,0,0
drckraut_155,Janamat,drckraut,Chandra Kant Raut,1/7/2022,14:28:26,"किसान आन्दोलन १५ औं दिन पौष २३ गतेको विभिन्न जिल्लामा भएको गतिविधिको अपडेट हेर्न 

किसान आन्दोलन - जिन्दाबाद !
जनमत पार्टी - जिन्दाबाद !",29,6,3,0,0
drckraut_156,Janamat,drckraut,Chandra Kant Raut,1/7/2022,13:43:58,"बहाने ढूंढते
तो मिल जाते मुझे भी हजारों
पर वीर हूँ मैं
सो रुका ना पैर कभी हमारो

कोटि कोटि नमन इन वीर योद्धाओं को।  🙏🙏🙏
किसान आन्दोलन - जिन्दाबाद 📢📢📢",34,4,1,0,0
drckraut_157,Janamat,drckraut,Chandra Kant Raut,1/7/2022,11:06:24,"छोटेराजाले कतै दरबारमा पस्न दिएन त कतै किल्ला छाडेरै भागे।
 
आइतबारसम्म हरेक पालिकामा किसान आन्दोलनको माग सम्बन्धी ध्यानाकर्षण-पत्र दिने कार्यक्रम अन्तर्गत पौष २३ ज्ञापन पत्र दिन जाँदा।

किसान आन्दोलन - जिन्दाबाद !",26,5,0,0,0
drckraut_158,Janamat,drckraut,Chandra Kant Raut,1/7/2022,9:38:05,"सिरहा सदरमुकाम - किसान आन्दोलनको १५औं दिन पौष २३ गते📢📢📢
(आइतबारसम्म हरेक पालिकामा किसान आन्दोलनको माग सम्बन्धी ध्यानाकर्षण-पत्र दिने कार्यक्रम रहेको छ)",31,5,1,0,0
drckraut_159,Janamat,drckraut,Chandra Kant Raut,1/7/2022,5:10:37,"सप्तरी CDO/SP द्वारा ज्ञापन-पत्र बुझ्न अस्वीकार

जिप्रका सप्तरी #जसपा को निजी सम्पत्ति हो कि आमजनताको सेवा र सुरक्षाको लागि हो, जवाब दिनुपर्छ। कुनै पार्टी विशेषको निर्देशनमा चल्नु र प्रहरी संरचनाको यसरी दुरुपयोग हुनु मुलुककै दुर्भाग्य। 
  ",34,5,1,0,0
drckraut_160,Janamat,drckraut,Chandra Kant Raut,1/6/2022,17:59:43,"जसपाका नेताको भाई DSP रामकुमार यादवले सप्तरीमा घर-घर पसेर महिलालाई कुटेको, टाउको फोडेको र मचाएको  ताण्डव, हसिँया लिएर आक्रमण गर्ने वडाअध्यक्ष पक्राऊ नपरेको, जसपाको ईशारामा निर्दोषलाई पक्रेर #यातना बारे ज्ञापनपत्र CDO/SP द्वारा लिन अस्वीकार   ",48,13,1,0,0
drckraut_161,Janamat,drckraut,Chandra Kant Raut,1/6/2022,13:45:45,किसान आन्दोलन १४औं दिन - पौष २२ गते विभिन्न जिल्लामा भएका गतिविधि हेर्न ,35,2,4,0,0
drckraut_162,Janamat,drckraut,Chandra Kant Raut,1/5/2022,14:02:47,किसान आन्दोलन किन ?,55,15,7,0,0
drckraut_163,Janamat,drckraut,Chandra Kant Raut,1/3/2022,0:27:54,"गोली लागेका आन्दोलनकारी अस्पतालको बेडबाटै डा. सी. के. राउतलाई भने - खुट्टामा मात्रै हैन, छातीमै गोली खान तैयार छौं, यो राक्षसी राजको अन्त्य हुनेछ।

गोली लागेर घाइते ५ जना, अन्य दर्जनौं घाइते - दुई जनाको स्थिति गम्भीर.

किसान आन्दोलन, धनुषा पौष १८।",44,8,7,0,0
drckraut_164,Janamat,drckraut,Chandra Kant Raut,1/2/2022,13:44:03,"पौष १८ गते #आइतबार, बेलुका ९ बजे, Himalaya TV मा डा. सी. के. राउत वरिष्ठ पत्रकार राजेन्द्र बानियाँका साथमा कार्यक्रम #यक्षप्रश्न मा",57,8,6,0,0
drckraut_165,Janamat,drckraut,Chandra Kant Raut,1/2/2022,6:59:33,"चिल्ला कारको चिन्ता हुने, उद्योगपतिको ट्रकको चिन्ता हुने तर करोडौं किसानको भोका छोराछोरीको चिन्ता नहुने ? #किसानआन्दोलन",50,8,3,0,0
drckraut_166,Janamat,drckraut,Chandra Kant Raut,1/1/2022,14:07:01,झापादेखि बर्दियासम्म #किसान आन्दोलनका दृश्यहरू - पौष १७ गते शनिबार,52,10,9,0,0
khanabdul_24_0,Janamat,khanabdul_24,Abdul Khan,4/14/2022,12:40:27,हार्दिक शुभकामना ।।,2,0,1,0,60
khanabdul_24_1,Janamat,khanabdul_24,Abdul Khan,10/13/2021,4:19:41,मेरो तर्फवाट पनि शुभकामना पूर्व प्रधानमन्त्री ज्यु  लाइ,0,0,0,0,60
khanabdul_24_2,Janamat,khanabdul_24,Abdul Khan,9/4/2021,15:04:50,हरेक को समय आउँछन् भन्छन् अब माओबादी को समय आए जस्तो छ,0,0,0,0,60
khanabdul_24_3,Janamat,khanabdul_24,Abdul Khan,8/26/2021,4:20:01,Best of luck hajur,1,0,0,0,60
khanabdul_24_4,Janamat,khanabdul_24,Abdul Khan,7/18/2021,14:25:35,बहुत सुन्दर भनाई बुझ्नेले न बुझे पछी कसको के लाग्छ,1,0,0,0,60
khanabdul_24_5,Janamat,khanabdul_24,Abdul Khan,5/3/2021,4:43:09,त्यो चाहिँ होइन संसद विघटन गरेर जो घृनित काम गरेँ त्यो नै अहिले सबै घटनाको उपज हो ।,0,0,0,0,60
khanabdul_24_6,Janamat,khanabdul_24,Abdul Khan,5/3/2021,4:39:24,केपी ओलीको नेतृत्वमा चुनावमा सहभागी हुनु भनेको आत्मघाती  election होइन selection हुने बाला छ । सबै दल बेलैमा बुद्धि न पुर्याए फुर्सदको समयमा  पछुताउनु बाहेक केही हुँदैन । बाख्राको गोठालो चितुवालाइ दिए पछी बाख्रा सङ्लो खोजेर पाइन्न।,2,0,2,0,60
khanabdul_24_7,Janamat,khanabdul_24,Abdul Khan,5/2/2021,16:44:02,अरु पनि विकल्प छ हजुर माधव नेपालको  समुहले २७ गते भन्दा पहिला नै राजिनामा दिने ।,1,0,2,0,60
khanabdul_24_8,Janamat,khanabdul_24,Abdul Khan,4/30/2021,14:14:41,"जतिबेला प्रतिकूल अवस्था आउँछन् त्यत्ति खेर सरकार र राज्य चाहिन्छ तर प्रतिकूल र गम्भिर अवस्थामा  जब सरकार आफ्नो दावित्व बाट पन्छिन्छ वा भाग्छ त्यत्ति खेर त्यो सरकारलाई  विस्थापन गरी जनताप्रति उतर दावित्व हुने सरकारको  विकल्प खोज्नु नै सबै हितकर हुन्छ ।मुलुक नयाँ रोगबाट सङ्क्रमित छ। गरीब, असहाय,शक्तिविहीनहरूअस्पतालको पहुँचबाट बञ्चित छन।यस्तो अवस्थामा जनताका बारेमा संवेदनशील हुनु त कता हो कता एउटा सभ्य राजनीतिमा कल्पना पनि गर्न नसकिने तरीकाले सत्ता जोगाउने र फाल्ने घृणित खेलहरू जारी छन। यस्तो चरित्रहीन सत्ता चाहिँदैन बिरोध गरौं।",1,0,0,0,60
khanabdul_24_9,Janamat,khanabdul_24,Abdul Khan,4/8/2021,4:33:06,तपाईंहरूको दोषी चस्मा फुकालेर त हेर्नु कतै तपाइँले दोष लगाएको मान्छे नै महान् त होइनन् ? तपाइँ जसलाई अहिले ठीक भनि राख्नु भाको छ त्यो मान्छे कतै देशको गद्दार त होइनन् ?,0,1,0,0,60
khanabdul_24_10,Janamat,khanabdul_24,Abdul Khan,4/8/2021,4:28:15,कुरा सत्य तर नि मान्छेको जात लोभी पापी र नेपाली समाजमा अवसरबादी चरित्रका ब्याप्त मनोरोगले ग्रसित छौ कि?,1,0,0,0,60
khanabdul_24_11,Janamat,khanabdul_24,Abdul Khan,2/23/2021,18:53:15,"तपाइँको धेरैजसो  विश्लेषण सही गर्नु हुँदो रहेछ ,यस भुमिका तपाइँ को नि उल्लेखनीय छ सो हजुर लाइ नि बधाई",1,0,0,0,60
khanabdul_24_12,Janamat,khanabdul_24,Abdul Khan,2/22/2021,1:15:11,जस्तो गुरु उस्तै चेला,0,0,0,0,60
khanabdul_24_13,Janamat,khanabdul_24,Abdul Khan,1/27/2021,5:41:42,हामी लाइ नि त्यही लागी राखेको छ तर समाज मा यी निर्णय भएँ दुरगामी असर  जस्तो देखिन्छ ।,0,0,0,0,60
khanabdul_24_14,Janamat,khanabdul_24,Abdul Khan,1/24/2021,16:22:37,वहा ले  कहीले कसलाई सम्मान गर्नु भाको छ र,1,0,0,0,60
khanabdul_24_15,Janamat,khanabdul_24,Abdul Khan,1/12/2021,0:34:47,डा. साहेबले  राम्रो कुरा  गर्नु भाको छ तर केपीका  साइबर सेना ले तापाइलाई  खेदेका तर झुटो कुरा लुगदैन सत्य कुरा डकदैन,0,0,0,0,60
khanabdul_24_16,Janamat,khanabdul_24,Abdul Khan,1/5/2021,9:53:20,Haha,0,0,0,0,60
khanabdul_24_17,Janamat,khanabdul_24,Abdul Khan,7/5/2020,17:58:09,"एकता ,सङ्घर्ष र रुपान्तरण अहिलेको आवस्यकता",4,0,2,0,60
khanabdul_24_18,Janamat,khanabdul_24,Abdul Khan,12/30/2019,15:53:16,कस्तो न्यालय कोही भन्छ की मलाई बलात्कार भाको छैन भन्दा नि जेल सजाय कोही मलाई बलात्कार गर्यो न्याय पाउँ भन्दा नि अदालतले धरौटीमा रिहा ।।,0,0,1,0,60
khanabdul_24_19,Janamat,khanabdul_24,Abdul Khan,12/12/2019,15:28:02,हाम्रो पार्टीका श्रदय क . अध्यक्ष तथा अभिभावक जन्मदिनको हार्दिक शुभकामना !,1,0,0,0,60
khanabdul_24_20,Janamat,khanabdul_24,Abdul Khan,11/25/2019,6:10:11,#NewProfilePic,0,0,0,0,60
khanabdul_24_21,Janamat,khanabdul_24,Abdul Khan,11/23/2019,16:56:35,संयोग छोरा घरमा न देखे पछी कता गयो वरपर खोजे तर पनि न देखेपछि मैले पढेको स्कुलमा स्यानो बच्चा हरुको प्रोग्राम छरे सुने अनि हतार हतार त्यहा पुग्दा त छोरा नि बसी राखेको रैछ अन्य बालबालिका हरु झै अनि मनी एक छिन् सङ्गै बालबालिका हरुसङ्ग बसे तेहि स्कुल हो जहाँ म बाल्यकालमा पढेको याद !,2,0,0,0,60
khanabdul_24_22,Janamat,khanabdul_24,Abdul Khan,11/13/2019,12:16:21,Nice pictures,0,0,0,0,60
khanabdul_24_23,Janamat,khanabdul_24,Abdul Khan,11/7/2019,12:13:31,Good job,0,0,0,0,60
khanabdul_24_24,Janamat,khanabdul_24,Abdul Khan,9/22/2019,6:43:09,Rip,0,0,0,0,60
khanabdul_24_25,Janamat,khanabdul_24,Abdul Khan,9/19/2019,14:58:42,Thanks,1,1,0,0,60
khanabdul_24_26,Janamat,khanabdul_24,Abdul Khan,9/19/2019,14:55:50,It’s my first tweet in twitter.,1,0,1,0,60
bishwaprakash77_0,NC,bishwaprakash77,Bishwa Prakash Sharma,12/12/2023,16:03:51,"प्रतिनिधिसभा र रास्ट्रीयसभाको टिमबिच मैत्रीपूर्ण फुटबलको रोमाञ्चक अनुभव ! आज मंसिर २६ गते l

टिम क्याप्टेन प्रतिनिधिसभाको सभामुख देवराज घिमिरे र रास्ट्रीयसभाको अध्यक्ष गणेशप्रसाद तिमिल्सिना l `टिम स्पिरिट´ को भावना l भिन्न मजा, भिन्न अनुभुती l",122,14,15,0,347000
bishwaprakash77_1,NC,bishwaprakash77,Bishwa Prakash Sharma,12/12/2023,12:12:43,"क्रमशः धुन बजाउँदै गुरु, `सुर´ चिन्दै र सुनाउँदै शिष्य !

बाबु शिर्षकप्रकाशको संगीत अध्ययनको एक छोटो परिक्षा ! आदरणीय गुरु प्रभुराज ढकालसँग l
Good बाबू, Go ahead...",169,7,8,0,347000
bishwaprakash77_2,NC,bishwaprakash77,Bishwa Prakash Sharma,12/6/2023,21:08:31,"#Ncell ले `पुँजिगत लाभकर´ नतिर्ने प्रपन्च गर्दा त्यो बेला हामीले अघि बढाएको अभियानको नाम थियोे- #No_Tax_No_Ncell l दबाब र मुद्दापछि अन्ततः उ झुक्न बाध्य भयो !

अहिलेको प्रकरणमा सरकार र दलहरू कठोर हुन जरुरी l जनदबाबको स्वतस्फूर्त साथ फेरिपनी साथमा हुनेछ l

 त्यो बेलाको एक #तस्वीर",29,2,4,0,347000
bishwaprakash77_3,NC,bishwaprakash77,Bishwa Prakash Sharma,12/6/2023,21:05:14,"बाह्य लगानीलाई नेपालमा सहज वातावरण नरहेको आक्षेप खारेज गर्न संगठित पहल गरौं l अत्यावश्यक ऎन संशोधन र परिमार्जन गरेर कार्यान्वयनमा नल्याउनुको कमजोरी आत्मसात गर्दै जवाफदेहीपुर्ण ढंगले कार्य गरौं l

बाह्य लगानीको थप सुरक्षीत वातावरण निर्माण गर्दै सकारात्मक सन्देश सम्प्रेषण गरौं l",17,0,3,0,347000
bishwaprakash77_4,NC,bishwaprakash77,Bishwa Prakash Sharma,12/6/2023,21:03:54,"६ बर्षपछि सरकारको स्वामित्वमा आउन लागेको #Ncell को `खरिदबिक्री´ शंकास्पद छ l यसलाई रोकेर यो `अपार करछलि´को गहिरो अनुसन्धान जरुरी छ !

अनियमितता विरुद्ध सम्पुर्ण एकताको दृस्टीसाथ,
सरकार, प्रतिपक्ष, प्रेस र नागरिक सम्पुर्ण रुपले एकढिक्का उभिने संकेत सकारात्मक छ l",221,42,45,0,347000
bishwaprakash77_5,NC,bishwaprakash77,Bishwa Prakash Sharma,11/22/2023,18:31:49,"निरंकुशतामा निरंकुशता विरुद्ध प्रदर्शन गर्न पाइन्न थियो,किनकि त्यो निरंकुशता थियो l लोकतन्त्रमा लोकतन्त्रको पनि विरोधमा प्रदर्शन गर्न पाइन्छ, किनकि यो लोकतन्त्र हो !

एकदर्जन प्रदर्शन एकसाथ गर्न मिल्छ,गरौं l
तर संयम राखौं l परिपक्व अनि जिम्मेवार व्यवहार प्रस्तुत गरौं l जय नेपाल !",515,82,152,0,347000
bishwaprakash77_6,NC,bishwaprakash77,Bishwa Prakash Sharma,11/16/2023,6:46:12,"सरकारको कुनै कामको समर्थन विपक्षले गर्नसक्छ,
कुनै कामको विरोध सत्तापक्ष भित्रैबाट हुनसक्छ, लोकतन्त्रमा व्यक्तिको विवेक सबै सत्ताभन्दा सर्वोपरि हुन्छ l

सरकार र पार्टी दुई अलग अस्तित्व हुन्, बुझ्नेलाई श्रीखण्ड, नबुझ्नेलाई खुर्पाको बिँड l जय नेपाल !",410,77,119,0,347000
bishwaprakash77_7,NC,bishwaprakash77,Bishwa Prakash Sharma,11/15/2023,12:02:53,"प्रस्तुत `डिजाइन´ मा हामीले निर्माण गरेको `मोडल´ तपाईंलाई काम लाग्नसक्छ l

२ दक्ष मिस्त्री,९ स्वयंसेवक,समय ६ घण्टा l लागत ३५ देखि ४० हजार रुपैयाँ l केही आदरणीय साथिले अस्थायी टहरा बनाउन राख्नुभएको जिज्ञासाका कारण यो विवरण पोस्ट गरेको छु l

#मानवताको_सेवा_जीवनको_सर्वोत्तम_कार्य",198,38,27,0,347000
bishwaprakash77_8,NC,bishwaprakash77,Bishwa Prakash Sharma,11/13/2023,10:27:49,"आज #टिकटक बन्द, भोलि फेसबुक बन्द, पर्सि कसैले भनिदेला लोकतान्त्रिक शासन प्रणालीले देश बिग्रीयो भनेर तब के गर्ने लोकतान्त्रिक प्रणालीनै भंग गरिदिने  ?

सरकार स्पष्ट होस्, राज्यले `स्वच्छन्दता´ नियन्त्रण गर्ने हो `स्वतन्त्रता´ नियन्त्रण गर्ने होइन !",66,14,14,0,347000
bishwaprakash77_9,NC,bishwaprakash77,Bishwa Prakash Sharma,11/13/2023,9:42:54,"टिकटक मनोरञ्जनको साझा स्टेज बनेको छ l कलाकार जन्माएको छ l Live बाट कयौंले कमाएका छन् l व्यवसाय प्रवर्द्धन गरेका छन् l
कयौंले सकारात्मक सम्प्रेषण गरेका छन् l

दुरुपयोग जो जसले गरे, तिनलाई निरुत्साहित र नियन्त्रणको कडा बिधि बनाउ l तर टिकटक बन्दको निर्णय अविलम्ब फिर्ता लेउ !",83,24,19,0,347000
bishwaprakash77_10,NC,bishwaprakash77,Bishwa Prakash Sharma,11/13/2023,9:36:25,"सामाजिक-धार्मिक सहिष्णुताको रक्षा समाजको आत्मानुशासन र सरकारको शुसासनले हुने हो l सामाजिक संजाललाई आत्मानुशासनमा कसरी ल्याउने, खुला छलफल गरौं, तार्किक निष्कर्ष पहिल्याऔँ र पालना गरौं !

प्रश्नको मुहान बन्द गरेर सहि जवाफ खोज्न सकिन्न सरकार l टिकटक बन्दको निर्णय अविलम्ब फिर्ता गर l",60,9,4,0,347000
bishwaprakash77_11,NC,bishwaprakash77,Bishwa Prakash Sharma,11/13/2023,9:10:59,"गर्धनमा पिलो आयो भने गर्धननै काट्ने  ? कि जोखिम रहित उपचार खोज्ने ?

द्वेष फैलाउनेलाई पहिचान गर, नियम बनाइ बन्द गर, No comment l तर एउटा बिराउने साह्रा पिराउने ढंगले समग्र टिकटक बन्द गर्ने सोच अलोकतान्त्रिक छ l यो निर्णय अविलम्ब फिर्ता होस् l",455,95,119,0,347000
bishwaprakash77_12,NC,bishwaprakash77,Bishwa Prakash Sharma,11/11/2023,15:58:16,"हामीले शुरु गर्‍यौं `#१०००_टहरा_अभियान´ !

मंसिर मसान्तभित्र हजारौं अस्थायी टहरा बनाइसक्न जरुरी छ, जाजरकोट र पश्चिम् रुकुमका भुकम्प पीडितका लागि !

स्थायी घर बनाउन लाग्ने समयसम्मका लागि आउनोस् अस्थायी टहरा निर्माणमा जुटौं l राजनैतिक विवाद पछि गरौंला, अहिले मानवताको सेवामा जुटौं !",692,107,170,0,347000
bishwaprakash77_13,NC,bishwaprakash77,Bishwa Prakash Sharma,11/4/2023,4:47:28,"उद्धार, राहत  र पुनर्स्थापनाका लागि सरकारको कोषमा नेपाली काँग्रेसका तर्फबाट ५०,००,०००।–  (पचास लाख) उपलब्ध गराउने निर्णय गरिएको छ l

स्वदेश र विदेशमा रहेका सबैलाई तन, मन र धनका साथ खुला हृदयले मानवीय सेवाको अभियानमा जुट्न नेपाली काँग्रेस हार्दिक अपील गर्दछ l",250,59,50,0,347000
bishwaprakash77_14,NC,bishwaprakash77,Bishwa Prakash Sharma,9/19/2023,5:35:44,"दलहरुमा फरक विचार र विचार समुह हुनु स्वभाविक हो l काँग्रेसमा पनि छ / छन् l यो अभ्यासलाई हार्दिक ढंगले लिइनुपर्छ !

तर अहिलेको समय महासमितिबाट निति, गति र मति उपर साझा दृस्टी निर्माणको समय हो l यो कर्ममा महामन्त्रीले संयोजन र सम्पादन गर्नुपर्ने जरुरी बिषयहरुप्रती सजग छु / रहनेछु l",52,6,7,0,347000
bishwaprakash77_15,NC,bishwaprakash77,Bishwa Prakash Sharma,9/19/2023,5:31:41,"* पार्टी पंक्तिमा उर्जा l
* नागरिकको वितृष्णा चिर्दै नवीन विश्वास l
* ०८२ मा महाधिवेशन सुनिश्चितता l
* समय चेत बुझ्न र हाँक्न सक्ने सभापति र अबको प्रधानमन्त्री l

काँग्रेसमा विचार समुहहरु र सिंगो संस्थाले विमर्शको केन्द्र यसैलाई बनाएर सार्थक बहस र तार्किक निष्कर्ष क्रमश खोज्नुछ l",60,10,3,0,347000
bishwaprakash77_16,NC,bishwaprakash77,Bishwa Prakash Sharma,9/18/2023,9:52:24,"असोज ३ गते बिहान १०.३० बजे !

#बिपि_साहित्य_महोत्सव को तेस्रो र अन्तिम दिनको कार्यक्रम l उत्साहवर्धक सहभागिताका लागि सबैलाई सादर निमन्त्रणा l",79,12,1,0,347000
bishwaprakash77_17,NC,bishwaprakash77,Bishwa Prakash Sharma,9/18/2023,7:51:37,"#बिपि_साहित्य_महोत्सव को तेस्रो दिनको स्थगित कार्यक्रम असोज ३ गते संविधान दिवसका दिन हुने l

भदौ २४ र २५ मा झैं उत्साहवर्धक सहभागिताका लागि सबैलाई हार्दिक निमन्त्रणा !",102,18,3,0,347000
bishwaprakash77_18,NC,bishwaprakash77,Bishwa Prakash Sharma,9/16/2023,8:24:47,"नेपाली काँग्रेस झापा १ को क्षेत्रीय सम्मेलन भब्य र सभ्य ढंगले चलिरहेको छ ! ३० भदौ, ०८० l

उत्साह, एकता र रुपान्तरणको भावना यो भूगोलमा बलियो ढंगले विकसित भइरहेको अनुभुती l",164,13,21,0,347000
bishwaprakash77_19,NC,bishwaprakash77,Bishwa Prakash Sharma,9/14/2023,12:42:39,"ढाकाको टोपी र एउटा गम्छा लगाइदिएर श्रद्धाले ढोगें, १०० बर्षिय यी पिता जुगेश्वर महतोलाई l

#पिताको_मुख_हेर्ने_पर्व का दिन महोत्तरी जिल्लाको बिजलपुरामा उहाँको आँगनमा पुगेर श्रद्धा प्रकट गर्दा सन्तोषको अनुभुती भयो l आफ्नो स्वर्गीय पिताको सम्झना, हाम्रो समाजका सबै पितालाई शुभकामना !",140,6,7,0,347000
bishwaprakash77_20,NC,bishwaprakash77,Bishwa Prakash Sharma,9/12/2023,13:27:43,"`कोटेश्वरको केटो´ लाई हार्दिक श्रद्धाञ्जली !

कोटेश्वरको `कथा´ कोर्ने  कथाकार राजेन्द्र पराजुलीलाई ‘शुक्रराज शास्त्रीको चश्मा´ देखि `जन्तरमन्तर’  सम्म हामी स्मरण गर्नेछौं l भगवानका साथमा उहाँको बास हुन सकोस् l भावपुर्ण श्रद्धाञ्जली सहित सपरिवारमा समवेदना !",93,4,14,0,347000
bishwaprakash77_21,NC,bishwaprakash77,Bishwa Prakash Sharma,9/12/2023,6:16:37,संविधानसभा अध्यक्ष सुवास नेम्वाङको निधनप्रती शोक व्यक्त गर्दै #विपि_साहित्य_महोत्सव को अन्तिम दिनको सम्पुर्ण कार्यक्रम स्थगित !,98,10,4,0,347000
bishwaprakash77_22,NC,bishwaprakash77,Bishwa Prakash Sharma,9/12/2023,0:26:12,"अत्यन्तै सालिन र नम्र नेता सुवास नेम्वाङको निधनले स्तब्ध र दुखित तुल्याएको छ !

संविधानसभाको सभामुखका रुपमा संविधान निर्माणका समयमा उहाँले निभाउनु भएको महत्त्वपूर्ण भुमिका देशले सदैव सम्मानसाथ स्मरण गरिरहने छ l हृदयदेखि भावपुर्ण श्रद्धाञ्जली !",442,39,71,0,347000
bishwaprakash77_23,NC,bishwaprakash77,Bishwa Prakash Sharma,9/11/2023,0:20:01,"#विपि_साहित्य_महोत्सव को आज दोस्रो दिन !

डकुमेन्ट्री, `कि नोट स्पीच´,चार `प्यानल डिस्कसन´, Live Art, फोटो प्रदर्शनी र गजल साँझ l",151,28,9,0,347000
bishwaprakash77_24,NC,bishwaprakash77,Bishwa Prakash Sharma,8/6/2023,12:11:00,"Gig Economy र Climate Action मा 
#POLITICAL_HACKATHON 
स्वदेश र विदेशमा रहेका उत्साही नेपाली युवा 'Creative Idea'  साथ प्रतिस्पर्धामा सहभागि बन्न सक्नुहुनेछ l सन्दर्भ; अन्तर्राष्ट्रिय युवा दिवस l

* कांग्रेस केन्द्रको गत बैठकले तय गरेको कार्यतालिका अनुरुप l (थप विवरण चाँडैनै )",95,16,5,0,347000
bishwaprakash77_25,NC,bishwaprakash77,Bishwa Prakash Sharma,8/5/2023,14:14:46,"खेलमाझैँ राजनीतिमा `अब मैदान छोड्ने बेला भयो´ जसले बुझ्छ लाखौं हृदय उसैले जित्छ l त्यो मोड गुमाउनेले यो बुझ्न समय लाग्छ- कि मैले जे गुमाएँ, अमुल्य अवसर गुमाएँ !

नेपाली क्रीकेटका पुर्व कप्तान ज्ञानेन्द्र मल्ललाई हृदयदेखि लाख बधाई l फरक जिम्मेवारी तर्फको सोचलाई लाखौं शुभकामना !",300,24,21,0,347000
bishwaprakash77_26,NC,bishwaprakash77,Bishwa Prakash Sharma,8/5/2023,7:16:45,"आन्तरिक बिशेष अभियान, आजबाट प्रारम्भ l

यो अभियान क्रममा एक दर्जनबढी आन्तरिक बिषयहरु सम्पादन गरिनेछन् l",171,24,18,0,347000
bishwaprakash77_27,NC,bishwaprakash77,Bishwa Prakash Sharma,7/16/2023,15:06:46,"श्रमिकको न्युनतम ज्याला अभिवृद्धि गर्ने प्रक्रियामा 
सरकार, रोजगारदाता र श्रमिक सहभागिता सहितको त्रीपक्षिय संवाद र सहमति अविलम्ब खोजिनुपर्छ ! 

#संसदमा_श्रमिकको_भावना राख्दै !",132,25,22,0,347000
bishwaprakash77_28,NC,bishwaprakash77,Bishwa Prakash Sharma,7/16/2023,11:19:44,"रोस्ट्रममा उभिएका मन्त्रीलाई आसन ग्रहण गर्न सभामुखले जब निर्देशन दिनुभयो, तब केही सांसदहरु रोस्ट्रम घेर्न पुग्नुभयो ! सुन्नमा या बुझ्नमा के´मा कमजोरी भयो थाहा भएन, तर आज अचम्मको दृश्य देखियो संसदमा !

संसदलाई सार्थक थलो बनाउन संयम र परिपक्वता साथ गम्भीर विमर्श जरुरी देखियो l",409,76,126,0,347000
bishwaprakash77_29,NC,bishwaprakash77,Bishwa Prakash Sharma,7/5/2023,15:20:26,"मिटर ब्याजिहरुलाई कार्वाही गर्न र पीडितलाई न्यायदिन सरकारले ल्याएको अध्यादेश संविधानको धारा ११४ अनुरुप आज ६० दिन कट्नुपुर्व संसदबाट पारित नभएपछि स्वत: निष्क्रिय भएको छ l

एकापसलाई दोष दिएर हामी उम्कौँला तर पीडितलाई जवाफ के दिने ? कि फेरि तिनको आन्दोलनमा पलेटी मार्न जाने ?",103,20,27,0,347000
bishwaprakash77_30,NC,bishwaprakash77,Bishwa Prakash Sharma,7/5/2023,15:16:15,"आलोच्य अभिव्यक्तिको आलोचना जरुरी l
तर मिटर ब्याज पीडितहरुलाई न्यायदिन ल्याइएको `केही नेपाल ऎन संशोधन गर्ने विधेयक´ आज संसदबाट पारित नहुँदा निष्क्रिय भएको छ l `विधेयक पारित हुन दिएर मात्र अवरोध गरौं´ भन्ने बुद्दिमत्ता कुनैपनि विपक्षी दलमा देखिएन l

अत्यन्तै दु:खद !!!!",132,27,29,0,347000
bishwaprakash77_31,NC,bishwaprakash77,Bishwa Prakash Sharma,7/5/2023,15:09:29,"हलुका अभिव्यक्तिको गम्भीर अर्थ र असर हुनसक्छ भन्ने हेक्का नराख्नु प्रधानमन्त्रीको गल्ती हो l नेपालको प्रम नेपालको संसदले चयन गर्दछ र गर्ने हो l मित्र रास्ट्रहरुलाई मित्रताकै सिमामा राख्ने कर्तव्य मुलत प्रमकै हो !

अत प्रश्न हामीनै उठाइरहेका छौं, प्रतिपक्षको त मुल कर्तव्यनै हो !",674,113,158,0,347000
bishwaprakash77_32,NC,bishwaprakash77,Bishwa Prakash Sharma,4/28/2023,15:07:47,"बैशाख १७ गते आइतबार अपरान्ह ५.३० बजे काठमाडौ पुग्दै हुनुन्छ आदरणीय दाइ चन्द्र भण्डारी ! 

केहिदिन अघि उहाँसँग अनलाइन संवाद गरिरहँदा छोरी स्वीकृतिले गरेको यो रेकर्ड चन्द्र दाइको अनुमतिले यहाँ प्रस्तुत छ l यो अडियो-भिडियोले उहाँको स्वास्थ स्थितिबारे सुसूचित हुन सघाउने छ l",849,86,82,0,347000
bishwaprakash77_33,NC,bishwaprakash77,Bishwa Prakash Sharma,4/26/2023,0:31:32,"उपचुनावमा विजयी मित्रहरूलाई बधाई तथा शुभकामना l

परिणामले हामीलाई रुपान्तरित हुन सन्देश दिएको छ l देशको समय बदल्न नेतृत्व गरेको दलले बदलिएको समय अनुरुप आफुलाई बदल्नुछ l नवीन अभियानमा, नयाँ ढंगले जुट्नेछौं हामी l आदरणीय मतदाताको प्रत्येक मतलाई सम्मान छ l जय नेपाल !",827,92,383,0,347000
bishwaprakash77_34,NC,bishwaprakash77,Bishwa Prakash Sharma,4/20/2023,14:18:27,"आँसु आउँदा आमा सम्झन्छन् रे, जसको आमा धर्तीमै हुनुन्छ l आमा सम्झिँदा आँसु आउँछ रे जसको आमा स्वर्गमा हुनुन्छ !

स्वर्गमा रहेकी मेरि ममतामयी आमा अनि बाबालाई असिम श्रद्धाले सम्झिन्दै `आमाको मुख हेर्ने पर्व´ को अवसरमा यो धर्तिका सबै आमालाई सम्मान l अनि शुभकामना सबैलाई मुरिमुरी !",424,64,134,0,347000
bishwaprakash77_35,NC,bishwaprakash77,Bishwa Prakash Sharma,4/17/2023,12:19:33,बैशाख ५ गते अपरान्ह १.०० बजे l दमौलीको अनशन चौतारी l,220,35,81,0,347000
bishwaprakash77_36,NC,bishwaprakash77,Bishwa Prakash Sharma,4/14/2023,13:32:18,"०८० शुभ रहोस् l मंगल बनोस् !

हामी सपरिवारका तर्फबाट तपाईंको सपरिवारलाई हार्दिक मंगलमय शुभकामना !",1000,24,104,0,347000
bishwaprakash77_37,NC,bishwaprakash77,Bishwa Prakash Sharma,4/13/2023,13:51:55,"व्यङ्ग्य र आलोचना गर्ने अधिकार लोकतन्त्रले हरेकलाई दिएको छ l यसलाई कसैले पनि नकारात्मक रूपमा लिनुहुन्न l तथ्यमा आधारित जो हुन्छन् तिनले परिमार्जनलाई सघाउँछन्, जो हुन्नन् ती समयसँगै हराउँछन् !

नवबर्ष शुभकामना दिँदै यस्तो व्यङ्ग्य, आलोचना र प्रश्नलाई सदैब स्वागतको प्रतिबद्धता !",1300,212,362,0,347000
bishwaprakash77_38,NC,bishwaprakash77,Bishwa Prakash Sharma,3/28/2023,6:34:05,"सम्माननिय  लोकतान्त्रिक गणतन्त्रमा विरोध गर्नेको मुख थुन्न या थुनामा राख्न मिल्दैन l प्रहरीले युवाको मुख थुनिरहेको दृश्य दु:खद र आपत्तिजनक थियो !

आफू विरुद्ध नारा लगाएका युवालाई तत्काल रिहा गर्न अविलम्ब पहलको माग गर्दछु l",737,165,188,0,347000
bishwaprakash77_39,NC,bishwaprakash77,Bishwa Prakash Sharma,3/27/2023,14:20:50,"राजनैतिक रूपमा सिंगो देशको `मालिक´ बनेका तर आफैंले भोगिरहेको एक टुक्रा माटोको लालपुर्जा नपाइरहेका `सार्वभौम नागरिक´ को हातमा त्यो एकथान पुर्जा हामी कहिलेभित्र पुर्‍याउँछौं ? 

समय निर्धारण र संकल्प जरुरी छ l",394,48,49,0,347000
bishwaprakash77_40,NC,bishwaprakash77,Bishwa Prakash Sharma,3/25/2023,8:02:01,"`मिसन माउन्ट एभरेस्ट´ ! काँग्रेसको झण्डा र चुनाव चिन्ह सगरमाथामा फहराइने l

पेमा रिन्जी र ग्याल्जेन शेर्पा काँग्रेस समर्थक दुईयुवा यो मिसनमा प्रस्थान गरेका छन् l राजधानीमा आज एक समारोहबिच दुवै युवालाई `रुख´ र चारतारे झण्डा हस्तान्तरण गरियो l मिसन सफलताका लागि हार्दिक शुभकामना !",327,23,70,0,347000
bishwaprakash77_41,NC,bishwaprakash77,Bishwa Prakash Sharma,12/30/2022,5:02:49,"सानो छँदा स्कुलमा फुटबल खेल्दैगर्दा कसैले जब `दामी´ खेल्थ्यो, उसलाई हामी `क्या… पेले´ ! भन्थ्यौं l राम्रो खेल्नुलाई पेले´ भनिन्छ, भन्ने लाग्थ्यो हामीलाई !

अलि ठूलो भएपछि थाहा पायौं- पेले त जादुयी खेल भएका फुटबल खेलाडी रहेछन् ! उनै महान खेलाडी पेले´प्रती भावपुर्ण श्रद्धाञ्जलि !",409,12,20,0,347000
bishwaprakash77_42,NC,bishwaprakash77,Bishwa Prakash Sharma,12/26/2022,4:08:51,"भएको के हो सबैलाई थाहै छ l त्यसैले आलोचना र आत्मालोचनाको चरण हुन्छ l साँझ परेको छ,रात छिप्पिने छ l जिम्मेवार प्रतिपक्षका रूपमा हामी देशव्यापी मुभमा हुनेछौं l नयाँ बिहानी हुनेछ lतर त्यो आफै आउनेछैन, हामी ल्याउनेछौं l त्यसका लागि उत्साह, एकता, रुपान्तरणको दृढता राख्नोस्, जय नेपाल !",692,54,45,0,347000
bishwaprakash77_43,NC,bishwaprakash77,Bishwa Prakash Sharma,12/26/2022,4:04:59,"देशभरबाट साथीहरूले शोधिरहनु भएको छ-
कसरी यस्तो भयो ? अब के हुन्छ ?

मैले केवल यत्ति भनें- … Don´t Worry …",1700,137,209,0,347000
bishwaprakash77_44,NC,bishwaprakash77,Bishwa Prakash Sharma,12/25/2022,8:21:05,"हठ, हतारो र आवेगमा कुनै निर्णय नगरौं !

आलोचना बीच गठबन्धन गर्ने, तर अपेक्षाको बिचमा जोगाउन नसक्ने अवस्था आउन दिनुहुन्न l समयले अभिभावकत्व खोजेको छ l यो पनि र त्यो पनि भनिरहँदा, न यो न त्यो हुने अवस्थामा पुग्नु हुन्न l

विकल्पहरुको विकल्पमा जुट्नुको विकल्प छैन !",1200,118,128,0,347000
bishwaprakash77_45,NC,bishwaprakash77,Bishwa Prakash Sharma,12/25/2022,4:45:35,"१) गठबन्धन टुट्नु हुन्न
२) `रास्वपा´ गाँसेर जानु तर्कपुर्ण
३) संसद ५ बर्ष टिकाउन साझा अपनत्व
४) लचकता, सहकार्य र विश्वासको त्रीवेणी मन्त्र
५) रुपान्तरण अनुभुती हुने सुशासनको सूत्रबद्ध योजना
६) सत्तामा अनुभवी र नयाँको संयोजन
७) राज्यको डेलिभरी क्षमता वृद्धिमा टिम स्पीरिट",267,22,38,0,347000
bishwaprakash77_46,NC,bishwaprakash77,Bishwa Prakash Sharma,12/25/2022,4:35:18,"`एक्लो बहुमत´ हामी कसैसँग छैन l गठबन्धन गरेर पनि सामान्य बहुमत नपाएको स्थिति छ l त्यसैले लचकता, सहकार्य र विश्वासको त्रीवेणी मन्त्र आत्मसात गरौं !

२/२/१ मा परिपक्वता छ l तर इमानदार कार्यान्वयनका लागि पारदर्शी एकता उत्तिकै जरुरी छ l",537,75,119,0,347000
bishwaprakash77_47,NC,bishwaprakash77,Bishwa Prakash Sharma,12/23/2022,18:05:02,"मंसिर ४ को निर्वाचन र विश्वकप फुटबल बीच केहि छायाँमा परेको जस्तो भएपनी मौका मिल्दासम्म हेरियो…
`Voice of Nepal Season 4´

फाइनल विजेता करण राई र कोच राजु लामालाई बिशेष बधाई l सुयोग्य प्रतिस्पर्धी र सुयोग्य कोचहरु, आयोजक र सबै संगीतप्रेमिमा सम्मान सहित, हार्दिक बधाई ! जय होस् !",390,10,14,0,347000
bishwaprakash77_48,NC,bishwaprakash77,Bishwa Prakash Sharma,12/22/2022,16:26:10,"प्रयत्न गर्छौं…, गरिरहन्छौं !",508,33,16,0,347000
bishwaprakash77_49,NC,bishwaprakash77,Bishwa Prakash Sharma,12/22/2022,11:06:41,संसदमा सपथ ग्रहण l सुन्दरिजलमा श्रद्धा अर्पण l,695,37,59,0,347000
bishwaprakash77_50,NC,bishwaprakash77,Bishwa Prakash Sharma,12/21/2022,17:31:22,"पराजय भएको छ, तर भिन्न प्रारम्भ भएको छ !",427,24,22,0,347000
bishwaprakash77_51,NC,bishwaprakash77,Bishwa Prakash Sharma,12/21/2022,4:03:16,"संसदीय दलमा मतदानपछि … !

आज पुस ६ गते, मेरो जन्मदिन, मेरा लागि बिशेष दिन l सांसदका रूपमा पहिलो कर्म, मीठो संयोग l",3000,163,572,0,347000
bishwaprakash77_52,NC,bishwaprakash77,Bishwa Prakash Sharma,12/20/2022,18:03:02,#उत्साह_एकता_रुपान्तरण,1100,71,72,0,347000
bishwaprakash77_53,NC,bishwaprakash77,Bishwa Prakash Sharma,12/20/2022,7:27:34,"`पदबाहक´ धेरै हुनुन्छ, `अभिभावक´ चाहिएको छ !

आशा राखौं उम्मेदवारी दर्ताको क्षणसम्म पुग्दा सभापति शेरबहादुर देउवाले पनि डा शेखर कोइरालाले झैं वैकल्पिक कुनै नेतृत्वको नाम प्रस्तावित गर्नुहुनेछ l स्वस्थ लोकतान्त्रिक अभ्यासपछि हामी एकढिक्का उभिएर अघि बढ्नेछौं !",1400,169,105,0,347000
bishwaprakash77_54,NC,bishwaprakash77,Bishwa Prakash Sharma,12/18/2022,18:48:35,बधाई मेसि ! बधाई अर्जेन्टिना !,1200,30,48,0,347000
bishwaprakash77_55,NC,bishwaprakash77,Bishwa Prakash Sharma,9/18/2022,3:51:36,"पुरानो तस्बिर ; सम्झना र प्रेरणा !
(सर्वोच्च नेता गणेशमान सिंह,पार्टीका तत्कालीन महामन्त्री गिरिजाप्रसाद कोइराला, नेविसंघका तत्कालीन महामन्त्री नविन्द्रराज जोशी अनि कार्यक्रममा सभापतित्व गर्दै विश्वप्रकाश )

आज असोज २, सर्वोच्च नेताको स्मृति दिवस l सम्झना, श्रद्धा, श्रद्धाञ्जली !",320,33,37,0,347000
bishwaprakash77_56,NC,bishwaprakash77,Bishwa Prakash Sharma,9/16/2022,16:05:14,"बधाई टिम नेपाल ! बधाई कुशल खेलाडीहरु !
बधाई व्यवस्थापन टिम ! बधाई सबैलाई !

महिला साफ च्याम्पियनसिप फुटबलको सेमिफाइनलमा आज साविक विजेता भारतलाई परास्त गर्दै ऎतिहासिक विजय हासिल गर्न सफल नेपाली महिला टिमलाई मुरिमुरी बधाई l अब फाइनलमा विजयको शुभकामना l
( #तस्वीर_अनलाइनहरु)",219,28,8,0,347000
bishwaprakash77_57,NC,bishwaprakash77,Bishwa Prakash Sharma,9/10/2022,12:36:19,"_क्षमा याचना सहित_

आकस्मिक अस्वस्थताका कारण परिक्षण पश्चात् औषधि लिँदै डाक्टरको सल्लाहमा रेस्टमा छु l केहिदिनमा सानो अप्रेसन छ l अप्रेसन पस्चात् छोटो अवधी रेस्ट गरेर काममा फर्किने छु l

तबसम्म भेट + फोनमा उपलब्ध हुन नसकेकोमा सबै आदरणीय मित्रसँग नम्रतापुर्वक क्षमा चाहन्छु l",533,52,241,0,347000
bishwaprakash77_58,NC,bishwaprakash77,Bishwa Prakash Sharma,9/9/2022,8:38:00,"५ बर्षमा जे गर्न सकिन्छ,त्यो सोचौं,त्यही लेखौं, अनि एक भएर त्यो पूरा गरौं l तर समग्रमा नेपालको १५ बर्षको सपना कोरौं !
(आज भदौ २४ वीपीप्रती श्रद्धा सुमन)

रुद्राक्षको वृक्ष यति अग्लो भइसकेछ l महामन्त्री पदको उम्मेदवारी घोषणा गरेर पोहोर आजकै दिन सुन्दरिजलमा मैले जो रोपेको थिएँ !",478,36,53,0,347000
bishwaprakash77_59,NC,bishwaprakash77,Bishwa Prakash Sharma,9/3/2022,12:39:55,झापा जिल्लाका प्रथम सहिद (०१९ सालमा सहादत प्राप्त ) विश्वनाथ घिमिरेको सालिक एक भब्य समारोहका बीच अनावरण !,544,38,64,0,347000
bishwaprakash77_60,NC,bishwaprakash77,Bishwa Prakash Sharma,8/15/2022,10:56:27,"नेपाली काँग्रेसको नीति, अनुसन्धान तथा प्रशिक्षण प्रतिस्ठानद्वारा आयोजित दुईदिने अभिमुखीकरण कार्यक्रमको पहिलो दिनको सत्र निरन्तर जारी छ !

स्थानीय तहमा निर्वाचित नेतृत्वका लागि बिषय बिज्ञहरु र पार्टी नेतृत्व तहबाट सहजीकरण भइ रहेको कार्यक्रम मंगलबार साँझ समापन हुनेछ l",256,30,22,0,347000
bishwaprakash77_61,NC,bishwaprakash77,Bishwa Prakash Sharma,8/12/2022,15:03:00,"कर्म, उपासना र ज्ञानको योग !

जनैपुर्णिमा, रक्षा बन्धन, ऋषितर्पणि, गाइजात्रा,
संस्कृत दिवस अनि क्वाटी खाने पर्व l आजको बिशेष दिनले आफुमा अलग उर्जा अनि परिवारको पछिल्लो पुस्तामा धर्म र संस्कारको असिम चेत अभिवृद्धि गर्न बल पुर्‍याएको छ l शुभकामना सबैमा l",530,29,29,0,347000
bishwaprakash77_62,NC,bishwaprakash77,Bishwa Prakash Sharma,7/30/2022,3:13:06,"हामी पहिला गल्ती गर्छौं, पछि आत्मालोचना, अनि फेरि गल्ती दोहोर्याउँछौं ! नेपालको समुन्नतिका लागि यो परम्परागत बेथिति हरेक क्षेत्रमा अन्त्य गर्न अनिवार्य छ l भु-राजनैतिक संवेदनशीलता दृस्टिगत गरेर परराष्ट्र सम्बन्धमा त झनै अनिवार्य छ l",175,13,7,0,347000
bishwaprakash77_63,NC,bishwaprakash77,Bishwa Prakash Sharma,7/30/2022,3:11:00,"`एसपीपीमा सहभागी नहुने´ पत्र सरकारले अमेरिकालाई पठाएपछी यो `च्याप्टर क्लोज´ त भयो तर भविस्यमा यस्तो द्वन्द्वमा नेपाल कहिल्यै नपर्न आग्रहमुक्त र परिपक्व दृष्टि निर्माण एवं परिपालनामा हामी सबै गम्भीर बनौं l

परराष्ट्र सम्बन्धमा `ब्यक्ति´ र `दल´ होइन `देश´ लाई केन्द्रमा राखेर बढौं l",633,73,63,0,347000
bishwaprakash77_64,NC,bishwaprakash77,Bishwa Prakash Sharma,7/29/2022,15:51:16,"एकदिन नातिले बाजेसँग शोध्नेछ-

बाजे बाघ भनेको कस्तो हुन्छ
मान्छेजस्तो कि, मान्छेभन्दा भयानक  ?
असमञ्जसमा बूढो कपाल कन्याउँदै
बाजेले भन्नेछन्-
पहिले बाघ मान्छेभन्दा भयानक हुन्थ्यो
अहिले मान्छे बाघभन्दा भयानक भएको छ
त्यसैले तिमी छौ/म छु 
बाघहरु छैनन् !

(कवि तिर्थ श्रेष्ठको रचना)",334,38,16,0,347000
bishwaprakash77_65,NC,bishwaprakash77,Bishwa Prakash Sharma,7/28/2022,3:58:16,"केही समयदेखि स्वास्थ जटिलता सामना गरिरहनु भएका नेपाली काँग्रेसका नेता आदरणीय अग्रज प्रदीप गिरी यतिबेला ललितपुरको मेडिसिटी अस्पतालमा उपचाररत हुनुन्छ !

उहाँको सिघ्र स्वास्थ्यलाभको कामना गर्दछु !",634,55,93,0,347000
bishwaprakash77_66,NC,bishwaprakash77,Bishwa Prakash Sharma,7/25/2022,16:00:37,हामीले जित्न बाँकी छ !,591,95,131,0,347000
bishwaprakash77_67,NC,bishwaprakash77,Bishwa Prakash Sharma,7/23/2022,15:44:38,"`प्राइमरी इलेक्सन´ का पक्षमा सिमोन ढुंगाना, डा. सुदीप श्रेष्ठ र गोविन्द नारायणको तर्क पढौं !

कतिपय विमति हुनसक्छन् तर अन्ततः उम्मेदवार चयन प्रक्रियालाई पारदर्शी, बढी लोकतान्त्रिक र लोकप्रिय बनाउन ढिलोचाँडो हामीले यो बाटो हिँड्नै पर्दछ l",188,36,14,0,347000
bishwaprakash77_68,NC,bishwaprakash77,Bishwa Prakash Sharma,7/22/2022,13:02:52,"वीपी कोइरालाले नेपाल देशका लागि देख्नुभएको सपनासँग, आजका नेपाली युवाको सपना
एकाकार गरेर अबको नेपालको नवीन सपना हामीले कोर्नुछ !

आज वीपी पुण्य तिथि l सम्झना, श्रद्धा र उहाँप्रती भावपुर्ण श्रद्धाञ्जलि !",345,42,41,0,347000
bishwaprakash77_69,NC,bishwaprakash77,Bishwa Prakash Sharma,7/17/2022,23:57:13,"मतदातामा नाम दर्ता गराउन अब केहिदिन मात्र बाँकी छ l मतदाता बन्ने, प्रश्न गर्ने, जवाफ खोज्ने, रोजेको दल या उम्मेदवारलाई मत दिने अधिकार हामीलाई लोकतान्त्रिक संविधानले दिएको छ l

अत तोकिएको स्थानमा गएर आफ्नो नाम अविलम्ब दर्ता गरौं ! संविधानले दिएको आफ्नो अधिकार खुलेर प्रयोग गरौं !",251,51,11,0,347000
bishwaprakash77_70,NC,bishwaprakash77,Bishwa Prakash Sharma,7/11/2022,5:25:14,"ओलिको पालामा जो गलत, देउवाको पालामा पनि गलत, यसमा सतप्रतिशत प्रष्ट छौं हामी !

संवैधानिक परिषद् सम्बन्धि विधेयक अविलम्ब फिर्ता त हुनुपर्छ नै, तर यस्तो भयो कसरी ? हुन्छ कसरी ? गर्छ कसले ? सल्लाह दिन्छ कसले ? यो दु:खद छ l प्रधानमन्त्री  को गम्भीर जवाफदेहीता जरुरी छ l",1400,301,174,0,347000
bishwaprakash77_71,NC,bishwaprakash77,Bishwa Prakash Sharma,7/3/2022,19:42:34,"गैह्र आवासीय नेपाली संघ अमेरिका (NRNA NCC USA) को ११औं साधारण सभा तथा दुई दिने `ज्ञान सम्मेलन´ मा सहभागी हुँदै !

3 July नर्थ क्यारोलिना l",286,18,40,0,347000
bishwaprakash77_72,NC,bishwaprakash77,Bishwa Prakash Sharma,6/30/2022,16:11:22,"सजग बनौं, आफू जोगिउँ, अरुलाई जोगाऔं !",156,29,7,0,347000
bishwaprakash77_73,NC,bishwaprakash77,Bishwa Prakash Sharma,6/29/2022,12:27:22,"मेची-महाकाली रेल संभव छ l
रोक्का गरिएका जग्गाको मुआब्जा दिउँ, काम शुरु गरौं l

जो सकिन्छ , त्यो शुरु गरौं l जो सकिंदैन, सकिन्न भनौं ! यता पनि हुन्छ, उता पनि हुन्छ भन्ने तर कतै पनि नहुने अनिश्चितता अन्त्य गरौं !",111,20,11,0,347000
bishwaprakash77_74,NC,bishwaprakash77,Bishwa Prakash Sharma,6/29/2022,10:09:41,"केरुङ-काठमाडौं भन्दा मेची-काली रेल `भायबल´ छ l यतापनि बनाउने उतापनि बनाउने कुरा गरेर कतै नबन्ने अनिश्चितता अन्त्य गरौं l मेची-काली रुटमा रोक्का जग्गाको मुआब्जा दिन शुरु गरौं, यसमै केन्द्रित हौं !

सक्नेमा लागौं, नसक्नेलाई सकिन्न स्विकारौं l रेललाई फायलमा होइन फिल्डमा संभव बनाऔं l",599,77,85,0,347000
bishwaprakash77_75,NC,bishwaprakash77,Bishwa Prakash Sharma,6/29/2022,2:24:38,"असार १५ को शुभकामना !

( तस्वीर हिमाल खबर )",517,31,51,0,347000
bishwaprakash77_76,NC,bishwaprakash77,Bishwa Prakash Sharma,6/15/2022,11:59:28,"अमेरिकालाई प्रष्ट भन्नुपर्छ - No, Thanks… 
एसपिपी हामीलाई स्विकार्य छैन !

काँग्रेसको धारणा यहि बन्नेछ र काँग्रेस नेतृत्वको सरकारले यहि धारणा प्रतिनिधित्व गर्नेछ l हामी साझा ढंगले प्रष्ट छौं- समुन्नतिमा सबैको साथ स्वीकार्य, सामरिक सहकार्यको रणनीतिक प्रस्ताव
सदैव अस्वीकार्य !",764,139,139,0,347000
bishwaprakash77_77,NC,bishwaprakash77,Bishwa Prakash Sharma,6/1/2022,16:58:21,"मधेसी समुदायको युवा नेवा भूगोल काठमाडौको अनि नेवार समुदायको युवा मधेस प्रदेश बिरगंजको, मेयर बन्नुको अर्थ …

अवहेलनाका `ती दिनहरू´ जनताले खारेज गरिदिएका छन् l जित-हार भन्दा पर सामाजिक एकता र लोकतन्त्रको सुदुर भविस्यका लागि यो सुखद संकेत र सुखद संदेश हो l",330,37,20,0,347000
1.78053E+18,NC,ArjunNarasingha,Arjun Narasingha Kc,4/17/2024,15:30:45,"मर्यादा पुरुषोत्तम भगवान श्री राम जन्म जयन्तीको पुनीत पर्ब 'राम नवमी  ""को हार्दिक मंगलमय शुभकामना व्यक्त गर्दछु https://t.co/dLoQDWJA3R",23,0,1,724,21064
1.78012E+18,NC,ArjunNarasingha,Arjun Narasingha Kc,4/16/2024,11:53:19,हिन्दु धर्मावलम्बीहरुको महत्वपूर्ण पर्व चैते दशैं २०८१को पावन अवसरमा स्वदेश तथा बिदेशमा रहनुभएका सबै  दिदी बहिनी तथा दाजु भाइहरुमा हार्दिक मंगलमय शुभकामना ब्यक्त गर्दछु। https://t.co/9EiYi9WDxf,23,0,1,876,21064
1.77991E+18,NC,ArjunNarasingha,Arjun Narasingha Kc,4/15/2024,22:22:23,"पश्चिम एशिया दिन प्रतिदिन शक्तिराष्ट्रबीचको द्वन्द  र युद्ध स्थलको रूपमा परिणत हुने संकेत देखा पर्दैछ।इजरायल-हमास युद्धसँगै इरान समर्थित हिजबुल्लाहको इजरायलमा हमला, इजरायलले सिरियाको दमास्कसस्थित इरानी दूतावासमाको हमलाबाट ७ इरानी अधिकारी हत्याको बदलामा हालै इरानले इजरायलमा गरेको…",22,4,0,1001,21064
1.77883E+18,NC,ArjunNarasingha,Arjun Narasingha Kc,4/12/2024,22:38:11,"नयाँ वर्ष २०८१ को हार्दिक मंगलमय शुभ कामना!
    यो नयाँ वर्षले फेरि एकपटक हामी सबैमा बर्तमान विकृति, विसंगति र बेथीती लाई  हटाउने नयाँ शक्ति,नयाँ ऊर्जा  र नयाँ विस्वासको वातावरण श्रृजना गर्ने प्रेरणा प्राप्त होस । विधिको शासनको पूर्ण कार्यान्वयन,भ्रष्टाचार मुक्त समाज निर्माण र… https://t.co/wfaksrXapb",108,3,9,3998,21064
1.77848E+18,NC,ArjunNarasingha,Arjun Narasingha Kc,4/11/2024,23:19:15,"विशेष अदालतका पुर्व अध्यक्ष गौरी बहादुरको अध्यक्षतामा गठित ""चिकित्सा शिक्षा सम्बन्धी जाँचबुझ आयोग २०७४को प्रतिवेदन ६ वर्षपछि शिक्षा मन्त्री जी ले सार्वजनिक गर्नुभएको कदम स्वागत योग्य छ।आग्रह पूर्वाग्रह अभिप्रेरित नभई  वास्तविक रूपमा भ्रष्टाचार संरक्षक राजनीतिक वा गठबंधन सिन्डिकेट…",41,6,6,4315,21064
1.77825E+18,NC,ArjunNarasingha,Arjun Narasingha Kc,4/11/2024,8:07:22,"इस्लामिक धर्मावलम्बीहरूको महत्व पुर्ण पर्व  ""इद-उल-फितर ""को उपलक्षमा देश तथा देशबाहिर  रहनुभएका सम्पूर्ण नेपाली मुसलमान दिदीबहिनी तथा दाजुभाइहरूमा सुख, शान्ति ,समृद्धि तथा उत्तरोत्तर प्रगतीको हार्दिक शुभकामना व्यक्त गर्दछु । https://t.co/dIlP5S5o5i",22,1,2,647,21064
1.77811E+18,NC,ArjunNarasingha,Arjun Narasingha Kc,4/10/2024,23:04:18,२०४७ पछिका सबै  भ्रष्टाचार काण्डहरुको स्वतंत्र छानबिन गर्ने विषय हालै सत्ता पक्ष बाटै उठेको छ। यो बिषय धेरै चोटी उठ्यो। तर व्यवहार मा रूपान्तरण हुन सकेन। सत्ता पक्ष ले प्रतिपक्ष लाई लक्षित गर्दै २०४७ पछिका सबै भ्रष्टाचार काण्ड छानबिन गर्ने कुरा उठाएको छ।यो अत्यन्त स्वागत योग्य छ।…,17,2,0,1148,21064
1.77726E+18,NC,ArjunNarasingha,Arjun Narasingha Kc,4/8/2024,14:25:07,परम्परागत रूपमा काठमाडौं उपत्यकामा मनाइँदै आएको महत्वपुर्ण पर्ब  घोडे जात्राको उपलक्ष्यमा  सम्पुर्ण नेपाली दीदी बहिनी र दाजू भाइहरूमा हार्दिक मंगलमय शुभकामना व्यक्त गर्दछु । https://t.co/1I8fWQz2sy,19,1,1,663,21064
1.77663E+18,NC,ArjunNarasingha,Arjun Narasingha Kc,4/6/2024,20:57:54,"नुवाकोट तथा धादिङ जिल्लाका जनता ले वर्षौं  देखि भोग्दै आएको यातना पूर्ण नारकीय जीवनको कारक  बनेको बन्चरेडाँडा ल्यान्डफिल साइटका स्थानीय  सरोकार वाला संस्था र जनता ले आज गर्न लागेको शान्तिपूर्ण  सभा र अन्तरक्रिया कार्यक्रम लाई सरकारले प्रतिबंध गर्दै ,माइक, ब्यानर खोस्नु साथै २… https://t.co/NZPF5rY4Hp",27,1,1,1104,21064
1.77555E+18,NC,ArjunNarasingha,Arjun Narasingha Kc,4/3/2024,21:44:51,"निजामती सेवा ऐन को नामाकरण ""नागरिक प्रशासन सेवा ऐन""वा  ""सार्वजनिक प्रशासन सेवा ऐन ""राख्नु उपयुक्त हुन्छ।https://t.co/aPwYgd14u9",2,0,0,145,21064
1.77477E+18,NC,ArjunNarasingha,Arjun Narasingha Kc,4/1/2024,18:08:23,"संसद मा आज ~
हालै नेपाल प्रहरीका १२ जना डी.एस.पी.बाट आठजना एस.पी.को बढुवा हुँदा वरिष्ठ १ र ६ लाई पाखा पार्दै  सत्ता गठबंधन  सिन्डिकेट को नियोजित अन्याय बाट सरकारको  सुशासनको रटानको धज्जी उडेको छ भने भनाइ र  गराई को यो विषमता ले "" जो हो नवर्सने मेघ उसैको हुन्छ घर्घर""भन्ने प्रमाणित…",28,3,4,1798,21064
1.77327E+18,NC,ArjunNarasingha,Arjun Narasingha Kc,3/28/2024,14:39:49,"""जोहो नबर्सने मेघ उसैको हुन्छ घरघर"" भने झै वर्तमान गृह मंत्री जी को ""प्रथम ग्रासे मच्छिका पात ""सुरक्षा अङ्ग जस्तो संवेदनशिल पहिलो प्रहरी बढुवामा नै प्रचलित पद्धति ,प्रक्रिया र वरिष्ठता लाई मिच्ने गम्भीर त्रुटि भएको छ। नाराका भ्रम र लोकरिजाईका लागि  भनिएका जन प्रिय कुरा केवल झुट…",15,1,1,1041,21064
1.77292E+18,NC,ArjunNarasingha,Arjun Narasingha Kc,3/27/2024,15:06:07,"मोरङ प्रजातान्त्रिक  बिचार  समाजका सभापति ,वरिष्ठ साहित्यकार तथा  बाैद्धिक व्यक्तित्व,प्रतिष्ठीत समाजसेबि दधिराज सुवेदी को निधनको खबर ले अत्यन्त दुखित र स्तब्ध छु। वहाको साहित्यिक योगदान अविस्मरणीय रहनेछ।दिबंगत आत्माको चीर शान्तिको कामना साथै सम्पुर्ण शोक सन्तप्त परिवारमा गहिरो… https://t.co/OFgb7JSkYk",10,0,5,628,21064
1.7723E+18,NC,ArjunNarasingha,Arjun Narasingha Kc,3/25/2024,22:34:58,https://t.co/mtfiZptOR7,11,0,1,519,21064
1.77172E+18,NC,ArjunNarasingha,Arjun Narasingha Kc,3/24/2024,8:05:10,"रङहरुको महान पर्व “फागु पूर्णिमा” ~“होली” को सुअवसरमा स्वदेश तथा विदेशमा रहनुभएका सम्पूर्ण नेपाली दिदीबहिनी तथा दाजुभाइहरुमा सुख, शान्ति,समृद्धि एवम उत्तरोत्तर प्रगतिको लागि हार्दिक मंगलमय शुभकामना व्यक्त गर्दछु । https://t.co/bSPHHjiIch",34,2,4,749,21064
1.76704E+18,NC,ArjunNarasingha,Arjun Narasingha Kc,3/11/2024,9:59:12,"नेपालका आदिवासी शेर्पा तथा  हिमाली क्षेत्रमा बसोबास गर्ने विभिन्न समुदायले मनाउने  महत्त्वपूर्ण पर्ब ग्याल्पो ल्होसार (नयाँ वर्ष) को अवसरमा स्वदेश तथा विदेशमा रहनु भएका सम्पूर्ण दिदीबहिनी तथा दाजुभाइहरूमा सुख, शान्ति ,समृद्धि तथा उत्तरोत्तर प्रगतिको  हार्दिक शुभकामना व्यक्त… https://t.co/uZRV8OtVZh",19,1,1,598,21064
1.76602E+18,NC,ArjunNarasingha,Arjun Narasingha Kc,3/8/2024,14:30:24,"ऐतिहासीक, धार्मीक, प्राकृतिक , पुरातात्विक र पर्यटकिय दृषटिकोणले अत्यन्त महत्त्वपूर्ण स्थलको रूपमा रहेको तर देश ले चिन्न बाँकी यो धार्मीक स्थल जहाँ नेपाल एकीकरणको प्रक्रियामा रास्ट्र निर्माता पृथ्वी नारायण शाह ले चिम्टेस्वर महादेवको पूजा अर्चना गर्नु भएको थियो। आज""चिम्टेस्वर जाउँ… https://t.co/3QwhZSaLwa",11,0,0,462,21064
1.76596E+18,NC,ArjunNarasingha,Arjun Narasingha Kc,3/8/2024,10:16:59,"आज अन्तर्राष्ट्रिय महिला दिवस  र नेपालकाे संदर्भमा सेना दिवश पनि ।यस सुअवसरमा  सम्पूर्ण दिदीबहिनीहरुमा महिला सशक्तीकरण, सम्मान, स्वाभिमानको  उत्तरोत्तर वृद्धि तथा प्रगतिको हार्दिक शुभकामना साथै राष्ट्रि्य सुरक्षा का प्रतीक सकल दर्जा का सैनिक हरूमा""सेना दिवस"" को उपलक्ष्यमा हार्दिक… https://t.co/5mMGyIaekk",6,0,0,310,21064
1.76592E+18,NC,ArjunNarasingha,Arjun Narasingha Kc,3/8/2024,7:34:43,"""ॐ तत्पुरुषाय विद्महे महादेवाय धीमहि तन्नो रुद्र: प्रचोदयात""
भगवान शिव उत्पति भएको रात  पावन महाशिवरात्रि को पुनीत पर्वको सुखद उपलक्ष्यमा देश ,विदेश मा रहनु भएका सम्पुर्ण हिन्दु दीदी बहिनी दाजु भाई हरूमा हार्दिक मंगलमय शुभकामना व्यक्त गर्दछु। https://t.co/omlQO4xoUe",38,1,2,931,21064
1.76541E+18,NC,ArjunNarasingha,Arjun Narasingha Kc,3/6/2024,22:05:57,"सम्माननीय प्रधानमन्त्री लगायत  नया मन्त्रिपरिषदका सम्पुर्ण सदस्यहरुमा हार्दिक बधाई तथा सफलताको शुभकामना।
        विधि विहिनता र दण्डहिनताको अन्त्य, शुसासनको स्थापना तथा भ्रष्टाचारमुक्त समाजको निर्माणको रटानको निरन्तरता मा प्रत्येक सरकारले तिब्रता दिदै आएको छ तर परीणाम मुखी बन्न…",19,1,0,1385,21064
1.7653E+18,NC,ArjunNarasingha,Arjun Narasingha Kc,3/6/2024,14:22:25,"नुवाकोट जिल्ला बेलकोटगढी न पा ६ स्थित दुप्चेश्वर महादेव मन्दिर निर्माणार्थ सञ्चालित श्रीमद्भागवत महापुराण सप्ताह ज्ञान महायज्ञ कर्यक्रम मा सहभागी हुँदै ~
२३  फागुन २०८० घ्याम्पे चौतारो,
 दुइपिपाल,नुवाकोट https://t.co/yDg5ZdwSbd",31,3,1,917,21064
1.76429E+18,NC,ArjunNarasingha,Arjun Narasingha Kc,3/3/2024,19:33:47,"त्याग,आदर्श र निष्ठा का प्रतिमूर्ति  सात्विक र अहिंसा बादि नेता,नेपाली कांग्रेसका संस्थापक ,पूर्व  सभापति तथा प्रधानमन्त्री आदरणीय कृष्णप्रसाद भट्टराईको १३औं स्मृति दिवसको अवसरमा हार्दिक सम्मान र श्रद्धाञ्जली गर्दछु।🙏 https://t.co/fA7XtmI511",38,2,2,1220,21064
1.76215E+18,NC,ArjunNarasingha,Arjun Narasingha Kc,2/26/2024,21:55:43,"नेपालको इतिहासकै सबैभन्दा ठूलो खरबौ को भष्टचार काण्ड एनसेल छानविन समितिको प्रतिबेदन आईसकेकोछ।
    ६ वर्षपछि  स्वतः सरकारी स्वामित्व आउँने  र ६० अरख भन्दा  बढि कर असुल्न बाँकि एनसेल काण्ड ~अन्य सयौं काण्ड जस्तै केवल आयोग र समिति गठनको पुतलि खेलको सत्ता स्वार्थ को नाटकमा सिमित…",36,2,1,3464,21064
1.76211E+18,NC,ArjunNarasingha,Arjun Narasingha Kc,2/26/2024,19:24:05,"नेपाली  साङ्गीतिक तथा गायन क्षेत्रका प्रतिष्ठित व्यक्ति,आध्यात्मिक भजन गायनका शिखर गायक, जनप्रिय व्यक्तित्व भक्तराज आचार्यको निधनको खबर ले अत्यन्त दुखित  र मर्माहत छु।वहाँले यस क्षेत्रमा पुर्याउनु भएको योगदान सधैब अविस्मरणीय रहनेछ । दिबंगत आत्माको चीर शान्तिको कामना साथै शोक… https://t.co/A5oU4ZXBjN",25,4,4,1320,21064
1.75946E+18,NC,ArjunNarasingha,Arjun Narasingha Kc,2/19/2024,11:35:00,"प्रजातन्त्र दिवस २०८० को हार्दिक शुभकामना !
     फागुन ७ गते, नेपाली काँग्रेसको लागि धेरैवटा ऐतिहासिक र गौरवमय दिवसको संयोग हो । २००७ सालमा आज जनक्रान्ति शुरू भई प्रजातान्त्रिक नवयुगको ढोका खुलेको दिन । २०१५ सालमा यसै दिन नेपालको इतिहासमा जनता ले मताधिकार प्राप्त गर्दै ,संसदीय… https://t.co/7k3ArbOkIh",21,0,0,449,21064
1.75918E+18,NC,ArjunNarasingha,Arjun Narasingha Kc,2/18/2024,17:10:53,"ऐतिहासीक, धार्मीक, कृषि, पर्यटन व्यवसाय र कला संस्कृतीको विकास, नुवाकोट समृद्धिको निकास भन्ने मूल नाराका साथ सुरु भयको आठौं नुवाकोट महोत्सव २०८०  सहभागी हुँदै ~
६ फागुन २०८० बिदुर ,नुवाकोट https://t.co/GzvMYRavEB",12,0,0,363,21064
1.75879E+18,NC,ArjunNarasingha,Arjun Narasingha Kc,2/17/2024,15:41:09,"""म सेवा गर्छु""भन्ने मुल नाराका साथ सुरु भएको २५ औं जिल्ला स्तरीय जुनियर रेडक्रस सर्कल गोष्ठी उद्घाटन  (फागुन ५-७) मा सहभागी हुँदै ~
ऐंसेलु भुमे मावि ,किस्पाङ गापा ३ काहुले ,नुवाकोट 
५ फागुन २०८० https://t.co/KHTens8ZWD",7,1,0,371,21064
1.75747E+18,NC,ArjunNarasingha,Arjun Narasingha Kc,2/13/2024,23:59:41,"ज्ञानको ज्योति,विद्या,बुद्धि, कला र संगीत की देवी माता सरस्वती को पूजा उपासना को पावन पर्ब सरस्वती पूजा ( वसन्त पञ्चमी ) , बालबालिकाको अक्षरारम्भ को पुनीत अवशरमा स्वदेश तथा विदेशमा रहनुभएका सम्पूर्ण नेपाली दिदीबहिनी तथा दाजुभाइहरूमा हार्दिक मंगलमय शुभकामना व्यक्त गर्दछु । https://t.co/PGCgLJUEdo",10,0,0,406,21064
1.75617E+18,NC,ArjunNarasingha,Arjun Narasingha Kc,2/10/2024,9:55:43,"तामाङ जातिहरू को नयाँ बर्ष तथा महत्त्व पूर्ण पर्ब सोनाम ल्होछार का अवसरमा स्वदेश तथा विदेशमा रहनु भएका सम्पुर्ण दिदीबहिनी तथा दाजुभाइमा सुख, शान्ति, समृद्धि एवं उत्तरोत्तर प्रगति को हार्दिक शुभकामना व्यक्त गर्दछु। https://t.co/dBXCuu0Uf9",16,1,1,450,21064
1.7559E+18,NC,ArjunNarasingha,Arjun Narasingha Kc,2/9/2024,16:21:26,"श्री विन्दुकेशर माध्यामिक विद्यालय को ६३औं अभिवाक भेला म्यागाङ ५ टक्सार भर्याङ्ग भुरुङ मा सहभागी हुँदै  ~
टक्सार, म्याग्याङ गापा, नुवाकोट
२६ माघ २०८० https://t.co/2eVrcuhAxk",10,0,0,178,21064
1.75476E+18,NC,ArjunNarasingha,Arjun Narasingha Kc,2/6/2024,12:42:22,"हार्दिक श्रद्धाञ्जली 
नेपाली काँग्रेसका जनप्रिय नेता,केन्द्रीय सदस्य, पुर्वमन्त्री, तथा  स्पस्ट वक्ता  केशवकुमार वुढाथोकी को निधनको खबरले अत्यन्त दुखित र मर्माहत छु। दिबंगत आत्मको चिर शान्तिको कामना साथै सम्पुर्ण शोक सन्तप्त परिवारमा गहिरो समवेदना व्यक्त गर्दछु। https://t.co/cyVkcj0q7P",6,1,2,283,21064
1.7537E+18,NC,ArjunNarasingha,Arjun Narasingha Kc,2/3/2024,14:41:44,"२८६० ओै साेनाम ल्हाेछार काे उपलक्ष्य मा आयाेजित शुभकामना आदानप्रदान तथा साँस्कृतिक कार्यक्रममा सहभागी हुँदै  ~
दुप्चेश्वर गा पा ,समुन्द्रटार , नुवाकोट
माघ २० २०८० https://t.co/GLFVmaKSCe",15,0,0,368,21064
1.75224E+18,NC,ArjunNarasingha,Arjun Narasingha Kc,1/30/2024,13:53:22,"नेपाल र नेपाली जनताको  सम्मान, स्वाभिमान, सम्वृद्धि र स्वतन्त्रतापूर्वक जिउने प्रजातन्त्रिक हक र अधिकारको स्थापना निमित्त आफ्नो अमूल्य जीवन उत्सर्ग गर्ने महान शहीदहरू शुक्रराज शास्त्री, गंगालाल श्रेष्ठ, धर्मभक्त माथेमा, दशरथ चन्दलगायत सम्पूर्ण ज्ञात–अज्ञात शहीदहरूप्रति भावपूर्ण… https://t.co/ffdOpQ60kL",13,1,0,401,21064
1.75224E+18,NC,ArjunNarasingha,Arjun Narasingha Kc,1/30/2024,13:51:35,https://t.co/qSmIGnAC0g,7,0,0,283,21064
1.75039E+18,NC,ArjunNarasingha,Arjun Narasingha Kc,1/25/2024,11:19:48,केहीदिन अघि  Hams  Hospital को परीक्षण बाट Covid Positive report आएको ले पूर्ण विश्राम तथा उपचारत थिए ~ यसक्रममा बिभिन्न माध्यम द्धारा सुभकामना  तथा मेराे स्वास्थ्य प्रती चिन्ता व्यक्त गर्नु हुने सम्पुर्ण स्नेहिजनहरुमा हार्दिक धन्यवाद तथा आभार व्यक्त गर्दछु।भर्खरै प्राप्त Hams को… https://t.co/sBfp7kHyRg,6,0,0,459,21064
1.74819E+18,NC,ArjunNarasingha,Arjun Narasingha Kc,1/19/2024,9:20:44,"केहीदिन देखि ( माघे संक्रान्ति कै दिन देखि ) सम्पुर्ण शरीरका अङ्ग हरु,खासगरि मोसल्स र ज्वाइन्ट हरु, घाँटीको को दुखाइ र सुख्खा खोकि पछि ~हिजो मात्र Hams  Hospital को परीक्षण बाट Covid Positive report आएको ले केही दिन भेटघाट का लागि असमर्थ  छु।यस बीचमा म सँग सम्पर्क मा रहनुभएका… https://t.co/zw9BU3ad1W",14,4,10,1455,21064
1.74673E+18,NC,ArjunNarasingha,Arjun Narasingha Kc,1/15/2024,8:31:45,"माघे संक्रान्ति ~मकर सङ्क्रान्ति तथा  थारु समुदाय को ""नया बर्ष "" तथा महत्त्व पूर्ण चाड ""माघी "" पर्वका अवसरमा स्वदेश तथा विदेशमा रहनुभएका सम्पूर्ण नेपाली दाजुभाइ, दिदी बहिनी हरुमा सुख, शान्ति, समृद्धि, सुस्वास्थ्य एवम् उत्तरोत्तर प्रगतिका लागि हार्दिक मंगलमय शुभकामना व्यक्त… https://t.co/et61Rw93pf",8,0,0,366,21064
1.7462E+18,NC,ArjunNarasingha,Arjun Narasingha Kc,1/13/2024,21:53:52,"""Justice delayed, is justice denied."" William E. Gladstone 
सर्व मान्य न्यायिक सिद्धान्त अनुसार न्याय गर्न ढिलो गर्नु भनेको न्याय नदिनु हो अर्थात अन्याय गर्नु हो।सत्यता र निष्पक्षता का आधारमा कुनै दवाब र प्रभाबमा नपरी जतिसक्दो चाँडो न्याय दिनु स्वतन्त्र न्यापालिकाको प्रमुख दाईत्व…",15,1,0,1172,21064
1.74611E+18,NC,ArjunNarasingha,Arjun Narasingha Kc,1/13/2024,15:56:31,नेपाली कांग्रेसका नेता वर्तमान मोरङ नेका सभापति तथा युवा तथा खेलकुद मन्त्री डिग बहादुर लिम्बुज्यूको धर्मपत्नी गंगा लिम्बूज्युको असामयिक निधनको खबरले  अत्यंत दुखित छु। दिवङ्गत आत्माको चिर शान्तिको कामना साथै शोक सन्तप्त  डिग वहादुर जी लगायत संपूर्ण  शोकाकुल परिवारमा गहिरो समवेदना… https://t.co/qEDbWmcoma,13,0,1,959,21064
1.74572E+18,NC,ArjunNarasingha,Arjun Narasingha Kc,1/12/2024,13:39:59,"नुवाकोट तादी गाउँपालिका ५ नर्जा मण्डप स्थित श्री बिज्ञान मा वि जसको संस्थापक तथा केही समय प्रथम सस्थापक प्रधान  अध्यापक को रूपमा संलग्न पनि रहे। यस विद्यालयको ४२ औं वार्षिकउत्सव, अभिभावक भेला तथा पुरस्कार वितरण कार्यक्रम मा सहभागी हुँदै ...
नर्जा मण्डप ,तादी गाउँपालिका
नुवाकोट… https://t.co/5ORPJ2McoL",26,1,0,957,21064
1.74565E+18,NC,ArjunNarasingha,Arjun Narasingha Kc,1/12/2024,9:36:49,"पौष २७ गते राष्ट्रिय एकता दिवस तथा ३०२ औं पृथ्वीजयन्ति~ राष्ट्रको भौगोलिक  एकता तथा सिंगो  नेपाल राष्ट्रको निर्माण मात्र होइन, निजामति प्रशासनको श्रीगणेश, परराष्ट्र नीतिको जग,अर्थनीति, न्यायनीति,राष्ट्रिय सुरक्षा नीति तथा समग्र  राष्ट्रिय नीति प्रतिपादकको रुपमा समेत पृथ्वीनारायण… https://t.co/KKJYDlMpbp",15,0,0,454,21064
1.74536E+18,NC,ArjunNarasingha,Arjun Narasingha Kc,1/11/2024,14:10:49,"नुवाकोट जेसिसको दसौ पदस्थापन तथा पुरस्कार बितरण समारोह मा सहभागि हुँदै ~ 
विदुर नपा, विदुर ,नुवाकोट
२६ पौष २०८० https://t.co/nWa4SnXGvq",20,1,0,757,21064
1.74501E+18,NC,ArjunNarasingha,Arjun Narasingha Kc,1/10/2024,14:40:17,"बत्छला मा.वि थान्सिङ,नुवाकोटमा आयोजित न्यानो कपडा,झोला, स्टेसनरी तथा खेलकुद कार्यक्रम र चन्दादाता तथा पूर्व व्यवस्थापनका अध्यक्ष्य हरुको सम्मान कार्यक्रम मा सहभागी हुँदै ~
लिखु गाउँपालिका ,थानसिङ, नुवाकोट
२५ पौष २०८० https://t.co/ZzakN9tFMz",13,0,1,493,21064
1.74427E+18,NC,ArjunNarasingha,Arjun Narasingha Kc,1/8/2024,14:08:41,"काँग्रेस केन्द्रीय कार्यसम्पादन समितिको को बैठक हिजो २२ गते १ बजे बोलाईयो तत्पश्चात अपरान्ह ४ बजे लाई  सारियो  रातभर पछि उक्त बैठक आज २३ गते बिहान ४ बजे मात्र बस्यो। उक्त बैठकमा राष्ट्रिय सभा निर्वाचन मा उम्मेदवार चयनका बारे देखिएको वैधानिकता ,कार्यशैली र निर्णय प्रकृया मा हाम्रो… https://t.co/IslM27CFIo",67,5,6,9966,21064
1.74185E+18,NC,ArjunNarasingha,Arjun Narasingha Kc,1/1/2024,21:38:29,"पत्रकारिता क्षेत्रमा ख्याति प्राप्त वरिष्ठ पत्रकार, राष्ट्रिय मानव अधिकार आयोगका पूर्व सदस्य, नेपाल प्रेस इन्स्टिच्युट का संस्थापक महासचिव तथा दुई पटक  अध्यक्ष, गोरखापत्रका  पूर्वसम्पादक र ‘मुना’ बाल मासिक का संस्थापक प्रधानसम्पादक  गोकुल प्रसाद पोखरेल को निधन को खबर ले अत्यन्त… https://t.co/BpURqDoHYk",4,0,0,316,21064
1.7415E+18,NC,ArjunNarasingha,Arjun Narasingha Kc,12/31/2023,22:44:42,"इस्वी नयाँ वर्ष २०२४ को हार्दिक शुभकामना !
   अनेकौं आसा-निरासा, सुखद-दु:खद सन्दर्भ, प्रतिकुलता-चुनौतीका  बिभिन्न घुम्ती र अनेकौं अप्ठ्याराहरु पार गर्दै  हामी इस्वी २०२३ को अन्त्य र नयाँ वर्ष २०२४ को नयाँ वर्षमा आईपुगेका छौं । इस्वी नयाँ वर्षसँगकै दिन नेपाली कांग्रेस बिपी बाट… https://t.co/91vhlAM6gt",19,1,3,776,21064
1.74133E+18,NC,ArjunNarasingha,Arjun Narasingha Kc,12/31/2023,11:10:27,"गुरुङ जातिको नयाँ वर्ष  तमु ल्होछार को पावन अवसरमा स्वदेश तथा विदेशमा रहनुभएका तमु लगायत सम्पूर्ण दिदीबहिनी तथा दाजुभाइमा  सुस्वास्थ्य, दीर्घायू, सुख,शान्ति, समृद्धि तथा उत्तरोत्तर प्रगतिको हार्दिक मंगलमय शुभकामना व्यक्त गर्दछु । https://t.co/CG1eo9D0Xe",12,0,0,341,21064
1.7408E+18,NC,ArjunNarasingha,Arjun Narasingha Kc,12/29/2023,23:51:25,"लोकतान्त्रिक पद्धतिमा प्रत्येक नागरिकको  शान्ति पूर्ण आन्दोलन र  प्रदर्शन गर्न पाउने नैसर्गिक अधिकारहो ! हिंसा निन्दनीय छ।यसका नियन्त्रणका अनेक वैकल्पीक उपायहरु हुन्छन। तर आज बालकुमारी भीड नियन्त्रणका नाममा सरकार ले अनावस्यक बल प्रयोग गर्नु,गोली चलाउनु र २ जनाको ज्यान लिने काम…",7,1,0,469,21064
1.73955E+18,NC,ArjunNarasingha,Arjun Narasingha Kc,12/26/2023,13:16:08,"किराँत समुदायको महत्त्वपूर्ण पर्व उधौलीको सुअवसरमा देश तथा विदेशमा रहनुभएका सम्पूर्ण किराँत समुदायका नेपाली दिदीबहिनी , दाजुभाइहरूमा सुख, शान्ति,समृद्धि, सुस्वास्थ्य तथा उत्तरोत्तर प्रगतिको लागि हार्दिक शुभकामना व्यक्त गर्दछु",19,1,0,630,21064
1.73915E+18,NC,ArjunNarasingha,Arjun Narasingha Kc,12/25/2023,10:39:41,"बिबिधता बीच एकता र विभिन्नता बीच अभिन्नता नै हाम्रो राष्ट्रिय मौलीक संस्कृती  हो ।यसको प्रवर्द्धन, सहिष्णुता र एकता नै आजको राष्ट्रिय आवश्यकता हो।सम्पुर्ण इसाई धर्मावलम्बी दीदी बहिनी दाजु भाई हरूमा क्रिसमस पर्वको सुखद अवसरमा हार्दिक शुभकामना ब्यक्त गर्दछु।",10,0,0,428,21064
1.73876E+18,NC,ArjunNarasingha,Arjun Narasingha Kc,12/24/2023,8:45:10,कांग्रेसका संस्थापक एवं सन्तनेता  पूर्व प्रधानमन्त्री कृष्णप्रसाद भट्टराई ‘किसुनजी’को शत वार्षिकी जन्म पुण्यतिथिका अवशरमा ससम्मान हार्दिक नमन तथा श्रद्धाञ्जली व्यक्त गर्दछु। https://t.co/mq6Nr9wxIu,49,0,2,1317,21064
1.73754E+18,NC,ArjunNarasingha,Arjun Narasingha Kc,12/21/2023,0:07:08,"""International comisson of jurist २०१२ (अहिले  २०२३ मा छौं )को प्रदिबेदन अनुसार २०४७ पछि ठूला ठूला छानबिनका ३८ आयोग गठन भयो  तर प्रतिवेदन अनुसार काम भएन "" यसपछि १००औं बिभिन्न घोटाला वा भ्रष्टाचार कण्डहरुका आयोग वा छानबीन समिति गठन गरिए तर आज सम्म सबै प्रतिवेदन थन्किए। शासन मा…",14,0,0,545,21064
1.73702E+18,NC,ArjunNarasingha,Arjun Narasingha Kc,12/19/2023,13:50:02,"माहादेब माध्यामिक बिध्यालय बेलकाेटगढि ७ रातमाटे नुवाकाेट काे नमुना विधालय बिकास कार्यक्रम अन्तरगत नबनिर्मित २४ काेठे भबनकाे उद्घाटन तथा शिक्षक सम्मान कार्यक्रममा सहभागी हुँदै ~
२०८० पाैष ०३ बेलकोट गडी नपा,रातमाटे,
नुवाकोट https://t.co/IkHq3sK2Du",19,0,2,461,21064
1.73665E+18,NC,ArjunNarasingha,Arjun Narasingha Kc,12/18/2023,13:29:45,"""राष्ट्रियता लाेकतन्त्र समाजबाद ""
नेपाली कांग्रेस नुवाकाेटकाे प्रथम जिल्ला सम्मेलन उद्घाटनसत्रमा सहभागी हुँदै ~ 
२०८०पाैष २ विदुर नुवाकाेट https://t.co/1HHUnF4VbP",26,0,0,663,21064
1.73642E+18,NC,ArjunNarasingha,Arjun Narasingha Kc,12/17/2023,22:00:17,माता जानकी तथा भगवान श्रीरामको शुभ विवाह सम्पन्न भएको पावन पर्ब  विवाह पञ्चमीको पुनीत अवसरमा देश तथा विदेश मा रहनु भएका सम्पूर्ण  हिन्दूधर्मावलम्बी  दीदी बहिनी र दाजु भाइ हरूमा हार्दिक मंगलमय सुभकामना ब्यक्त गर्दछु। https://t.co/o2Zz3SvLIk,26,0,0,762,21064
1.73533E+18,NC,ArjunNarasingha,Arjun Narasingha Kc,12/14/2023,21:31:45,लोकतन्त्रमा विचारको द्वन्द्व  र कुनै पनि पक्षको शान्ति पूर्ण समर्थन वा बिरोध गर्न पाउने  संबैधानिक तथा नैसर्गिक अधिकार हो ।कसैमाथी हातपात गर्नु  हिंसात्मक र अराजक कार्य हो ।पूर्व प्रम तथा एमाले अधक्ष्य केपी ओली माथि भयेको दुर्व्यवहार  दुःखद घटना अराजक र निन्दनीय हो। राज्यका…,23,2,4,2339,21064
1.73423E+18,NC,ArjunNarasingha,Arjun Narasingha Kc,12/11/2023,20:39:21,"मल्लकालीन राजा प्रताप मल्लको पालामा  ४सय बर्ष अगाडि आयुर्वेदिक औषधि उत्पादन गर्ने उद्देश्यले स्थापीत ( वैद्यखाना ) सिंह दरबार वैद्यखानाको रूपमा स्थापना भएको थियो ।
व्यवस्थापकीय  हेलचेक्राइँ तिब्र राजनीतिकरण,कच्चा पदार्थ र प्याकेजिङ सामग्रीअभाव, आर्थिक तथा नीतिगत मनपरीतन्त्र र…",37,4,3,2196,21064
1.73387E+18,NC,ArjunNarasingha,Arjun Narasingha Kc,12/10/2023,21:26:31,"""अहिलेकै प्रयासले भ्रष्टाचार अन्त्य गर्नै सकिँदैन "" सम्माननीय प्रधानमन्त्री ~ देश भ्रस्टाचारका काण्डई काण्ड ले विभूषित भएको छ।एक पछि अर्को  जगन्य भ्रष्टाचार कण्ड आउछ अनि पुराना काण्ड सेलाउछन,अनि फेरी नया काण्ड प्रवेश हुन्छ तर कुनैको पनि मुल जरोमा पुग्ने प्रयास नै हुँदैन वा बिचैमा…",22,1,2,1566,21064
1.73376E+18,NC,ArjunNarasingha,Arjun Narasingha Kc,12/10/2023,13:50:32,"गणेशस्थान स्वास्थ्यचाैकि भवन उद्घाटन कार्यक्रम  सुर्यगडी गा पा वडा नं ५ नुवाकोट मा सहभागी हुँदै ~
२५ मङसिर २०८० https://t.co/VuLEkq9oBb",45,1,1,1178,21064
1.73303E+18,NC,ArjunNarasingha,Arjun Narasingha Kc,12/8/2023,13:45:45,"गम्भीर आर्थीक अपराध,भ्रस्टाचार वा राष्ट्र  हित बिपरित घटेका घटनाहरु छानबीन को निमित्त समिति वा आयोग हरु त बन्छन तर अपराधी चोख्याउने, र सामसुम बनाउने नाटक मञ्चन  मात्र हुन्छ भन्ने आम अबिश्वास छ। भ्रष्टाचार बिरूद्ध निरंतर भाषणको प्रतिस्पर्धा हुन्छं तर ऐन मौका मा ""त पनि चुप म पनि…",22,2,3,1357,21064
1.73244E+18,NC,ArjunNarasingha,Arjun Narasingha Kc,12/6/2023,22:19:46,Happy birthday to you,3,0,0,262,21064
1.73172E+18,NC,ArjunNarasingha,Arjun Narasingha Kc,12/4/2023,22:51:00,"पुनः नया काण्डको "" अष्ट्रेलिया ट्रेजरी डिपार्टमेन्ट""ले सार्वजनिक गरेछ।",19,2,1,1398,21064
1.73136E+18,NC,ArjunNarasingha,Arjun Narasingha Kc,12/3/2023,23:12:49,"एनसेल ~खरिद बिक्री प्रकरण
कुनै पनि शेयरको दायित्व परिवर्तन हुदा कानुन अनुसार राष्ट्र लाई लाई तिर्नु पर्ने कर छलीको अर्को  ठूलो आर्थिक घोटाला र भ्रष्टाचार को रुपमा एनसेल खरिद प्रकरण देखिएको छ।१ खर्ब ६४ अर्बमा axiata ले किनेको एनसेल ६ अर्बमा बिक्री हुनु , ५% शेयर को ७ अर्ब र…",66,11,11,7798,21064
1.73092E+18,NC,ArjunNarasingha,Arjun Narasingha Kc,12/2/2023,18:05:47,"नेपालि काङ्ग्रेस तारकेस्वर गाउपालिका  प्रथम गाउपालिका सम्मेलन समुद्घाटन कार्यक्रममा
सहभागी हुँदै `
तारकेश्वर गाउँपालिका दाङ्सिंग, नुवाकोट
१६ मङसिर २०८० https://t.co/9CHPCmTDmH",23,0,0,495,21064
1.73092E+18,NC,ArjunNarasingha,Arjun Narasingha Kc,12/2/2023,18:05:47,"नेपालि काङ्ग्रेस तारकेस्वर गाउपालिका  प्रथम गाउपालिका सम्मेलन समुद्घाटन कार्यक्रममा
सहभागी हुँदै `
तारकेश्वर गाउँपालिका दाङ्सिंग, नुवाकोट
१६ मङसिर २०८० https://t.co/yFz4QcmkW5",17,0,0,329,21064
1.7308E+18,NC,ArjunNarasingha,Arjun Narasingha Kc,12/2/2023,9:56:29,"नेपाल आंखा कार्यक्रम ~ तिलगंगा सर्जिकल आंखा केन्द्र  शुभारम्भ कार्यक्रम ~जिल्ला रेडक्रस भवन  बिदुर ,नुवाकोट मा सहभागी हुँदै । https://t.co/Uqbx9Wji6h",38,1,0,3268,21064
1.73051E+18,NC,ArjunNarasingha,Arjun Narasingha Kc,12/1/2023,14:31:46,"नेपाली कांग्रेस बिदुर नगर कार्यसमितिकाे प्रथम नगर सम्मेलनमा सहभागि हुँदै, 
 नेपाली कांग्रेस पाटि कार्यालय, बिदुर ,नुवाकाेट।
१५ मंसिर २०८० https://t.co/lTeQfJ1zKj",27,0,0,909,21064
1.7299E+18,NC,ArjunNarasingha,Arjun Narasingha Kc,11/29/2023,22:31:04,"नेपाली कांग्रेस झापाका नेता पूर्वसभापति, प्रजातान्त्रिक आन्दोलनका एक अथक योद्धा तथा समाज सेवी पूर्णानन्द शर्माको निधनको खबरले अत्यंत दुखित छु।दिवंगत आत्माको चीर शान्तिको कामना साथै सम्पुर्ण शोक सन्तप्त परिवारमा गहिरो समवेदना व्यक्त गर्दछु। https://t.co/8wcktfo0FN",5,0,0,291,21064
1.72987E+18,NC,ArjunNarasingha,Arjun Narasingha Kc,11/29/2023,19:56:25,RT @NCPurnaKhadka: https://t.co/7ZmrM4X64g,0,3,0,2,21064
1.72833E+18,NC,ArjunNarasingha,Arjun Narasingha Kc,11/25/2023,14:00:54,"नेपाली कांग्रेस बेलकाेटगडी नगर कार्यसमिति काे प्रथम नगर सम्मेलनमा सहभागी हुँदै ~
९ मंसिर २०८० बेलकाेटगढि नपा, बागखाेर, नुवाकोट https://t.co/KRAjdXTd0G",11,1,0,511,21064
1.72808E+18,NC,ArjunNarasingha,Arjun Narasingha Kc,11/24/2023,21:35:53,संविधान धारा १७ को विचार र अभिव्यक्ति स्वतन्त्रता र बिना हतियार शान्ति पूर्ण भेला हुने मौलिक अधिकार तथा स्वतन्त्रताको कानुनी प्रक्रिया बाहेक कहीं कतैबाट  नियंत्रण वा प्रतिबंधगरिनु संविधानको ठाडो उलंघन र उपहास हो।विरोध र समर्थन दुवै स्वतन्त्रता लोकतान्त्रिक पद्धतिका नैसर्गिक…,68,3,4,7510,21064
1.728E+18,NC,ArjunNarasingha,Arjun Narasingha Kc,11/24/2023,16:08:30,"श्रीमदभागवत सप्ताह धनधान्चल ज्ञान महायज्ञ तप्तेश्वर महादेव मन्दिर परिसर,ढिकुरे, नुवाकोट मा सहभागि हुँदै ~
ढिकुरे, लिखु गाउँपालिका, नुवाकोट
८ मङसिर २०८० https://t.co/1osBOVi6oc",20,2,0,554,21064
1.7275E+18,NC,ArjunNarasingha,Arjun Narasingha Kc,11/23/2023,7:07:34,हिन्दूहरूको पुनीत पर्ब हरिबोधिनी एकादशी (ठुलो एकादशी) तथा तुलसी विवाहको पवित्र उपलक्ष्यमा सबैमा हार्दिक मंगलमय शुभकामना व्यक्त गर्दछु। https://t.co/jD0vGzUTMw,29,0,0,807,21064
1.72701E+18,NC,ArjunNarasingha,Arjun Narasingha Kc,11/21/2023,22:49:20,"विस्तृत शान्ति सम्झौता२०६३""को आज मंसिर५गते१८औं वर्षमा पुग्दा९ नेताको१४पटक सरकार गठन भयो।तर शान्ति सम्झौताका मूख्य कार्यसूची टुंगिन सकेन।अन्तरराष्ट्रिय मान्यता, सर्वोच्चको आदेश र सम्झौता अनुसार पीडित केन्द्रित न्याय र परिपूरणको व्यवस्था तत्काल नगरिनु विधिको शासनको धज्जी उडाउने हो।",14,0,0,407,21064
1.7259E+18,NC,ArjunNarasingha,Arjun Narasingha Kc,11/18/2023,21:36:02,"आदि देव सूर्य उपासनाको महापर्व छठ ~ अस्ताउँदो र उदाउँदो सूर्य र छठ माताको पूजा, उपासना गरी भव्यता साथ मनाइदैछ।यस अवसरमा स्वदेश तथा विदेशमा रहनुभएका सम्पूर्ण नेपाली दिदीबहिनी तथा दाजुभाईहरुमा हरूमा सुख,शान्ति, समृद्धि र उत्तरोत्तर प्रगतिको हार्दिक मंगलमय शुभकामना ब्यक्त गर्दछु। https://t.co/KUMwPaRA5I",29,0,0,817,21064
1.72463E+18,NC,ArjunNarasingha,Arjun Narasingha Kc,11/15/2023,8:58:42,"सम्पूर्ण दीदी बहिनी तथा दाजु बाई हरूमा भाई ~टिका २०८० को हार्दिक मंगलयमय शुभकामना !
""आयुर्लक्ष्मीर्यशोधैर्यं निर्भयत्वमरोगिता।   वाक्पटुत्वमजाङ्यञ्च 
जायतां तव सर्वदा ।""(दीदी बहिनीहरूको आशीर्वाद)दाजुभाई हरूमा दीर्घायु, समृद्धि वैभव,यशस्वी आदि जीवनका  सफलपक्षहरु सदैव  प्राप्त होस।",5,0,0,425,21064
1.7241E+18,NC,ArjunNarasingha,Arjun Narasingha Kc,11/13/2023,22:05:45,"अभिव्यक्ति स्वतन्त्रता लोकतान्त्रिक समाजको मेरुदण्ड हो।यसको नियन्त्र गर्ने कुनै पनि प्रयत्न वा बहाना निरंकुशताको यात्रा हो।तर अभिव्यक्ति  स्वतन्त्रताको प्रयोग उच्छृङ्खलता र अराजकताको हदमा हुनु हुँदैन । जातीय ,धार्मिक,भौगोलिक अखण्डता र राष्ट्रिय स्वाधीनताको बिरुद्ध नक्कली परिचयमा… https://t.co/36Q839h4T1",19,1,1,1121,21064
1.72367E+18,NC,ArjunNarasingha,Arjun Narasingha Kc,11/12/2023,17:44:02,"आज लक्ष्मी पूजाको पावन दिन ~धनधान्य, ऐश्वर्य र सम्पन्नता कि देवी महालक्ष्मी को पूजा अर्चना गरेर मनाइदै छ।यो पुनीत अवसरमा सबैमा हार्दिक मंगलमय शुभकामना ब्यक्त गर्दछु।
 ~~~~~~~~~~~~~~~~~~ ~~~~~~
आजकै दिन महाकवि लक्ष्मी प्रसाद देवकोटाको जन्मजयन्ती पनि हो।
महाकविका कविता संग्रहका…",14,0,2,754,21064
1.72302E+18,NC,ArjunNarasingha,Arjun Narasingha Kc,11/10/2023,22:50:39,"शुभ दिपावली,नेपाल सम्बत,म्ह पूजा तथा छट पर्बको पावन अवसरमा स्वदेश तथा बिदेशमा रहनु भएका सम्पूर्ण दीदी बहिनी र दाजु भाइ हरूमा सुख,शान्ति,समृद्धि तथा उत्तरोत्तर प्रगतिको हार्दिक मंगलमय शुभकामना व्यक्त गर्दछु। https://t.co/5lE27y7Fkp",27,0,2,809,21064
1.72298E+18,NC,ArjunNarasingha,Arjun Narasingha Kc,11/10/2023,20:10:10,नेपाली कांग्रेसका संस्थापक तथा नेपालकाे प्रजातान्त्रिक आन्दोलनका अग्रणी सम्मानित नेताहरु पुर्व पार्टी सभापति सुबर्ण शम्सेरको ४७ स्मृति दिवस र लौह पुरुष गणेशमान सिहको १०९ औं जन्म जयन्तीको अवसरमा हार्दिक नमन तथा श्रद्धाञ्जली व्यक्त गर्दछु। https://t.co/QKVLakWUTc,24,1,0,959,21064
1.72252E+18,NC,ArjunNarasingha,Arjun Narasingha Kc,11/9/2023,13:45:43,"श्री प्रगति शिल माध्यामिक विद्यालय द्वारा आयोजित शुभ दिपावली तथा छठ पर्व २०८० को अवसरमा साँस्कृतिक तथा सुभकामना आदनप्रदान कार्यक्रममा सहभागी हुँदै ~
बिदुर नगर पालिका-३ खड्गभज्याङं , 
नुवाकोट 
२३ कार्तिक २०८० https://t.co/Iguhfjw4ix",19,0,0,552,21064
1.72247E+18,NC,ArjunNarasingha,Arjun Narasingha Kc,11/9/2023,10:18:58,"भेरी नगरपालिकाका मेयर सीपी घर्ती मगरले ‘हेलिकोप्टर आतंक बन्द गर..भनेर पीडितका नाममा हवाई पर्यटन,रमिता र भाषण नगर्न गरेको आग्रहलाई संघीय नेतृत्वले मनन गर्नैपर्छ । राज्य, दलहरू र समाजका सम्पूर्ण अंगहरू बिनाआग्रह पीडितकेन्द्रित हुनु जरुरी छ। वित्तीय स्रोतको अभावका नाममा पीडित जनताले…",17,3,1,1185,21064
1.72144E+18,NC,ArjunNarasingha,Arjun Narasingha Kc,11/6/2023,13:59:55,"जाजरकोट-रुकुम भूकम्प पीडित जनतालाई राहत,उद्धार,पुनर्निर्माण र पुन:स्थापनमा ०७२को भूकम्पका गल्ती र लापरबाही नदोहोरिउन् भने ०७२ को सफलता , प्रशासनिक र प्राविधिक अनुभव पूर्ण रुपमा प्रयोग होस। स्थानीसामाजिक-सांस्कृतिक मान्यता र जिबन रक्षा आबस्यकताका  खाद्य सामग्री  नेपाली परिवेश र…",17,2,0,1102,21064
1.72068E+18,NC,ArjunNarasingha,Arjun Narasingha Kc,11/4/2023,11:38:59,"जाजरकोट बारेकोट रामीडाँडा केन्द्रबिंदु भएर गएको भूकम्प बाट भएको जन ,धनको क्षति ले अत्यन्त दुखित छु।दिवङ्गत आत्मा को चिर शान्तिको कामना साथै सम्पुर्ण शोक सन्तप्त परिवारमा गहिरो समवेदना व्यक्त गर्दछु।यस दुःखद घडीमा घाइतेहरुको शीघ्र स्वास्थ्यको लाभ कामना साथै प्रभाबकारी उपचारको…",16,0,0,640,21064
1.72041E+18,NC,ArjunNarasingha,Arjun Narasingha Kc,11/3/2023,17:43:01,"स्वर्गीय आमा बुवाको नाममा स्थापित ""यशोदा देवी~भगवान सिंह केसी मेमोरियल ट्रस्ट "" को १५ औं स्थापना दिवश को अवसरमा वडा दसैँ, शुभ दिपावली,नेपाल सम्बत , छट तथा ल्होछार पर्वको शुभ कामना आदान प्रदान कार्यक्रम मा सहभागी हुँदै ~ 
निजी निवास, विदुर, नुवाकोट
१७ कार्तिक २०८० https://t.co/UsWrNAb2Vt",27,1,1,1054,21064
1.71999E+18,NC,ArjunNarasingha,Arjun Narasingha Kc,11/2/2023,13:58:18,"""साना किसानकाे समृद्धि कृषिकाे रूपान्तरण र उधमशिलताकाे बिकास"" भन्ने नाराका साथ ""पाथिभरा महिला साना किसान कृषि सहकारि  संस्था लि.""बेलकाेटगढीको सातौ बार्षिक साधारण सभा तथा दोश्रो अधिबेसन  उद्घाटन समारोह मा सहभागि हुँदै ~
धमले,बेलकोट गढी नपा १०
नुवाकोट 
१६ कार्तिक २०८० https://t.co/cFg7veFhhl",15,0,0,474,21064
1.71963E+18,NC,ArjunNarasingha,Arjun Narasingha Kc,11/1/2023,14:04:22,""" हाम्राे अभियान स्वच्छ हराभरा नुवाकाेटकाे शान, बेलकाेटगढी नगरपालिकाकाे पहिचान "" भन्ने नारा सहित नगर विकास , ब्यापार, पर्यटन, कृषि एवं संस्कृतिकाे प्रवर्धन गर्ने उद्देश्य ले प्रथम बेलकाेटगढी महाेत्सव २०८० प्रारम्भ मा सहभागि हुँदै ~केउरेनी,बेलकोट गडी नपा, नुवाकोट। https://t.co/6899FU1oDh",14,0,0,549,21064
1.71793E+18,NC,ArjunNarasingha,Arjun Narasingha Kc,10/27/2023,21:26:36,"सन् ७० को दशक, समकालीन विश्व शीतयुद्ध को पराकाष्ठामा पुगेको अवस्था थियो।
भियतनाम युद्धको उत्कर्ष, बाँग्लादेशको उदय, सिक्किमको बिलय, अफगानिस्तानमा तत्कालीन सोभियत संघको ब्युहरचनामा सत्तापलट,गृहयुद्ध र सोभियत सेनाको उपस्थिति, थाईल्याण्डमा सेनाद्वारा सत्ता हत्याउने काम,इरानमा…",31,3,1,1776,21064
1.71561E+18,NC,ArjunNarasingha,Arjun Narasingha Kc,10/21/2023,12:07:53,"बडादशैँ, दीपावली, म्हःपूजा, न्हुँद र छठपर्व ०८० को हार्दिक शुभकामना
~~~~~~~~~~~~~~~~~~~~~~~~~
       बडादशैंको शुभागमन सँगै यो वर्षका दीपावली,म्हःपूजा,नेपाल सम्वतको न्हुँद (नववर्ष) ११४४ र छठजस्ता महत्वपूर्ण राष्ट्रिय चाडपर्वहरू आइरहेका छन् ।
     रुस-युक्रेन युद्ध, इजरायलमा… https://t.co/l5Vonl7MpD",26,1,2,938,21064
1.7153E+18,NC,ArjunNarasingha,Arjun Narasingha Kc,10/20/2023,15:08:10,नेपाल सरकारकाे उपप्रधानमन्त्री तथा गृहमन्त्री एवम नेकपा (माओवादी केन्द्र )का वरिष्ठ उपाध्यक्ष नारायण काजी श्रेष्ठ (प्रकाश)  मित्र राष्ट्र चिन भ्रमणमा रहंदा स्वास्थमा समस्या भै हस्पिटल भर्ना भएकाे खबरेले  अत्यन्त चिन्तित छु । उहांकाे शीघ्र स्वास्थ्यलाभको कामना गर्दछु। https://t.co/3KhhribFI6,11,0,0,492,21064
1.71351E+18,NC,ArjunNarasingha,Arjun Narasingha Kc,10/15/2023,16:53:58,"वडा दशैँकाे प्रथम दिन घटस्थापना आज।नवदुर्गाको नाै वटा स्वरुपमा प्रथम स्वरूप माता शैलपुत्रीकाे पूजा आराधना  गरि मनाईने  दिन हो घटस्थापना ! विजया दशमीको प्रथम दिन ~
माता शैलपुत्रीले सबैकाे कल्याण गरून। सम्पुर्णमा हार्दिक मंगलमय शुभकामना। https://t.co/cR9Zdf6Wmo",12,0,0,489,21064
1.71323E+18,NC,ArjunNarasingha,Arjun Narasingha Kc,10/14/2023,22:12:20,"‘समाजमा व्यापक असन्तुष्टि,निरासा र विद्यमान
 वितृष्णा चिर्न,नयाँ आशा र विश्वासनिर्माण गर्न भ्रस्टाचार मुक्त  शुसासन पहिलो  र अंतिम सर्त हो।""करप्सन रिफ्लेक्सन नेपाल २०२३’को  प्रतिवेदनले दल, सरकार,नेताहरूको कार्यशैली र व्यवहारले भ्रष्टाचार मौलाएको बताएको छ । https://t.co/oZafiAIFmJ",11,2,0,629,21064
1.71319E+18,NC,ArjunNarasingha,Arjun Narasingha Kc,10/14/2023,19:48:39,"गठबन्धनको सिण्डिकेट नै अंतिम र पार्टीलाई परश्रयी,संस्थागत निर्णय र सरोकारवालाको सामूहिक परारमर्सको उपेक्षा र नेतृत्वको निरंकुशताको परिणाम हो  कोशी प्रदेशको सरकार निर्माण।बधाई छ केदार जी !विद्रोहको प्रतीक बनेकोमा।सर्वदलीय सरकार निर्माण र आजका जटिल जनसमस्या सम्बोधनगर्न सफल हुनुहोस!",32,3,4,1651,21064
1.71284E+18,NC,ArjunNarasingha,Arjun Narasingha Kc,10/13/2023,20:16:39,"यूवा तथा खेलकुद मन्त्री,नेपाली कांग्रेस माेरङका नेता,जिल्ला पार्टी सभापति डिगबहादुर लिम्बु ज्यू को ममतामयी आमाकाे निधनको खबरले अत्यंत दुखित छु।दिबंगत आत्माको चीर शान्तिको कामना साथै मातृ वियोगमा रहनुभएका डिगवहादुर जी लगाएत सम्पूर्ण शोकसन्तप्त परिवारमा गहिरो समवेदना व्यक्त गर्दछु। https://t.co/qZK00PMQ9H",6,0,1,466,21064
1.71283E+18,NC,ArjunNarasingha,Arjun Narasingha Kc,10/13/2023,19:59:33,"लामिबगैचा सामाजिक युवा क्लब  द्धारा संचालित तेस्रो  नुवाकोट जिल्ला स्तरिय फुटबल प्रतियोगिता उद्घाटन समारोह मा सहभागि हुँदै ~२६ आस्विन २०८० लामीबगैंचा,विदुर न.पा नुवाकोट https://t.co/ewgaITQHZg",17,1,0,1108,21064
1.71142E+18,NC,ArjunNarasingha,Arjun Narasingha Kc,10/9/2023,22:12:57,भविष्यको  सुन्द रकल्पना बोकेर इजरायलमा सिक्दै कमाउ ( learn &amp; earn) कार्यक्रम मा गएका १० जना बिद्यार्थीहरु हमासको  क्रुर र वर्वर आक्रमणमापरि  निधन भएको दुःखद घटना ले अत्यन्त दुःखित र मर्माहत छु। दिवंगत आत्माको चीर शान्तिको कामना साथै सम्पुर्ण शोक सन्तप्त परिवारमा गहिरो समवेदना… https://t.co/lkIG9N9tz5,11,0,2,990,21064
1.7105E+18,NC,ArjunNarasingha,Arjun Narasingha Kc,10/7/2023,9:21:30,"आफ्ना सन्तानको सुख,शान्ति ,प्रगति तथा चिरायुको साथै वंशवृद्धिको कामनाका लागि मनाइने जितिया पर्व मधेसको  मिथिला तथा थारु संस्कृतिको अत्यंत महत्वपूर्ण र पावन पर्ब हो।२४ देखि ३६ घण्टा सम्म निराहार,पानी समेत नखाई थुक पनि ननिल्ने परम्परा हुनाले जितिया पर्वलाई कठोर व्रत मानिन्छ। जितीया… https://t.co/aiUjUcQlNw",19,2,0,967,21064
1.70723E+18,NC,ArjunNarasingha,Arjun Narasingha Kc,9/28/2023,8:59:55,"काठमाडौँ उपत्यका लगाएत धुलिखेल,दोलखा तथा अन्य स्थानहरूमा मनाइने कुमारी
 इन्द्रजात्रा पर्व खास गरी नेवार समुदायको मौलिक सांस्कृतिक तथा ऐतिहासिक पर्वहो। जातजाति,भाषाभाषी, संस्कृति र भौगोलिक विविधता बीचको एकता र यीनै विभिन्नताको  बिचको अभिन्नता  नै हाम्रो राष्ट्रिय एकता ,संस्कृति र… https://t.co/4pCifwpYkq",22,0,1,651,21064
1.70624E+18,NC,ArjunNarasingha,Arjun Narasingha Kc,9/25/2023,14:59:42,"आज केन्द्रीय समितिमा प्रस्तुत विचार ~
https://t.co/kVvgW4ahV7",2,0,0,142,21064
1.70583E+18,NC,ArjunNarasingha,Arjun Narasingha Kc,9/24/2023,11:47:57,हजुरबुवाले १९७७ मा बनाउनु भएको राउतबेसी को  मेरो जन्म घर २०७२ को भूकम्प को विनास पछि नया घर निर्माण स्थलको भाइहरू सहित अवलोकन गर्दै र आफन्त हरुसंग को भेटघाट ले अत्यंत सुखद अनुभूति र  पूर्व स्मृतिहरुले धेरै भावविभोर बनायो। https://t.co/eDtVIoftGp,78,0,6,4161,21064
1.78078E+18,NC,BimalendraNidhi,Bimalendra Nidhi,4/18/2024,8:04:24,"आज २०८१ वैशाख ६ गते बिहिवारको नेपाली राष्ट्रिय दैनिक हिमालय टाइम्सको पृष्ठ ४मा सम्पादकीय ""अजब नेपाल गजब नेपाल"" दमदार छ। कार्यपालिका,न्यायपालिका, व्यवस्थापिका, सुरक्षानिकाय, शीर्ष नेताहरु, नागरिक समाज - फुर्सद निकालेर सबैले पढ्दा सार्थक हुन्छ । जय होस्!!!",21,2,1,1248,181926
1.7802E+18,NC,BimalendraNidhi,Bimalendra Nidhi,4/16/2024,17:39:33,नागढुंगा-सिस्ने खोला सुरुङ्ग मार्ग हिजो वारपार छिचोलिएछ।अति हर्षको विषय हो।ऐतिहासिक पनि।जापानका र नेपालका सबै संलग्न निकाय र व्यक्तिलाई धेरैधेरै बधाई छ।म भौतिकमंत्री हुँदा यसैकोलागि जापानलाई कन्भिन्स गर्न जाईकाको निम्तोमा टोली लिएर टोकियो गएकोथिएँ।पहिलो सडक-सुरुङ हो।बढौं बढौं !!!,63,9,9,2494,181926
1.77822E+18,NC,BimalendraNidhi,Bimalendra Nidhi,4/11/2024,6:02:05,समस्त मुस्लिम दिदीबहिनी दाजुभाइमा ईद-उल-फित्र पर्वको हार्दिक मंगलमय शुभकामना !! मुबारकबाद !!!,17,0,0,1285,181926
1.77136E+18,NC,BimalendraNidhi,Bimalendra Nidhi,3/23/2024,8:04:35,"सरोज मिश्रको लेख घत लाग्दो छ, दमदार छ, मननीय छ !!! https://t.co/vZT8fM6QHF",22,0,0,1405,181926
1.76155E+18,NC,BimalendraNidhi,Bimalendra Nidhi,2/25/2024,6:23:49,"प्रात:स्मरणीय पिता स्व.महेन्द्र नारायण निधिको आज १०३ओों जन्मजयन्तीको अवसरमा सादर नमन तथा श्रद्धाञ्जली !!! राष्ट्रियता, लोकतंत्र,समाजवाद, मानव अधिकार र विश्वशान्तिकालागि आजीवन समर्पित वहाँको सादा जीवन र उच्च विचारले हामीलाई संधै प्रेरणा दिई रहनेछ  !!!",78,5,13,4036,181926
1.75938E+18,NC,BimalendraNidhi,Bimalendra Nidhi,2/19/2024,6:17:46,"आज प्रजातंत्र दिवसको उपलक्ष्यमा सबैलाई हार्दिक मंगलमय शुभकामना !!!
संघिय लोकतान्त्रिक गणतन्त्रको लागि बांकी कामहरु पुरा गर्नु सर्वाधिक  प्राथमिक विषय हुनु पर्छ। लागौं!!!",20,2,2,1915,181926
1.74978E+18,NC,BimalendraNidhi,Bimalendra Nidhi,1/23/2024,18:52:31,"आज विहान हुस्सु लागेको चिसोमा, जनकपुरधामको जिरो माईलमा अवस्थित ""सिंह  जी चिया पसल"" मा रोहित ठाकुरको अनुरोधमा धेरै साथीहरूको साथ चिया खाँदै । https://t.co/fPmCF6AeIh",27,1,2,5034,181926
1.73312E+18,NC,BimalendraNidhi,Bimalendra Nidhi,12/8/2023,19:09:16,"दुर्लभ फ‍ोंटो!श्री शेरबहादुर देउवा नेविसंघको जनकपुर महाधिवेशनको दोश्रो दिन,गोपाल धर्मशालामा  अध्यक्षता गर्दै।छेउमा बसेको म विमलेन्द्र निधि।एकातिर महेन्द्र नारायण निधि अर्कोतिर लीला कोईराला।देवेन्द्र नेपाली भाषण गर्दै।यहिंबाट म निर्विरोध सभापति भएँ।कसैसंग थप फोटो छ भने कृपया पाॐ! https://t.co/bPnq9vARZA",144,3,25,14991,181926
1.72427E+18,NC,BimalendraNidhi,Bimalendra Nidhi,11/14/2023,9:37:17,नेपाल सम्बत् लाई सरकारले आधिकारिकता दिएक‍ो छ। आज देखि सबै सरकारी कागजमा नेपाल सम्बत ११४४ पनि थप्ने राम्रो थालनी गरेको छ। यस निर्णयको हार्दिक स्वागत गर्दछु।,30,0,1,1327,181926
1.7239E+18,NC,BimalendraNidhi,Bimalendra Nidhi,11/13/2023,8:55:30,"आज२०८०असौज२७को कान्तिपुरमाअच्युत वाग्लेको लेख-किन चाहियो यस्तो लघुवित्त 'प्रणाली'? मननय‍ोग्य छ।आर्थिक प्रणालीमा रुचि राख्ने राजनीतिकहरुले पढ्नु र बहस चलाउनु उचित हुनेछ। त्यस्तै,विमल खतिवडाको ""बनाउने भनिएका२७सुरुङमा दुईमात्र निर्माणाधीन"" शीर्षकको समाचार पनि चिन्ताजनक सन्देश दिन्छ।",26,0,2,1334,181926
1.72365E+18,NC,BimalendraNidhi,Bimalendra Nidhi,11/12/2023,16:08:53,शुभ शुकराती !!! शुभ दीया वाती !!! शुभ दीपावली !!! जय लक्ष्मी पुजा !!! VERY HAPPY DIWALI !!!,25,0,1,1006,181926
1.72216E+18,NC,BimalendraNidhi,Bimalendra Nidhi,11/8/2023,13:34:12,"२०८०आश्विन१८ गते।डाम्ही, महोत्तरी। नेपाली काँग्रेसका नेता स्व. चिन्ताहरण सिंका छ‍ोरा बच्चाबाबु सिंहको निधनको द्वादशाका दिन वहाँको निवासमा श्रद्धाञ्जली अर्पण गर्दै। https://t.co/BYekyLd6LR",30,1,1,846,181926
1.72061E+18,NC,BimalendraNidhi,Bimalendra Nidhi,11/4/2023,6:54:13,"गएराति जाजरकोटमा६.४रेक्टरको भुईंचालो गयो।रुकुम स्मेतमा ठुलै जनधनक‍ो क्षति भएकोछ।उपमेयर सरिता सिंह सहित दुबैजिल्लामा ६५जनाको मृत्युु भएको खबर छ।राजिव विक्रम शाह,कृष्ण रोकाया,केशरमान रोकाया,दीपकशाह,मैनाकार्की,झलकवाग्ले लगायतसंग जनकपुरबाट फोनमा कुरागरें। संवेदना,चिन्ता र ऐकबध्यता !!",34,2,1,1234,181926
1.71776E+18,NC,BimalendraNidhi,Bimalendra Nidhi,10/27/2023,10:06:45,"हुम्लाको हिल्सामा ५,६ र ८ नं. सीमास्तम्भहरुक‍ो स्थलगत भ्रमणको फोटो।चौथो फोटो  हामी बसेक‍ो होटलको।२०८० असौज २९गते बिहानको। हामी २८गते पुगे पछि ११बजे राती तिर चिनिया पक्षबाट हामी बसेको होटलमाथी ड्रोन उडाएको थियो।हाम्रो प्रहरीले फोनबाट सोध्दा,ए बुझ्छौं भने, अनि फिर्ता गरे।आपत्तिजनक https://t.co/eOhGOGJF2s",24,2,1,1382,181926
1.71758E+18,NC,BimalendraNidhi,Bimalendra Nidhi,10/26/2023,21:58:12,हुम्लामा निधिको एक साता : चीनले भूमि अतिक्रमण गरेको पाइयो https://t.co/XDfQlXwHbC,28,5,7,2386,181926
1.71757E+18,NC,BimalendraNidhi,Bimalendra Nidhi,10/26/2023,21:20:23,"जनवरी महिना देखि जनकपुर- अयोध्या हवाई सेवा संचालन गर्न बुद्ध एअर तयार छ रे। नेपाल सरकारले आवश्यक नीति,अनुमति र भारत संगको प्रबन्ध मिलाओस्। त्यस्तै जनकपुरबाट हुम्लाको लाप्चा पुगि कैलाश र मानसरोवरको दर्शन गर्ने अन एराईभल भिसाकोलागि नेपाल सरकारले चीन संग प्रबन्ध मिलाओस् । https://t.co/0v6xP1YlKM",66,9,6,5562,181926
1.71744E+18,NC,BimalendraNidhi,Bimalendra Nidhi,10/26/2023,13:17:00,"तस्बिर आफै बोल्छ।पहिलो र दोस्रो फोटो पिलर नं.९(२)को हो।त्यसैमाथी चिनले फलामे बारको घेरा र गेट बनाएको छ।त्यो बनाउन पाईदैन।तेस्रो फोटो त्यसै प्रवेशद्वार कै फुल भ्यु हो।चौथो,चिनको सुरक्षा,अध्यागमन,भन्सार आदिको भव्य संरचनाहो।हाम्रो त केही छैन।२०८०असौज२९ गते बिहान हामी त्यहीं थियौं। https://t.co/aSzolD8AgS",27,3,7,3216,181926
1.7174E+18,NC,BimalendraNidhi,Bimalendra Nidhi,10/26/2023,10:39:03,२०८० असौज २९ गते बिहान हामी हुम्लाको हिल्सा बोर्डरमा। मा.जीवन शाहीले नेपाल साईडको गेट र चिनिया गेटको बिचको सडककोभाग लाई पिच बनाउन  जुम्लामा रहेको सम्बन्धित ई. संग कुरा  गर्दै। निर्माण काम पनि तत्कालनै शुरु भईरहेको भिडियो।  जय होस् ! https://t.co/FnJthto3Ox,28,2,1,2180,181926
1.71698E+18,NC,BimalendraNidhi,Bimalendra Nidhi,10/25/2023,6:43:04,२०८० असौज २७ गते विहान हामी हुम्लाको लाप्चामा।कैलाश र मानसरोवरको दूर दर्शन गर्यौं। ४० जनाको हाम्रो टोलीलाई मा. जीवन शाहीले सीमा अतिक्रमण बारे बताउँदै। अतिक्रमण हामीले आँखाले देख्यौं। https://t.co/S8BtXvg8f8,118,9,24,23227,181926
1.71674E+18,NC,BimalendraNidhi,Bimalendra Nidhi,10/24/2023,14:23:57,Happy Durga Puza !!! https://t.co/M1Cbr4d28l,34,0,0,838,181926
1.71662E+18,NC,BimalendraNidhi,Bimalendra Nidhi,10/24/2023,6:38:56,"आज दशमी। टिकाको दिन। बडा दशैंको सर्वाधिक महत्त्वपूर्ण दिन। रामद्वारा रावणबध गरि असुरलाई पराजित गरेको,असत्य माथि सत्यको जीत भएको, विजयोत्सव मनाएको दिन। सबैलाई बधाई! मंगलमय शुभकामना !!!",41,4,2,1668,181926
1.71606E+18,NC,BimalendraNidhi,Bimalendra Nidhi,10/22/2023,17:46:02,काठमाण्डुमा पण्डालमा निर्मित दुर्गामाताको प्रतिमाको महाष्टमीको शुभ अवसरमा आज विहान सपरिवार पुजा गर्यौं। दुर्गामाताले सबैको कल्याण गरुन् !!! https://t.co/mGk8HMiP2H,46,0,0,1589,181926
1.71606E+18,NC,BimalendraNidhi,Bimalendra Nidhi,10/22/2023,17:19:07,"आई महाष्टमी।जनकपुरके राजदेवि,बोधिमाई आ अन्नपूर्णामाता के पुजा कयली। भाई बलराम साह द्वारा हेलिकप्टर सँ पुष्प वर्षा कयल गेल।महाबिर युवा कमिटी, राम युवा कमिटी आ नेपाली काँग्रेस के साथी सभक सहभागिता आ सहयोग रहल। मातादेवि सभक कल्याण करथु से प्रार्थना !!! https://t.co/xnWArcXyFE",24,0,3,705,181926
1.71576E+18,NC,BimalendraNidhi,Bimalendra Nidhi,10/21/2023,21:47:24,"यो पनि २०८० असौज३०गते हुम्लाको खार्पुनाथ मन्दिर गएको बेला कै तस्बिर हो। सिमकोट बाट हामी गाडीमा गएको। ४५ मिनेट देखि १ घण्टा लाग्यो। कच्ची बाट‍ो,ढुँगै ढुँगाको। https://t.co/sjNDmSFtvR",8,0,2,606,181926
1.71576E+18,NC,BimalendraNidhi,Bimalendra Nidhi,10/21/2023,21:34:37,२०८०असौज३०गते हुम्लाको खार्पुनाथ मन्दिरमा पुजादर्शन।साथमा जीवन शाही र पुरै टोली।यो जीवन शाहीक‍‍ो गाउँ हो।यहाँ पहाडभित्र स्वनिर्मित गुफा छ-त्यो ह‍ो असली मन्दिर।भनाई छ-यहाँ सती देविको खार्पु पतन भएको हो।भोटे भाषामा खार्पु भनेको काँखी हो रे।कैलाश पछि यसको दर्शन न गरे हुन्न। https://t.co/CAyJ6XiiIF,37,0,1,1500,181926
1.71458E+18,NC,BimalendraNidhi,Bimalendra Nidhi,10/18/2023,15:32:09,"कैलाश र मानसरोवरको  हुम्लाको लिमिबाट दर्शन गर्यौं २०८०असौज२७गते। नेता जीवन शाही,सीता राना,खिलानाथ दाहाल,अर्जुन थापा,कुलचन्द्र न्योपाने, हुम्लाका नेताहरु मोहन सिंह,जयपति रोकाया, पदाधिकारीहरु,मेरी श्रीमती अनामिका,छोरा अविरल,बुहारी आयुषी,सुमित्रा लगायत४०जनाको टोली।साह्रै खुशी छौं। https://t.co/ALsuouZbEf",61,0,3,3860,181926
1.71458E+18,NC,BimalendraNidhi,Bimalendra Nidhi,10/18/2023,15:31:51,"२०८०असौज२८गते हिल्सा  नाकाको स्थलगत अवलोकन गर्यौं।म र जीवन शाही सहित ४०जनाको टोली।हिल्सावासी र सरकारी कर्मचारी संग कुरा गर्दा,दृश्य हेर्दा दारुण अवस्था छ।हेपिएका महसुस गरेका छन्।दैनिक आवाजाही सहज बनाउनुपर्ने र सीमासुरक्षा कैम्प ५ र ६नं पिलरको नजिक जग्गामा राख्नुपर्ने उचित हुनेछ। https://t.co/mZCAxMNvY9",22,2,1,1265,181926
1.71119E+18,NC,BimalendraNidhi,Bimalendra Nidhi,10/9/2023,7:04:37,"ईजरायलमा१०जना नेपालीक‍ो मृत्युु एक त्रासदीपुर्ण एवं दुखद घटना हो।मृतकहरुप्रति श्रद्धाञ्जली र परिवार प्रति समवेदना व्यक्त गर्दछु।त्यहाँका समस्त नेपालीको स्वास्थ र सुरक्षाकोलागि अपिल गर्दछु। आतंकी घटनाको निन्दा गर्दै नेपाली,ईजरायली जनता र ईजरायल सरकार प्रति ऐक्यबद्धता प्रगट गर्दछु।",16,2,0,1617,181926
1.70866E+18,NC,BimalendraNidhi,Bimalendra Nidhi,10/2/2023,7:46:19,"आज महात्मा गान्धीको जन्म दिन। सत् सत् नमन! सत्य, अहिंसा, प्रेम नै जीवन,समाज,शासन, राज्य र विश्वको समृद्धि एवं शान्तिको आधार हो भन्ने सन्देश गान्धीले दिए। अमर भए। कोशिश गरौं !!!",23,1,0,1057,181926
1.70793E+18,NC,BimalendraNidhi,Bimalendra Nidhi,9/30/2023,6:57:15,Good Morning to all From my room terrace in Nagarkot Kathmandu Nepal.30 Sept 2023. https://t.co/YdRh3BAid6,25,0,2,1729,181926
1.70742E+18,NC,BimalendraNidhi,Bimalendra Nidhi,9/28/2023,21:15:44,अस्पतालमा पटक पटक डाक्टर र चिकित्साकर्मीहरुमाथि आक्रमण हुनु आपत्तिजनक विषय ह‍ो। यसको घोर निन्दा गर्दछु।आन्दोलनरत् चिकित्सकहरुक‍ो मांग जायज ह‍ो।अपराधी ज‍ो सुकै भए पनि कारबाही हुनु पर्दछ।असान्दर्भिक र अनुपयुक्त तर्क सारेर कसैले अलमल्याउन खोज्नु अनुचित हुनेछ।सरकारक‍‍ो ध्यान जाओस्।,36,11,5,2475,181926
1.70723E+18,NC,BimalendraNidhi,Bimalendra Nidhi,9/28/2023,8:55:49,"आज ईन्द्रजात्राको शुभअवसरमा समस्त दिदिबहिनी, दाजुभाइ तथा ईष्टमित्रमा हार्दिक बधाई एवं मंगलमय शुभकामना !!!",26,1,5,1553,181926
1.70429E+18,NC,BimalendraNidhi,Bimalendra Nidhi,9/20/2023,6:12:59,"आज संविधान दिवसको उपलक्ष्यमा नेपालका सबै जनता,मतदाता दाजुभाइ दिदीबहिनी हरुमा हार्दिक बधाई तथा मंगलमय शुभकामना व्यक्त गर्दछु।संघीयताको सैद्धान्तिक मान्यता अनुसार प्रदेश र स्थानीय तहमा अधिकार वितरण गर्नु आवश्यक छ।केन्द्रबाट संचालन गर्ने परम्परागत सोच र पद्धतिबाट मुक्त हुनु जरुरी छ।",17,1,0,815,181926
1.70356E+18,NC,BimalendraNidhi,Bimalendra Nidhi,9/18/2023,5:50:44,"जय विश्वकर्मा भगवान !!!
सबैलाई तीजको शुभकामना !!!",38,1,6,1971,181926
1.7014E+18,NC,BimalendraNidhi,Bimalendra Nidhi,9/12/2023,6:56:02,"संविधानसभाका अध्यक्ष , पुर्व सभामुख, नेकपा एमालेका उपाध्यक्ष सुवास नेम्वाङको निधनक‍‍ो समाचारले स्तब्ध भएको छु।विद्यार्थी कालदेखि नै कम्युनिस्ट आन्दोलनमा सहभागी रहनुभएको सुवासजीको संघीय लोकतान्त्रिक गणतन्त्रात्मक संविधान निर्माणमा रहेको भुमिका प्रेरणादायी रहनेछ। श्रद्धाञ्जली !!!",51,4,6,3242,181926
1.70067E+18,NC,BimalendraNidhi,Bimalendra Nidhi,9/10/2023,6:08:06,आज विशेश्वर प्रसाद कोईरालाको ११० ओैं जन्मजयन्ती !! वहाँ प्रति हार्दिक सम्मान र नमन !!!,36,1,4,2108,181926
1.70043E+18,NC,BimalendraNidhi,Bimalendra Nidhi,9/9/2023,14:43:40,"हिजो,२०८०भदौ२२ गते शनिवार (8 sept. 2023) बैैंगलुरुमा, दक्षिण भारतको नेपाली जनसम्पर्क समितिद्वारा आयोजित भव्य भेंटघाट कार्यक्रममा सहभागी भयौं।श्री ईन्द्र अधिकारीको सभापतित्वमा भारतका सभापति श्रीबालकृष्ण पाण्डे,सहमहामन्त्री दिपक झा,माधव कठायत लगायत धेरै साथीहरूको सहभागिता थियो। https://t.co/5vJJlzvhHZ",23,1,0,1241,181926
1.70041E+18,NC,BimalendraNidhi,Bimalendra Nidhi,9/9/2023,12:57:04,"सपरिवार,२०८०भदौ२१ गते बिहिवार विहान त्रिवेन्द्रममा श्रीपद्मनाभस्वामीको दर्शन गरेर भाग्यशाली भएका छौं।१७ओैं शताब्दीमा नेपालको कालिगण्डकी  नदीबाट  हाथीमा ३वर्ष लगाएर १२००८शालिग्राम मगाएर भगवान विष्णुको शैय्या निर्माण गरिएको गौरवमय तथ्य मन्दिरका संत श्रीबैद्यनाथ अैय्यरले बताउनु भयो। https://t.co/3UwoPYxb9M",17,0,3,670,181926
1.69963E+18,NC,BimalendraNidhi,Bimalendra Nidhi,9/7/2023,9:17:03,https://t.co/sYeIL6YDXz,13,0,1,855,181926
1.69892E+18,NC,BimalendraNidhi,Bimalendra Nidhi,9/5/2023,10:30:31,"Bravo Team Nepal Cricket !!!
Played very sincerely, fearlessly and intelligently !!! Keep it up. Future is your's.",29,3,2,1521,181926
1.69866E+18,NC,BimalendraNidhi,Bimalendra Nidhi,9/4/2023,17:02:30,"Watching live Nepal - India cricket in mobile, in car. In Cochin. Kerala.",21,0,5,1642,181926
1.69435E+18,NC,BimalendraNidhi,Bimalendra Nidhi,8/23/2023,19:48:19,"भारतलाई,भारतीय ब‌ैज्ञानिक टिमलाई, चन्द्रयान -3 को आज चन्द्रमाको दक्षिणी ध्रुवमा सफल अवतरण गराएकोमा धेरै धेरै बधाई छ। Many Many Congratulations to India, to Indian Team of Scientists, to ISRO for successful landing on the southpole of the Moon. ist country of the world!!!",16,0,1,906,181926
1.69432E+18,NC,BimalendraNidhi,Bimalendra Nidhi,8/23/2023,18:03:57,"डा. राजाराम कार्की, नेपाली काँग्रेसका नेता र मेरो प्रिय साथी, भर्खरै बेलुकी ५ बजे, वीर अस्पतालमा अन्तिम साँस लिनुभएको छ। वहाँको अन्तिम दर्शन गरेर शोकाकुल भएर फर्कदै छु।परिवार र पार्टी संग समन्वय गरेर भोलि ११ बजे तिर आर्यघाट लग्ने तयारी हुँदै छ। श्रद्धाञ्जली र सम्वेदना  !!!",11,0,1,792,181926
1.69289E+18,NC,BimalendraNidhi,Bimalendra Nidhi,8/19/2023,19:16:43,लोक एवम् लोकतन्त्र सेतु गाथा काठमाडौंदेखि काशीसम्म https://t.co/NCgWDvL3ri,11,3,1,718,181926
1.69251E+18,NC,BimalendraNidhi,Bimalendra Nidhi,8/18/2023,18:10:43,"जनकपुरका संस्थापक उद्योगपति, ठुल‍ो किसान,समाजसेवी,रारा कलेज,सरस्वती हाईस्कुल,कन्या स्कुलका संस्थापक,प्रसिद्ध  घरानाका,मुजेलियानिवासी श्री रामचन्द्र साहको निधन भएको समाचारले दुखित भएक‍ो छु। सादा र सरल जीवन विताउने वहाँप्रति हार्दिक श्रद्धाञ्जली ! परिवारजनमा समवेदना व्यक्त गर्दछु!",31,3,6,1488,181926
1.69059E+18,NC,BimalendraNidhi,Bimalendra Nidhi,8/13/2023,10:57:24,"आज २८साउन २०८० को कान्तिपुरमा मृगेेन्द्र बहादुर कार्कीको लामो अन्तर्वार्ता छापिएको छ।भुगोल शास्त्रीय, मानव शास्त्रीय, समाज शास्त्रीय, ईतिहास, संस्कृति, राजनीति, छिमेक र विश्व सम्बन्ध एवं दृष्टिकोण आदिबारे सुक्ष्म बहस आएको छ -सुन्दर सकारात्मक हस्तक्षेप जस्तो लाग्य‍ो।शुभम् !!",28,1,1,1797,181926
1.68813E+18,NC,BimalendraNidhi,Bimalendra Nidhi,8/6/2023,15:50:07,https://t.co/TrnLE716Wi,18,1,2,1202,181926
1.68655E+18,NC,BimalendraNidhi,Bimalendra Nidhi,8/2/2023,7:31:41,"Just gone through ""Maithili Weathering two-pronged attack"" by HIMANSHU CHAYDHARY in today's THE ANNAPURNA express daily paper. Very factual and meaningful. Must read ! लंका मे सीता आ हनुमान मैथिली भाषामे बातचित कयने छलाह।कीर्तिपुर,काठमाण्डु आ भक्तपुर तक राजकाजक भाषा छल !",10,0,0,1180,181926
1.68097E+18,NC,BimalendraNidhi,Bimalendra Nidhi,7/17/2023,21:46:44,"दिल्लीमा राजिव गान्धी कैन्सर अस्पतालमा उपचार गराई रहनुभएका धादिङ निवासी नेपाली काँग्रेसका नेता, बाग्मती प्रदेशका पुर्व सदस्य डा. राजाराम कार्कीलाई भेटेर निस्कदैछु।सिकिस्त हुनुहुन्छ । शीघ्र स्वास्थ्यलाभको लागि प्रार्थना गर्दछु। https://t.co/B2QkGUp6Iq",43,1,19,5125,181926
1.67899E+18,NC,BimalendraNidhi,Bimalendra Nidhi,7/12/2023,10:20:39,"प्रधानमन्त्री पुष्पकमल दाहाल प्रचण्डकी पत्नी सीता दाहालको निधन प्रति  दुख व्यक्त गर्दै वहाँक‍ो आत्माको चीर शान्तिकालागि ईश्वरसंग प्रार्थना गर्दछौं।
प्रचण्डजी र सम्पुर्ण परिवारलाई यस शोकको घडीमा भगवानले धैर्यधारण गर्ने शक्ति प्रदान गरुन्, हार्दिक सम्वेदना! श्रद्धाञ्जली !!!",33,1,4,1972,181926
1.6761E+18,NC,BimalendraNidhi,Bimalendra Nidhi,7/4/2023,11:13:37,"धेरै धेरै धन्यवाद गेजा शर्मा वाग्लेलाई आजको कान्तिपुरमा तथ्यपरक विश्लेषण प्रस्तुत गरेकोमा। ल‍ोकतंत्र,गणतन्त्र, संघीयता,समावेसीता,धर्मनिरपेक्षता लगायतको प्रणाली र संविधानका साथै यसको उपलब्धिबारे सशक्त सन्देश छ। जारी रह‍ोस्!पढौं र पढाओैं!!विशेषगरी युवापुस्ताकासाथीहरु जरुर पढौं!!!",38,6,2,2292,181926
1.67463E+18,NC,BimalendraNidhi,Bimalendra Nidhi,6/30/2023,9:34:01,"आज२०८०असार१५गतेको विमर्शमा जयप्रकाश गुप्ताको लेख छ ""अब सबैले प्रतिशोधलाई बिर्सेर अघि बढनुस् ""।अत्यन्त गहन र अनुकरणीय छ।क्रान्ति र आन्दोलनमा नीहित द्वन्द्व र क्षतिलाई शान्तिमा रुपान्तरण गर्न प्रतिशोध त्याग्नै पर्छ।प्रतिशोधआधारित दण्डले द्वन्द्वको चक्र बनाउछ,शान्तिको मार्ग होइन ।",25,0,2,1396,181926
1.67422E+18,NC,BimalendraNidhi,Bimalendra Nidhi,6/29/2023,6:20:56,"ईद मुबारक ! समस्त ईस्लाम धर्मावलम्बीहरुको महानपर्वको शुभ अवसरमा सबैलाई सुख, शान्ति र प्रगतिकोलागि हार्दिक शुभकामना !!!",22,2,2,1227,181926
1.67331E+18,NC,BimalendraNidhi,Bimalendra Nidhi,6/26/2023,18:23:12,"आज ११ अषाढ २०८०को कान्तिपुरमा दुईवटा लेख दमदार छ, गम्भीर छ,चिन्तन-मनन योग्य छ। उमेश प्रसाद मैनालीको "" किन बनेन नयाँ  नेपाल ?"" र अच्युत वाग्लेको  ""हुनेखानेहरु नै छोड्दै छन् देश"" । लेख लामो छ तर गुदी भरिएको छ।सोचौं,केही गरौं।न भए कम्तीमा यस्ता लेखहरु पढौं र पढ्न लगाओैं।जय होस् !!!",61,3,78,4794,181926
1.67204E+18,NC,BimalendraNidhi,Bimalendra Nidhi,6/23/2023,6:34:00,सर्वोच्चअदालक‍ो हिजोक‍ो निर्णयबाट राष्ट्रपति रामचन्द्र पौडेलद्वारा प्रमाणित गरिएको नागरिकता सम्बन्धि बिधेयक/ कानुन कार्यान्वयनको बाटो खुलेको छ।जन्मको आधारमा नेपाली नागरिक रहेकाको छोराछोरीहरुले अब संविधानसम्मतरुपमा वंशजको आधारमा नेपालीनागरिकता पाउने छन्। हार्दिक स्वागत गर्दछु!!!,36,1,0,1328,181926
1.67118E+18,NC,BimalendraNidhi,Bimalendra Nidhi,6/20/2023,21:14:08,"बझाङ नेपाली काँग्रेसका पुर्व सभापति, सुदुर पश्चिम प्रदेशका मंत्री पृथ्वी बहादुर सिंहक‍ो दुर्घटनाबाट निधनको समाचारले मर्माहत भएको छु। वहाँकी पत्नी र भाउजुको पनि दुःखद निधन भएको छ। सबैको आत्माको चीर शान्तिकोलागि ईश्वरसंग प्रार्थना गर्दै हार्दिक श्रद्धाञ्जली व्यक्त गर्दछु!!!",31,5,6,1480,181926
1.66998E+18,NC,BimalendraNidhi,Bimalendra Nidhi,6/17/2023,13:55:35,"महेन्द्र नारायण निधि आमन्त्रित कराते प्रतियोगिता २०८०,मधेस प्रदेश।आयोजकक-नेपाल लोकतान्त्रिक खेलकुद संघ,धनुषा। अध्यक्ष-अखिल मढि।कभर्डहल जनकपुरधाममा। प्रमुख अतिथिक‍ो रुपमा भाग लिएको ।आज बिहान ११ बजे ।कराते, बिना हथियारक‍‍ो सुरक्षा सीप सिकाउने खेल रहेकोले मन पर्छ। सबैलाई बधाई !!! https://t.co/aFqkFJUfPU",25,0,0,765,181926
1.66949E+18,NC,BimalendraNidhi,Bimalendra Nidhi,6/16/2023,5:27:22,https://t.co/1knrRxOKVs,28,1,3,1342,181926
1.66927E+18,NC,BimalendraNidhi,Bimalendra Nidhi,6/15/2023,15:03:28,"Happy to welcome the Israely Ambassador Mr Hanan Goder this morning at my residence. We shared about our excellent bialateral relation.Positive discussion on the multilateral topics. Appreciated the support from Israel in the area of education, agriculture,Learn &amp; Earn programme. https://t.co/aJ361IrPKj",29,2,1,954,181926
1.66926E+18,NC,BimalendraNidhi,Bimalendra Nidhi,6/15/2023,14:05:03,कांग्रेस नेता निधि र इजरायली राजदूत खनानबीच भेटवार्ता https://t.co/OSEFLUgvZb,15,0,1,549,181926
1.66666E+18,NC,BimalendraNidhi,Bimalendra Nidhi,6/8/2023,9:42:17,"आदरणीय मित्र,मधेस स्वास्थ्य विज्ञान प्रतिष्ठानका भि.सी. डा.रामकेवल साहको दिल्लीमा उपचारको क्रममा निधन भएको खबरले स्तब्ध भएकोछु।
२०४६ सालमा वहाँको घरमा भुमिगत बसी,ई.सत्यनारायण साह,विन्देश्वर महासेठ,परिवार र साथीहरूसंग मिलेर आन्दोलन  संचालन गरेको सगर्व स्मरण गर्दछु।श्रद्धाञ्जली !!!",30,3,5,3410,181926
1.66541E+18,NC,BimalendraNidhi,Bimalendra Nidhi,6/4/2023,22:53:13,राजा महेन्द्रले सुरू गरेको अनुदार नागरिकता कानुन पटकपटक संशोधन गरी उदार बनाएका थिए वीरेन्द्रले https://t.co/hE8u5udzls,29,4,4,2015,181926
1.66496E+18,NC,BimalendraNidhi,Bimalendra Nidhi,6/3/2023,17:05:11,"राष्ट्रपति सम्माननीय रामचन्द्र पौडेलक‍ो ज्येष्ठ३१मा हुने जनकपुरधाम भ्रमणको तैयारीकालागि जनकपुरधाम उ.म. नगरपालिकाका मेयर मन‍ोज साहको अध्यक्षतामा उद्योग बाणिज्य संघमा बसेक‍ो प्रशासन सहितको सर्वदलीय,सर्वपक्षीय बैठकमा भागलिएर फर्केकोछु।भव्य स्वागत र अभिनन्दन गर्ने सर्वसम्मति भएको छ। https://t.co/KM7hOyS66t",49,1,7,1972,181926
1.66423E+18,NC,BimalendraNidhi,Bimalendra Nidhi,6/1/2023,16:51:15,स्कुलसमय देखिको मेरो आदरणीय मित्र डा.रामकेवल साहको स्वास्थ अवस्था हेर्न बानेश्वरको एभरेष्ट अस्पतालमा गएँ।मन भारी भयो।केही अगाडि देखि नै बिरामी भई दिल्ली बाट फर्केर भर्ना हुनुभएक‍ो रहेछ।आज पुनःआकस्मिक रुपमा दिल्ली लगियो।वहाँको शीघ्र स्वास्थ्य लाभकोलागि भगवान संग प्रार्थना गर्दछु!,35,2,9,1498,181926
1.66379E+18,NC,BimalendraNidhi,Bimalendra Nidhi,5/31/2023,12:04:11,सम्माननीय राष्ट्रपति रामचन्द्र पौडेलद्वारा आज नागरिकता विधेयक प्रमाणिकरण भएकोमा हार्दिक स्वागत गर्दछु।बुवा र आमा दुबै जना नेपाली नागरिक भएर पनि सन्तानहरुले वर्षौं देखि नागरिकता नपाएको समस्या समाधान भएको छ। संसदीय लोकतंत्रको मान्यता र संविधान अनुसार संसदको सर्वोच्चता कायम भएको छ !,78,5,26,9595,181926
1.66352E+18,NC,BimalendraNidhi,Bimalendra Nidhi,5/30/2023,18:18:47,"पुर्व मंत्री,पुर्व सांसद,संविधानसभा सदस्य,केन्द्रीयसदस्य,महिलासंघकी पुर्व अध्यक्ष, राष्ट्रियता,लोकतन्त्र, समाजवादको लागि पटकपटक जेलयातना भोगेकी योद्धा,नेपाली काँग्रेसकी नेतृ,मीना पाण्डेको आज काठमाण्डुमा निधन भएको समाचारले स्तब्ध भएको छु। हार्दिक श्रद्धाञ्जली !
 परिवारमा सम्वेदना!",15,1,3,881,181926
1.66346E+18,NC,BimalendraNidhi,Bimalendra Nidhi,5/30/2023,14:21:17,"२०८० ज्येष्ठ १५ गते जनकपुरक‍ो रामजानकी स्टेडियममा महेन्द्र नारायण निधि राष्ट्रिय T-20 क्रिकेट प्रतियोगिताको उद्घाटन गरें।मधेसप्रदेश क्रिकेटसमिति, क्रिकेट एसोसिएसन नेपाल,मधेश प्रदेश सरकार,खेलाडी,खेल प्रमी, प्रशासन,पत्रकार र सबै सहयोगीहरु प्रति आभार!
गणतन्त्र दिवसको शुभकामना !!! https://t.co/G0bKAETPBZ",31,1,1,1052,181926
1.66297E+18,NC,BimalendraNidhi,Bimalendra Nidhi,5/29/2023,5:46:54,"आज १५ ओैं गणतन्त्र दिवस हो !!!सबै शहिदहरु प्रति हार्दिक श्रद्धाञ्जली व्यक्त गर्दछु। देश जनताको ह‍ो, देशको मालिक जनता हो, देशको सार्वभौम सत्ता जनतामा नीहित छ। हाम्रो गणतन्त्र संघिय लोकतांत्रिक शासन प्रणाली सहितको हो। यसको सफल कार्यान्वयनकोलागि थप संशोधन र कानुन निर्माणमा जुटौं!!!",47,3,15,4179,181926
1.66094E+18,NC,BimalendraNidhi,Bimalendra Nidhi,5/23/2023,15:28:45,"संसारमै सब भन्दा धेरैपटक, २८ ओैं पटक, सगरमाथाको आरोहण गर्न सफल हुनु भएको कामरितालाई धेरै धेरै  बधाई तथा शुभकामना छ!!!",26,1,1,1111,181926
1.66094E+18,NC,BimalendraNidhi,Bimalendra Nidhi,5/23/2023,15:23:29,"हरि बुढा मगरलाई धेरै धेरै बधाई छ !!!
अपांग भएर पनि वहाँले सगरमाथाको सफल आरोहण गर्नुभएको छ। ईच्छा शक्ति र लगन भए जस्तो सुकै अड्चन र बाधाको बाबजुद पनि लक्ष्य प्राप्त गर्न सकिन्छ भन्ने प्रमाणित गर्नुभएको छ। जीवन्त र अनुकरणीय उदाहरण !!!",34,3,4,1150,181926
1.65732E+18,NC,BimalendraNidhi,Bimalendra Nidhi,5/13/2023,15:10:27,"मेर‍ो नाम बाट fake फेसबुक कसैले चलाएको छ। मेरोआपत्ति छ।रिपोर्ट गरेको छु।बन्द होस्। 

Link:

https://t.co/xgF13UvtIB",16,1,1,1669,181926
1.65719E+18,NC,BimalendraNidhi,Bimalendra Nidhi,5/13/2023,7:07:38,"नेपाली काँग्रेसका नेता,कवि,साहित्यकार, लेखक पुरुषोत्तम बस्नेतको निधनको समाचार सुने पछि स्तब्ध भएक‍ो छु। विपी कोईराला,गणेशमान सिंह, किसुनजी,गिरजाबाबु, महेन्द्र  नारायण निधिको सानिध्य, पुरुषोत्तमजी आफ्नो पुस्ताको लिखित- अलिखित अध्याय हुनुहुन्थ्यो। हार्दिक श्रद्धाञ्जली !!!",26,0,4,1105,181926
1.65706E+18,NC,BimalendraNidhi,Bimalendra Nidhi,5/12/2023,22:14:11,घर परिवार र आफन्तबाट परतिक्त भएकाहरुको खुसहाल संसार ‘मानव सेवा आश्रम’ https://t.co/WVMSL9D7nP,25,1,1,982,181926
1.65524E+18,NC,BimalendraNidhi,Bimalendra Nidhi,5/7/2023,21:31:43,"लुम्बिनी घुम्दै आज साँझ काठमाण्डु मेरो निवासमा आउनुभएका भारत का चर्चित कलाकार अतुल तिवारी संग ईतिहास,राजनीति,धर्म, संस्कृति र उनले लेखेका, खेलेका, बनाएका फिल्महरु बारेमा रोचक चर्चा भयो। https://t.co/KiGcde2giH",39,0,2,1675,181926
1.6551E+18,NC,BimalendraNidhi,Bimalendra Nidhi,5/7/2023,12:43:41,"आज म र मेरी श्रीमती अनामिका, माननीय डा.चन्द्र भण्डारीलाई फ्रन्टलाईन अस्पतालमा भेट्दा ज्यादै खुशी देखिन्थे।धेरै सुधार भएको रहेछ।मुम्बईमा राम्रो उपचार भएको बताए।मेरो मित्र बृजेश त्रिपाठीले राम्रो केयर गरेको उनलेे र उनकी श्रीमतीले सुनाए।उनले देश र पार्टीको राजनीति बारे चिन्ता गरे। https://t.co/NBZRGkzssa",62,2,9,7721,181926
1.65433E+18,NC,BimalendraNidhi,Bimalendra Nidhi,5/5/2023,9:21:54,"बुद्धजयन्ती को पावन अवसरमा समस्त दिदीबहिनी दाजुभाई ईष्टमित्र साथी हरुमा हार्दिक शुभकामना !!!
 विश्व शान्ति कायम होस् !
सबैले शान्तिकालागि केही गरौं !!!",31,1,1,1266,181926
1.65377E+18,NC,BimalendraNidhi,Bimalendra Nidhi,5/3/2023,20:34:51,"नेपाली काँग्रेसका नवनियुक्त मंत्रीहरु धनराज गुरुङ, मोहन बस्नेत, डिक बहादुर लिम्बूलाई हार्दिक बधाई र कार्यकालको सफलताको शुभकामना !!!कांग्रेसका तीन जना मन्त्री नियुक्त https://t.co/ipnfrX8vUt",39,2,3,3204,181926
1.65319E+18,NC,BimalendraNidhi,Bimalendra Nidhi,5/2/2023,6:03:36,"हिजो विहान जनकपुरमा संचालित मानव सेवा आश्रम हेर्न गएँ। महान कार्य गरिहनु भएक‍ो छ
- सुमन वर्तौला,काव्या, लगायतका  टोलीले।सडकमा,वनमा,अनाथ भेटिएका,शारीरिक,मानसिकरुपले बीभत्स अवस्थामा रहेका महिला पुरुष बालबालिकाहरुलाई आश्रममा राखेर स्याहार गर्नु असली सेवा ह‍ो। अवश्य गएर हेर्नुस् !!!",29,0,2,1912,181926
1.65283E+18,NC,BimalendraNidhi,Bimalendra Nidhi,5/1/2023,5:59:16,आज अन्तर्राष्ट्रिय श्रमिक दिवस को शुभ अवसरमा नेपाल ट्रेड युनियन काँग्रेस र समस्त श्रमिक-मजदुर वर्ग प्रति हार्दिक बधाई तथा शुभकामना व्यक्त गर्दछु !!!,29,0,1,1540,181926
1.65268E+18,NC,BimalendraNidhi,Bimalendra Nidhi,4/30/2023,20:12:25,RT @DrShankarSharma: We are glad that Rt. Hon. President Shri @RcPaudelNepal has successfully completed his treatment and is going back to…,0,26,0,0,181926
1.65265E+18,NC,BimalendraNidhi,Bimalendra Nidhi,4/30/2023,18:26:16,सांसद चन्द्र भणडारी उपचार गराएर मुम्बईबाट आज काठमाण्डु फर्कन लाग्दा राष्ट्रवादी काँग्रेस पार्टी मुम्बई का सचिव र नेपालका सकृय हितैषी मेरो प्रिय मित्र बृजेश त्रिपाठीद्वारा विदाईको तस्बिर । तस्बिर हेर्दा खुसी लागेको छ। https://t.co/C5ysUWJP9K,62,2,0,1791,181926
1.65248E+18,NC,BimalendraNidhi,Bimalendra Nidhi,4/30/2023,6:45:05,https://t.co/Fle5wjCCgS,22,2,3,874,181926
1.65235E+18,NC,BimalendraNidhi,Bimalendra Nidhi,4/29/2023,22:28:24,आज २०८० वैशाख १६ गते शनिबार साँझ जनकपुरक‍ो जानकी मन्दिरमा जानकी जन्मजयन्तिक‍ो शुभअवसरमा हर्षबधाई कार्यक्रममा महंथ साधुसन्त नरनारी संगै म सपरिवार सहभागी भएको र सोनु निधिले भिडियोग्राफी गरेक‍ो। https://t.co/0DtwlenWUe,53,3,5,3019,181926
1.65235E+18,NC,BimalendraNidhi,Bimalendra Nidhi,4/29/2023,22:21:08,आज २०८० वैशाख १६ गते शनिवार साँझ जनकपुर जानकी मन्दिरमा जानकी नवमीको  शुभअवसरमा हर्षबधाईमा सपरिवार सहभागी हुँदाक‍ो सोनु निधिले गरेको भिडियो । https://t.co/AmIUZJtUsD,36,2,2,2284,181926
1.6521E+18,NC,BimalendraNidhi,Bimalendra Nidhi,4/29/2023,5:44:10,"सीता जन्म जयन्ती !
जानकी नवमी !!
प्रणाम !!!
शुभकामना !!!",42,2,5,2046,181926
1.65192E+18,NC,BimalendraNidhi,Bimalendra Nidhi,4/28/2023,18:00:01,"भारत,चित्रकुट तुलसीपीठ के स्वामी,जगतगुरु रामभद्राचार्य जी द्वारा नेपाल के जनकपुरधाम, बस-स्टैण्ड मे नवनिर्मित मन्दिर मे आज वि.सं. २०८० वैशाख १५ गते शुक्रबारके दिन भगवान महाबीर की  मुर्ति की प्राणप्रतिष्ठा समारोह मे,आयोजक श्री मनोज चौधरी के निमंत्रण पर, सहभागी हुआ।
जयजय सियाराम !!! https://t.co/CcXqKmZgum",24,2,2,1036,181926
1.65031E+18,NC,BimalendraNidhi,Bimalendra Nidhi,4/24/2023,7:07:53,"आज लोकतंत्रदिवस!
तत्कालीन राजा ज्ञानेन्द्रक‍ो ""कु""क‍ो विरोधमा संचालित नेपालीकाँग्रेस सहित सातदल र माओवादीक‍ो शान्तिपूर्ण आन्दोलनक‍‍‍ो परिणामस्वरूप विघटित संसदक‍‍ो पुनर्स्थापना,आन्दोलनकारीक‍ो सरकार,संविधानसभा र गणतन्त्रकोलागि मार्ग प्रशस्त भएक‍ो ऐतिहासिक दिन हो- 
सबैक‍ो जय होस्!!!",49,3,12,8163,181926
1.64959E+18,NC,BimalendraNidhi,Bimalendra Nidhi,4/22/2023,7:36:42,"EID MUBARAQ !!!
ईद मुबारक !!!",9,1,0,784,181926
1.6486E+18,NC,BimalendraNidhi,Bimalendra Nidhi,4/19/2023,13:38:49,"सम्माननीय राष्ट्रपति रामचन्द्र पौडेललाई उपचारकालागि आजबिहान काठमाण्डुबाट एअर एम्बुलेन्समा दिल्ली लगिएको छ। केहीदिन पहिले टिचिङ्ग अस्पतालमा भर्नाभई शीतल निवास फर्के पछि म भेटेक‍ो थिएँ। निम‍‍ोनियाको ओैषधि लिई रहक‍‍ो बताउनुभएको थियो।
वहाँक‍‍ो शीघ्र स्वास्थलाभक‍‍ो कामना गर्दछु।🙏",15,0,1,905,181926
1.64857E+18,NC,BimalendraNidhi,Bimalendra Nidhi,4/19/2023,11:42:42,२०३७ साल वैशाख ६ गते डिल्लिबजारमा आयोजित स्थापना दिवस कार्यक्रमक‍ो ऐतिहासिक फ‍ोटो। काँग्रेस सभापति आदरणीय श्री कृष्ण प्रसाद भट्टराई प्रमुख अतिथि।अध्यक्षता म विमलेन्द्र निधि।  नेविसंघका नेता यज्ञ बहादुर थापा बोल्दै। https://t.co/r57yGozLvN,41,6,0,1932,181926
1.64856E+18,NC,BimalendraNidhi,Bimalendra Nidhi,4/19/2023,11:30:11,"आज नेपाल विद्यार्थी संघक‍ो स्थापना दिवसक‍ो शुभ अवसरमा नेविसंघका तमाम पुर्व र वर्तमान विद्यार्थी साथीहरूलाई बधाई तथा शुभकामना !
नेपाल को प्रजातान्त्रिक र संघीय ल‍ोकतांत्रिक गणतन्त्रको लागि भएको सबै आन्दोलनमा अगुवा र निर्णायक भुमिकाको ईतिहास बोकेको विद्यार्थी संगठन - जिन्दावाद !!! https://t.co/8FzmySjVeL",36,3,3,1694,181926
1.64822E+18,NC,BimalendraNidhi,Bimalendra Nidhi,4/18/2023,12:52:44,"खिमलाल देवकोटाको यो लेख सबैले पढ्दा राम्रो हुन्छ। साह्रै उपयोगी छ। शान्ति कायम राख्ने र द्वन्द न फर्काउने  समाधान चाहनेहरुकोलागि
विशेष मननीय ।  https://t.co/cSygFaMu4I",19,3,0,2005,181926
1.64717E+18,NC,BimalendraNidhi,Bimalendra Nidhi,4/15/2023,15:10:44,"माननीय सांसद,प्रिय भाई चन्द्र भण्डारीको नया वर्ष २०८०को अवसरमा शुभकामना सन्देश  भिडियोमा आज हेरें सुनें। त्यसको एक घण्टा पछि उनक‍ो फ‍‍ोन नै आयो -शुभकामना आदानप्रदान भय‍ो।स्वास्थ्यमा चमत्कारिक सुधार पाएँ - बोलीबाट त बिरामी जस्तो लाग्दै लागेन।१०/१२ दिनमा आउछु भन्यो।ईच्छा शक्ति!🙏",81,2,5,5051,181926
1.64713E+18,NC,BimalendraNidhi,Bimalendra Nidhi,4/15/2023,12:27:29,वि.सं.२०८०वैशाख २ गते शनिबार https://t.co/HOw1XqmMQ2,31,2,2,1298,181926
1.64666E+18,NC,BimalendraNidhi,Bimalendra Nidhi,4/14/2023,5:25:05,"आज वि.सं.२०८० वैशाख १ गते शुक्रबार !
नया वर्षको पहिलो दिन !!
वर्षभरि नै तपाईंहरू सबैलाई सुख,शान्ति, प्रगतिक‍ो हार्दिक मंगलमय शुभकामना व्यक्त गर्दछु !!!",68,4,13,5029,181926
1.64531E+18,NC,BimalendraNidhi,Bimalendra Nidhi,4/10/2023,11:42:38,"दिल्लीमे 8 अप्रिल 2023कि सुबह, महारानीबाग स्थित विनीत सर्राफजी के निवास पर स्वामी श्री गोविन्द देव गिरि, श्री चम्पत राय, श्री राजेन्द्र सिंह पंकज, श्री विनीत सर्राफ के साथ भेंट क‌े वक्तका तस्वीर । https://t.co/FFtMLeWkiy",48,3,7,3430,181926
1.64175E+18,NC,BimalendraNidhi,Bimalendra Nidhi,3/31/2023,16:35:59,"नेपाली काँग्रेसबाट नव नियुक्त  उपप्रधानमन्त्री मा. पुर्ण बहादुर खड्का, मंत्रीहरु प्रकाश शरण महत, रमेश रिजाल, सीता गुरुङलाई हार्दिक बधाई तथा कार्यकालको सफलताकोलागि शुभकामना व्यक्त गर्दछु।
साथै, नव नियुक्त सबै मंत्रीहरुलाई हार्दिक बधाई एवं सफलताको शुभकामना छ।",50,6,43,1970,181926
1.64163E+18,NC,BimalendraNidhi,Bimalendra Nidhi,3/31/2023,8:16:19,"आफ्नै मथिङ्गलमा प्रश्न रोपेर,विद्वत नेपालीलाई प्रश्न दिएर प्रा.डा. विद्यानाथ कोइरालाले  ""धर्म,धम्म र धर्मनिरपेक्षता"" विषयमा गहन तुलनात्मक बहस चलाउनु भएको छ- आजको साप्ताहिक विमर्शमा।
""निर्वेद""को अवस्थिति र ""मोक्ष"" प्राप्तिको लक्ष्य संग तुलनात्मक ""सिन्थेसिस""गर्नु थप रोचक हुनेछ कि !",29,1,2,1408,181926
1.64123E+18,NC,BimalendraNidhi,Bimalendra Nidhi,3/30/2023,6:00:40,"आज राम नवमी !
राम जन्म दिन !!!
जय श्री राम !!! https://t.co/nCfI0Bi31C",52,3,59,3187,181926
1.64068E+18,NC,BimalendraNidhi,Bimalendra Nidhi,3/28/2023,17:43:35,"With my wife Anamika I Visited the Exibition of Coin &amp; Bank Notes Organized by Nepal Mudrak Sankalak &amp; Numismatic Society of Kolkata at Nepal Art Council,Kathmandu.
It says history of countries,deities, polity, economy,religion,culture  &amp; so manythings.
Thanks to Manjit &amp; Ujwal. https://t.co/ime1chLB63",48,1,3,2592,181926
1.78042E+18,NC,BinodKChaudhary,Binod Chaudhary,4/17/2024,8:14:59,शुभकामना 🙏 https://t.co/MS5qLFbAHs,72,0,7,4636,383435
1.77897E+18,NC,BinodKChaudhary,Binod Chaudhary,4/13/2024,8:16:27,RT @BinodKChaudhary: नेपाल युवा विश्वकै उत्कृष्टमा पर्छन् । उनीहरूका लागि काम गर्ने वातावरण बनाऔँ । स्टार्ट अप फण्डहरूलाई एकिकृत गरि प्रभाव…,0,13,0,0,383435
1.77897E+18,NC,BinodKChaudhary,Binod Chaudhary,4/13/2024,8:16:11,"RT @Ajaya__Sunuwar: कोहि काकतालीमा अब्बल बन्न सक्दैन,भए पनि टिकिरहन सक्दैन।
@BinodKChaudhary https://t.co/ylOBEXK14Q",0,1,0,0,383435
1.77881E+18,NC,BinodKChaudhary,Binod Chaudhary,4/12/2024,21:07:01,सम्पूर्णमा हार्दिक शुभकामना 🙏 https://t.co/kslnMlRM4i,174,3,13,6298,383435
1.77825E+18,NC,BinodKChaudhary,Binod Chaudhary,4/11/2024,8:13:48,शुभकामना 🙏 https://t.co/KkO97TQbAX,42,1,2,2713,383435
1.77717E+18,NC,BinodKChaudhary,Binod Chaudhary,4/8/2024,9:01:12,🙏 https://t.co/eyP5I0GFUU,120,1,8,5657,383435
1.77553E+18,NC,BinodKChaudhary,Binod Chaudhary,4/3/2024,20:18:45,RT @BinodKChaudhary: मैले निर्वाचनका बेला पश्चिम नवलपरासीको बर्दघाटमा ट्रमा सेन्टर स्थापना गर्ने प्रण गरेको थिएँ । अब त्यसले सार्थकता पाउन…,0,15,0,0,383435
1.77553E+18,NC,BinodKChaudhary,Binod Chaudhary,4/3/2024,20:18:33,RT @BinodKChaudhary: हामीले नेपालमा द्रुत गतिमा लगानी विस्तार गरिरहेका छौँ र त्यसबाट राष्ट्रिय अर्थतन्त्रमा अर्थपूर्ण योगदान पुग्नेछ भन्ने…,0,19,0,0,383435
1.77541E+18,NC,BinodKChaudhary,Binod Chaudhary,4/3/2024,12:32:29,"मैले निर्वाचनका बेला पश्चिम नवलपरासीको बर्दघाटमा ट्रमा सेन्टर स्थापना गर्ने प्रण गरेको थिएँ । अब त्यसले सार्थकता पाउन लागेको छ । शहरी विकास मन्त्रालय अन्तर्गतको सघन सहरी तथा भवन निर्माण योजना, चितवनले हिजो सो परियोजनाको ठेक्का आह्वान गरेसंगै ट्रमा सेन्टर निर्माण कार्य द्रुत गतिमा…",160,15,24,20804,383435
1.7744E+18,NC,BinodKChaudhary,Binod Chaudhary,3/31/2024,17:26:42,"मेरा आत्मीय मित्र, नबिल बैंक र सिबिफिनका अध्यक्ष उपेन्द्र पौडेलकि ममतामयी माता सोभना पौडेलको निधनको खबरले स्तब्ध भएको छु । स्वर्गीय माताप्रती हार्दिक श्रद्धाञ्जली अर्पण गर्दै बैकुण्ठबासको कामना गर्दछु । उपेन्न्द्रजीसहित शोकाकुल परिवारजनमा गहिरो समवेदना । https://t.co/zsyvC4uCO0",15,0,4,2039,383435
1.7732E+18,NC,BinodKChaudhary,Binod Chaudhary,3/28/2024,9:50:33,आजबाट यस वर्षको एसईई सुरु भएको छ । परीक्षामा सहभागी ५ लाख ४ हजार ४१४ जना बिद्धार्थी भाईबहिनीहरुमा हार्दिक शुभकामना एवं  उज्वल भविष्यको कामना गर्दछु। https://t.co/dIxp9tpXJH,96,4,6,4940,383435
1.77176E+18,NC,BinodKChaudhary,Binod Chaudhary,3/24/2024,10:44:50,शुभकामना https://t.co/3LnDto8rpE,124,2,5,5028,383435
1.77148E+18,NC,BinodKChaudhary,Binod Chaudhary,3/23/2024,15:47:01,RT @BeingNirvana: १८० वर्ष पहिले टाटा समूह भारतमा आयो । आज भारतीय अर्थतन्त्रमा ठूलो योगदान दिनुका साथै भारतका लागि गौरव बनेको छ यो व्यापारी…,0,55,0,0,383435
1.77148E+18,NC,BinodKChaudhary,Binod Chaudhary,3/23/2024,15:38:25,"RT @Chetan_Bhandary: 'तत्कालीन राजनीतिक स्वार्थसिद्ध गर्न जे जस्ता स्टण्टका कार्यहरु भैरहेका छन्, यसले यो मुलुकलाई कता लैजान्छ, एकपटक सबैले…",0,1,0,0,383435
1.76997E+18,NC,BinodKChaudhary,Binod Chaudhary,3/19/2024,11:41:22,"वरिष्ठ पत्रकार एबं १२ खरी मिडियाका प्रधान सम्पादक प्रतीक प्रधानका पूजनीय पिता, वरिष्ठ साहित्यकार परशु प्रधानज्यूको निधनको खबरले स्तब्ध भएको छु। प्रतीकजी सहित शोकाकुल परिवारजनमा गहिरो समवेदना व्यक्त गर्दछु । https://t.co/TF3bosJkc8",52,0,14,4116,383435
1.76795E+18,NC,BinodKChaudhary,Binod Chaudhary,3/13/2024,21:56:23,RT @BinodKChaudhary: Best Wishes 🙏 https://t.co/8X13nNwkAh,0,1,0,0,383435
1.76795E+18,NC,BinodKChaudhary,Binod Chaudhary,3/13/2024,21:56:03,RT @agyawali: युरोपमा Wai Wai @BinodKChaudhary https://t.co/4zo3G2AdXx,0,2,0,0,383435
1.76748E+18,NC,BinodKChaudhary,Binod Chaudhary,3/12/2024,14:48:17,शुभकामना 🙏 https://t.co/dFAPofwDcE,28,0,1,2302,383435
1.76597E+18,NC,BinodKChaudhary,Binod Chaudhary,3/8/2024,10:52:41,Best Wishes 🙏 https://t.co/8X13nNwkAh,33,1,0,3518,383435
1.76594E+18,NC,BinodKChaudhary,Binod Chaudhary,3/8/2024,9:19:08,Best Wishes https://t.co/x2yejfPvH3,49,0,3,2090,383435
1.76395E+18,NC,BinodKChaudhary,Binod Chaudhary,3/2/2024,21:09:28,RT @susmi927: चाउचाउ खादै गेम हेर्नुको मज्जा छुट्टै 🇳🇵🇳🇵🇳🇵 https://t.co/eqjn01IboU,0,4,0,0,383435
1.76345E+18,NC,BinodKChaudhary,Binod Chaudhary,3/1/2024,12:10:44,मैले एक बर्समा कमाउने त तपाईंले यहि  एउटै फिल्मबाट कमाउनुहुन्छ होला जस्तै छ त दयाहाङ जी।  हैट ! @dayahangrai https://t.co/rBLhhCCCk5,1174,80,106,98004,383435
1.75807E+18,NC,BinodKChaudhary,Binod Chaudhary,2/15/2024,16:08:27,"Warm birthday wishes to Shri @HardeepSPuri Ji!

Your unwavering dedication to transforming urban spaces and ensuring energy security in India has been an inspiration to many. https://t.co/U8z8mI0DTc",27,1,3,3614,383435
1.75757E+18,NC,BinodKChaudhary,Binod Chaudhary,2/14/2024,7:01:00,विद्याकी देवी सरस्वतीको पूजा आराधना गर्दै मनाईने विशेष पर्व सरस्वती पूजाको उपलक्ष्यमा यहाँहरू सम्पूर्णमा शुभकामना! https://t.co/XJNOW8H2xO,149,6,1,6312,383435
1.75661E+18,NC,BinodKChaudhary,Binod Chaudhary,2/11/2024,15:13:43,"RT @BinodKChaudhary: Our hero @nimsdai (Nims) 14 peaks fame is making #Nepal proud in everything he does! 
He is also the first person to c…",0,17,0,0,383435
1.75618E+18,NC,BinodKChaudhary,Binod Chaudhary,2/10/2024,10:54:16,RT @gssjodhpur: Pleased to meet Nepal’s parliamentarian &amp; philanthropist Shri Binod Chaudhary who paid me a courtesy visit at the Shram Sha…,0,150,0,0,383435
1.75612E+18,NC,BinodKChaudhary,Binod Chaudhary,2/10/2024,7:01:00,तामाङ समुदायको महत्वपूर्ण पर्व सोनाम ल्होसारको अवसरमा हार्दिक शुभकामना व्यक्त गर्दछु। https://t.co/HxtHMI7uwc,25,1,2,1885,383435
1.75595E+18,NC,BinodKChaudhary,Binod Chaudhary,2/9/2024,19:37:28,"Honored to meet Hon'ble Gajendra Singh Shekhawat, Minister of Jal Shakti in his office, New Delhi today to find a lasting solution on the flooding issues at Gandak river management system in Nepal.  Most encouraged by positive discussions held. @gssjodhpur https://t.co/9FI7ks83h9",69,2,2,5124,383435
1.75584E+18,NC,BinodKChaudhary,Binod Chaudhary,2/9/2024,12:09:32,"नेपाली काग्रेसका पुर्व सभापति, पूर्वप्रधानमन्त्री, नेपाली राजनितिका आदर्शवान नेता, संघीय लोकतान्त्रिक गणतन्त्र नेपालको संबिधान निर्माणका नेतृत्वकर्ता  स्व.शुशील कोईरालाज्यूको ८औ स्मृति दिवसको अवसरमा उहाँप्रति हार्दिक श्रद्धा सुमन अर्पण गर्दछु । https://t.co/3eDlPDUzWL",32,4,2,2911,383435
1.75483E+18,NC,BinodKChaudhary,Binod Chaudhary,2/6/2024,17:17:31,"मेरा परम मित्र, नेपाली कांग्रेसका केन्द्रिय सदस्य एवं पूर्वमन्त्री केशवकुमार बुढाथोकीको निधनको खवरले स्तब्ध भएको छु । स्वर्गीय बुढाथोकीप्रती हार्दिक श्रद्धाञ्जली अर्पण गर्दछु । साथै, परिवारजनमा गहिरो समवेदना ! https://t.co/qrj8qtCswO",35,2,4,3196,383435
1.75217E+18,NC,BinodKChaudhary,Binod Chaudhary,1/30/2024,9:23:41,देशमा लोकतन्त्र स्थापनाकालागि प्राण आहुति दिनुभएका महान सहिदहरुप्रति हार्दिक श्रद्धासुमन ! https://t.co/kMgSE8SPJJ,69,1,4,3698,383435
1.75178E+18,NC,BinodKChaudhary,Binod Chaudhary,1/29/2024,7:17:38,RT @SameerKc663750: @BinodKChaudhary वा वचन प्रति समर्पित कार्य लाई सार्थकता दिएकोमा हार्दिक नमन!एदि प्रत्येक नेतृत्वले यसैगरी आआफ्नो दाइ…,0,1,0,0,383435
1.75178E+18,NC,BinodKChaudhary,Binod Chaudhary,1/29/2024,7:16:49,RT @SameerKc663750: @BinodKChaudhary चाैधरी ग्रुपले खेल जगतमा त्यो पनि क्रिकेटको बिकास उत्थान र प्रगतिमा पुर्याएकाे अतुलनीय सहयोग र समर्थन…,0,1,0,0,383435
1.75129E+18,NC,BinodKChaudhary,Binod Chaudhary,1/27/2024,22:34:33,RT @BeingNirvana: Glimpses of today’s panel discussions on Branding. Sharing our Chairman’s vision on making our group and Wai Wai a global…,0,4,0,0,383435
1.75121E+18,NC,BinodKChaudhary,Binod Chaudhary,1/27/2024,17:48:23,आज मेरो निर्वाचन क्षेत्रका दुइवटा खेलकुद प्रतियोगिता उद्घाट्न गर्ने अवसर मिल्यो । प्रिय मित्र दिपक थापाको सक्रियतामा आयोजित पालडाडा कप फुटबल प्रतियोगिता र रास्ट्रपति रनिङशिल्ड खेलकुद प्रतियोगिता प्रतापपुर । नवलपरासी खेककुदमा अग्र स्थानमा रहदै आएको छ । यस्ता प्रतियोगिताले कुशल… https://t.co/FTlnrnezxD,36,1,3,3560,383435
1.75115E+18,NC,BinodKChaudhary,Binod Chaudhary,1/27/2024,13:19:36,हिजो सम्पन्न यू-१९ विश्वकप क्रिकेटको समुहचरणको खेलमा अफगानिस्तानलाई पराजित गर्दै नेपाली युवा टोलीले उक्त प्रतियोगिताको  'सुपर सिक्स' चरण प्रवेश गरेकोमा वधाई ज्ञापन गर्दै आगामी खेलको लागि शुभकामना व्यक्त गर्दछु । सधैं नेपाली क्रिकेटको पक्ष र विकासमा लागिरहेको वाइवाइ चाउचाउ आगामी… https://t.co/tGcLYvA5Ne,48,3,4,3739,383435
1.75108E+18,NC,BinodKChaudhary,Binod Chaudhary,1/27/2024,8:48:10,"नेपाली कांग्रेसको भ्रातृ संस्था नेपाल विद्यार्थी संघले यही माघ १३, १४ र १५ गते काठमाडौंमा आयोजना गर्न लागेको 'रोबोटिक वार' प्रतियोगिताको भव्य सफलताको शुभकामना । यस्ता प्रतियोगिताले नेपालमा खेल, मनोरञ्जन, सिर्जना र आविस्कारलाई एकमुष्ट प्रतिबिम्बित गर्दै वढावा समेत दिने मेरो… https://t.co/MNYus8BijA",23,5,3,2434,383435
1.75083E+18,NC,BinodKChaudhary,Binod Chaudhary,1/26/2024,16:11:36,मेरो निर्वाचन क्षेत्र पश्चिम नवलपरासीको बर्दघाटमा आज नमुना औधोगीक ग्रामको शिलान्यास भएको छ । निर्वाचनको समयमा मैले यहाँ नमुना औधोगीक ग्राम स्थापना गरि युवा उद्यमशिलतालाई प्रवर्धन गर्ने र स्थानीय तहमै रोजगारी श्रृजना गर्ने प्रतिवद्धता जनाएको थिएँ । एक बर्षमा यो महत्वपूर्ण कामलाई… https://t.co/KYlDnCfoCk,106,4,7,8517,383435
1.75078E+18,NC,BinodKChaudhary,Binod Chaudhary,1/26/2024,13:19:09,आज हाम्रो पार्टी नेपाली कांग्रेसको ७८ औं स्थापना दिवस। देशमा लोकतन्त्र स्थापना र नागरिकको स्वतन्त्रताको संघर्षमा हामीले लामो समय बिताउनुपर्यो। अब समृद्धिको संकल्प लिएर अगाडि बढ्ने बेला आएको छ। कांग्रेसकै नेतृत्वमा आर्थिक समृद्धि सम्भव छ। जय नेपाल ! https://t.co/D1DExSIudL,34,3,6,3010,383435
1.75075E+18,NC,BinodKChaudhary,Binod Chaudhary,1/26/2024,10:51:44,"नेपाली काग्रेसका नेता एवं गण्डकी प्रदेशका पूर्व मुख्यमन्त्री कृष्णचन्द्र नेपाली, नेता रामचन्द्र पोखरेल, योजना आयोगका पूर्व उपाध्यक्ष डा. जगदीशचन्द्र पोखरेल र  सुवाशचन्द्र पोखरेलकि ममतामयी आमा द्रौपदा पोखरेलको निधनको खवरले स्तब्ध भएको छु । स्वर्गीय आमाप्रती हार्दिक श्रद्धाञ्जली… https://t.co/E2ftEA7VQM",12,0,3,1312,383435
1.75055E+18,NC,BinodKChaudhary,Binod Chaudhary,1/25/2024,21:51:14,राष्ट्रिय सभामा निर्वाचित हुनुभएका नेता कृष्णप्रसाद सिटौलासहित सम्पूर्णलाई हार्दिक बधाई एवम् सफल कार्यकालको शुभकामना ! https://t.co/btp77fYMJB,11,0,6,2796,383435
1.75033E+18,NC,BinodKChaudhary,Binod Chaudhary,1/25/2024,7:01:00,आजदेखि श्री स्वस्थानी व्रतकथा प्रारम्भ भएको छ। श्री स्वस्थानी माताको कोटि कोटि प्रणाम ! https://t.co/ivyVuTvANH,68,1,4,2873,383435
1.75007E+18,NC,BinodKChaudhary,Binod Chaudhary,1/24/2024,13:42:33,प्रिय मित्र चन्द्रप्रसाद ढकालजी  नेपाल बचत तथा ऋण केन्द्रीय सहकारी संघको अध्यक्ष पदमा निर्वाचित हुनुभएकोमा उहाँलाई हार्दिक वधाई एवं सफल कार्यकालको शुभकामना ! https://t.co/4Xy9a5yGhr,60,0,7,4758,383435
1.74962E+18,NC,BinodKChaudhary,Binod Chaudhary,1/23/2024,8:16:27,RT @BeingNirvana: CG Motors forms a strategic alliance with Hero Motocorp 🙏 @HeroMotoCorp @CGMOTORSPVTLTD https://t.co/PtEJNv55TH,0,3,0,1,383435
1.74949E+18,NC,BinodKChaudhary,Binod Chaudhary,1/22/2024,23:41:29,"RT @BinodKChaudhary: Jai Shree Ram! 🚩 Today marks the historic 'Pran Pratistha' Ceremony at Ram Mandir, Ayodhya. Shashwat Dham echoes with…",0,3,0,0,383435
1.74945E+18,NC,BinodKChaudhary,Binod Chaudhary,1/22/2024,20:51:00,"Jai Shree Ram! 🚩 Today marks the historic 'Pran Pratistha' Ceremony at Ram Mandir, Ayodhya. Shashwat Dham echoes with divine fervor as priests and Gurukul students join in sacred celebrations. A momentous day after 500 years of anticipation. 🙏 #RamMandir… https://t.co/RIHiZtxsk7",75,3,0,4465,383435
1.74914E+18,NC,BinodKChaudhary,Binod Chaudhary,1/22/2024,0:34:29,"Thrilled to discuss the joyous week-long celebration at CG Shashwat Dham in honor of the #PranPratishtha at #RamMandir, #Ayodhya, strengthening the cultural ties between India and Nepal. A festive extravaganza that radiates joy and unity! 🎉

@ndtvindia @ndtv @ndtvfeed… https://t.co/20S4mQClHV",112,6,8,9254,383435
1.74861E+18,NC,BinodKChaudhary,Binod Chaudhary,1/20/2024,13:22:23,"Warm birthday greetings to India's National Security Advisor Shri Ajit Doval. Wishing him a long and healthy life to continue his exemplary service to the nation.
#AjitDoval #NSA https://t.co/hYUm9hDPxh",12,0,2,1953,383435
1.74821E+18,NC,BinodKChaudhary,Binod Chaudhary,1/19/2024,10:45:00,RT @BeingNirvana: Being the first Nepali from private sector to speak at the Davos Main Panel on Alpine Economies. 🙏 Link: https://t.co/rt6…,0,5,0,0,383435
1.74798E+18,NC,BinodKChaudhary,Binod Chaudhary,1/18/2024,19:47:26,"Heartfelt congratulations to the newly elected Prime Minister of Bhutan, our dear friend Tshering Tobgay!  His visionary #leadership is set to elevate #Bhutan to new heights, aligning with His Majesty's dreams for the nation. Our family extends sincere wishes for a prosperous… https://t.co/0Xvr4ri6xJ",34,0,5,3541,383435
1.74798E+18,NC,BinodKChaudhary,Binod Chaudhary,1/18/2024,19:40:12,"Day 3 at Shashwat Dham. The spiritual vibrations intensify with Yagya, Puja, and cultural festivities, paving the way for the historic 'Pran Pratishtha' at #RamMandir in #Ayodhya.

#JaiShreeRam @ShashwatDham @foundation_cg https://t.co/xuVoVIYuuL",26,1,4,2129,383435
1.74772E+18,NC,BinodKChaudhary,Binod Chaudhary,1/18/2024,2:33:32,"Day 2 at Shashwat Dham – a symphony of devotion unfolds as priests and Gurukul students weave prayers into the air. Join us on this sacred journey, anticipating the historic 'Pran Pratishtha' at Ram Mandir in Ayodhya. 🙏 #ShashwatDham #PranPratishtha #RamMandir #Ayodhya… https://t.co/VhFO9sfYJy",25,2,3,2809,383435
1.74757E+18,NC,BinodKChaudhary,Binod Chaudhary,1/17/2024,16:18:41,"RT @kitab_yatra: ORDER NOW !!

अर्डरका लागी आफ्नो विवरण किताब यात्रामा पठाउन सक्नुहुनेछ।
अधिक जानकारीका लागि : ०१-५२४५०८८

Author: Binod Ch…",0,3,0,0,383435
1.7473E+18,NC,BinodKChaudhary,Binod Chaudhary,1/16/2024,22:37:02,RT @BinodKChaudhary: @ShashwatDham  resonates with divine fervor! 🕊️✨ As we eagerly await the historic 'Pran Pratishtha' at #RamMandir in #…,0,1,0,0,383435
1.74712E+18,NC,BinodKChaudhary,Binod Chaudhary,1/16/2024,10:33:44,"हामीले नेपालमा द्रुत गतिमा लगानी विस्तार गरिरहेका छौँ र त्यसबाट राष्ट्रिय अर्थतन्त्रमा अर्थपूर्ण योगदान पुग्नेछ भन्नेमा हाम्रो विश्वास छ
Details: 👇
https://t.co/M0HUpHnfBj https://t.co/NSyrIQ3nEZ",225,19,55,101937,383435
1.74691E+18,NC,BinodKChaudhary,Binod Chaudhary,1/15/2024,20:47:41,RT @BeingNirvana: Almost 30 years after my father came to the most prestigious event at Davos for the World Economic Forum as a Global Lead…,0,6,0,0,383435
1.74679E+18,NC,BinodKChaudhary,Binod Chaudhary,1/15/2024,12:47:45,माघे सङ्क्रान्ति तथा थारू समुदायको नयाँ वर्ष 'माघी पर्व'को उपलक्ष्यमा यहाँहरू सम्पूर्णमा हार्दिक शुभकामना व्यक्त गर्दछु। https://t.co/TrGDJJCg9L,63,1,3,2829,383435
1.74163E+18,NC,BinodKChaudhary,Binod Chaudhary,1/1/2024,7:01:00,Wishing all of you a very joyful new year ahead. May the coming year be the most amazing year so far in your life. May you successfully fulfill your goals and follow your new year resolutions throughout the year.  #HappyNewYear2024 https://t.co/VXpDuoqi6K,30,1,2,2039,383435
1.74163E+18,NC,BinodKChaudhary,Binod Chaudhary,1/1/2024,6:46:03,"RT @SameerKc663750: @BinodKChaudhary अन्य धर्म,संस्कृति,संस्कार र परम्परा लाई ह्रदयदेखि सम्मान गर्दै मुक्त रूपले दम्पती सहित विश्वकाे धन्ना…",0,1,0,0,383435
1.74145E+18,NC,BinodKChaudhary,Binod Chaudhary,12/31/2023,19:17:53,"Celebrating the arrival of New Year 2024 alongside incredible voters and supporters who showered me with their love, affection, and invaluable votes. Being with them is more important than partying in fancy resorts. I could've chosen luxury, but celebrating with my local… https://t.co/cq2HdU1rvE",124,3,6,7226,383435
1.74132E+18,NC,BinodKChaudhary,Binod Chaudhary,12/31/2023,10:28:24,"कान्तिपुर दैनिकमा निर्माण पर्खिरहेको पुल शीर्षकमा सुस्ता पारी जोड्ने झोलुङ्गे पुलको तस्वीर छापिएको देखें । र, उक्त पुलको हिजो खिचेको तस्वीर पनि यहाँ सेयर गर्न चाहें। पश्चिम नवलपरासीबाट म निर्वाचित भएपछि पुल निर्माण सम्पन्न गर्न निरन्तर गरिएको प्रयास स्वरूप अहिले पुलको निर्माण… https://t.co/7dQ5Q5ixYK",172,4,18,29643,383435
1.74127E+18,NC,BinodKChaudhary,Binod Chaudhary,12/31/2023,7:01:00,गुरुङ समुदायले पुरानो वर्षलाई बिदाइ गरी नयाँ वर्षलाई स्वागत गर्न मनाउने महान चाड तमु ल्होसारको उपलक्ष्यमा यहाँहरू सम्पूर्णमा हार्दिक शुभकामना व्यक्त गर्दछु। https://t.co/xsReVqEexI,24,0,0,2310,383435
1.74027E+18,NC,BinodKChaudhary,Binod Chaudhary,12/28/2023,12:44:59,"Deeply saddened by the loss of my very good friend and talented actor #SajidKhan, renowned as Birju from the iconic film #MotherIndia.

My heartfelt condolences to his family during this challenging time. https://t.co/hSgkq6pWH2",24,1,2,3225,383435
1.74025E+18,NC,BinodKChaudhary,Binod Chaudhary,12/28/2023,11:49:24,"Heartiest birthday greetings to the legendary Shri Ratan Tata ji. Wishing you a long life and good health!

Your Leadership, Philanthropy, and Vision have been an inspiration to us all. @RNTata2000 @TataCompanies https://t.co/YGo9a93LYs",33,1,0,1638,383435
1.73989E+18,NC,BinodKChaudhary,Binod Chaudhary,12/27/2023,11:57:11,"Wishing a very Happy Birthday to the 'Dabbang' of Bollywood, @BeingSalmanKhan! May your day be as grand and spectacular as your performances.   

#HappyBirthdaySalmanKhan https://t.co/Wi9S0Z46yg",1758,555,11,19445,383435
1.7395E+18,NC,BinodKChaudhary,Binod Chaudhary,12/26/2023,10:04:00,नेपाल उद्योग परिसंघ (CNI) स्थापनादेखि आजको अवस्थासम्म ल्याइपुर्याउन मैले गरेको योगदानको सम्मान गर्दै CNI कोशी प्रदेश कार्यसमितिले सम्माननीय राष्ट्रपतिकोज्यूबाट मलाई सम्मान गरेकोमा धेरै धेरै धन्यवाद । हामी सबै मिलेर यो सुन्दर देशलाई समृद्धिको बाटोमा लैजानुछ। शुभ दिन 🙏 https://t.co/JXFMsVW7he,28,0,2,1813,383435
1.73946E+18,NC,BinodKChaudhary,Binod Chaudhary,12/26/2023,7:06:00,किराँत समुदायको महत्वपूर्ण पर्व उधौलीको अवसरमा यहाँहरू सम्पूर्णमा शुभकामना व्यक्त गर्दछु। https://t.co/4llRfvaBq5,39,2,1,3197,383435
1.73945E+18,NC,BinodKChaudhary,Binod Chaudhary,12/26/2023,7:01:00,यःमरि पुन्हिको अवसरमा यहाँहरू सम्पूर्णमा शुभकामना। https://t.co/wyMyq7boD5,45,2,3,2924,383435
1.73909E+18,NC,BinodKChaudhary,Binod Chaudhary,12/25/2023,7:01:00,Merry Christmas! https://t.co/CgMfKu59TY,29,1,1,1594,383435
1.73698E+18,NC,BinodKChaudhary,Binod Chaudhary,12/19/2023,10:50:54,"Of late, Chaudhary is more involved in politics. He has turned to full-time politics by handing over the reins of the business empire that he built on the foundation created by his father to his sons.
https://t.co/8vlMzvZxFY",31,2,2,2741,383435
1.73626E+18,NC,BinodKChaudhary,Binod Chaudhary,12/17/2023,11:06:36,"Deeply saddened to hear the passing of the Emir of Kuwait, H.H. Sheikh Nawaf Al Ahmad Al Jaber Al Sabah.

Our heartfelt condolences to his family and to the Government and the people of the State of Kuwait. https://t.co/OI8FiHJkF2",17,0,0,2078,383435
1.73442E+18,NC,BinodKChaudhary,Binod Chaudhary,12/12/2023,9:17:21,"The very definition of larger than life!

Wishing the epitome of charisma, and the inspiration of millions, Superstar @rajinikanth a Very Happy Birthday! https://t.co/KrYO0xvCl4",332,6,25,15163,383435
1.73266E+18,NC,BinodKChaudhary,Binod Chaudhary,12/7/2023,12:48:03,RT @kedarfujel: निर्वाण चौधरीको गम्भीर आरोप - एनसेल काण्डमा मुछिएकाहरूले नै सीजी टेलिकमलाई रोकिरहेका छन्  @BeingNirvana @BinodKChaudhary ht…,0,3,0,1,383435
1.73235E+18,NC,BinodKChaudhary,Binod Chaudhary,12/6/2023,16:42:57,RT @csapkota: आज यता नेपालको पनि झण्डा भएको रिसोर्टमा - The Farm at San Benito. @BinodKChaudhary https://t.co/GtyeW447DA,0,1,0,2,383435
1.7322E+18,NC,BinodKChaudhary,Binod Chaudhary,12/6/2023,6:45:10,"RT @PaudyalBR: It's time to say thank you to all seniors, friends, colleagues, well-wishers, GoN, and Nepali people for the opportunity to…",0,9,0,1,383435
1.7319E+18,NC,BinodKChaudhary,Binod Chaudhary,12/5/2023,10:38:35,"Always grateful H.E. The President of Srilanka, Ranil Wickeramasinghe @RW_UNP for your extraordinary support and goodwill to expand our presence in Srilanka. Happy to be part of the proposed trust in promoting the Srilankan temple in Lumbini,  working together on philanthropy.… https://t.co/RIL6OsIaD1",91,2,5,9425,383435
1.7304E+18,NC,BinodKChaudhary,Binod Chaudhary,12/1/2023,7:01:00,"World AIDS Day is celebrated on December 1 every year to raise awareness and to end AIDS by 2030. In the meantime, let’s show kindness and empathy to those living with HIV. They can have a longer and better life if we support them with love and care. #WorldAIDSDay https://t.co/bbcFkhQB81",19,3,1,1767,383435
1.72973E+18,NC,BinodKChaudhary,Binod Chaudhary,11/29/2023,11:01:25,"Deeply saddened by the passing of Charlie Munger, a visionary mind in the world of finance &amp; investment. His wisdom and sharp intellect left an indelible mark on the world of finance. 
Condolences to family, friends, and admirers.
#FinanceVisionary #InvestmentLegend #WisdomLegacy https://t.co/Te7MNXhxoZ",13,0,1,1488,383435
1.72905E+18,NC,BinodKChaudhary,Binod Chaudhary,11/27/2023,13:57:48,नेपाली कांग्रेस नवलपुरको प्रथम जिल्ला अधिवेशन सफलताको शुभकामना व्यक्त गर्दछु। देशमा नागरिक अधिकार स्थापना गर्न निरन्तर नेतृत्व गरेको कांग्रेसले अब मुलुकमा आर्थिक समृद्धिको नेतृत्व गर्नुछ । यसका लागि हाम्रा कार्यक्रम र कार्यशैलीमा पनि परिवर्तन आवश्यक छ । जय  नेपाल https://t.co/JTJUw1MFh3,45,3,6,2971,383435
1.7275E+18,NC,BinodKChaudhary,Binod Chaudhary,11/23/2023,7:01:00,कार्तिक शुक्ल एकादशीका दिन मनाइने हरिबोधनी एकादशी (ठूली एकादशी) को अवसरमा यहाँहरू सम्पूर्णमा शुभकामना व्यक्त गर्दछु। आज नेपालका विभिन्न धार्मिक स्थलहरुमा भक्तजनहरुको ठूलो मेला लाग्ने गर्दछ। https://t.co/SyziQ9Rpew,76,10,55,4192,383435
1.72623E+18,NC,BinodKChaudhary,Binod Chaudhary,11/19/2023,19:01:45,छठ पर्वको अवसरमा आज नवलपरासी जिल्लाका विभिन्न जलासय घाटहरुमा आयोजित पूजा कार्यक्रममा सहभागी हुने अवसर मिल्यो । अस्ताउँदो सूर्य र भोलिपल्ट बिहान उदाउँदो सूर्यलाई अर्घ दिएर मनाइने छठ पर्वले सूर्य र जलको शक्ति र महत्त्व झल्काउने गर्दछ । मेरोतर्फबाट फेरि पनि सम्पूर्ण भक्तजनहरूमा असिम… https://t.co/vDJ0MXstdu,33,1,1,2590,383435
1.72605E+18,NC,BinodKChaudhary,Binod Chaudhary,11/19/2023,7:01:00,तराई क्षेत्रमा बसोबास गर्ने नेपालीले अति श्रद्धाका साथ सूर्य देवता र छठ माताको पूजा आराधना गरी मनाउने पवित्र पर्व छठको अवसरमा यहाँहरू सबैमा हार्दिक मंगलमय शुभकामना व्यक्त गर्दछु। https://t.co/QP5UzB7sdC,101,2,1,5814,383435
1.72582E+18,NC,BinodKChaudhary,Binod Chaudhary,11/18/2023,15:59:33,आज मेरो निर्वाचन क्षेत्रमा थारु समुदायका अगुवाहरुसङ्ग छलफल भयो ।  थारु समुदायको उत्थान र उनीहरुको समग्र समस्याका बारेमा गहन छलफल भएको छ। उहाँहरुले उठाउनुभएका विषय सम्बोधनका लागि संसद र सरोकारवाला निकायमा गम्भीर रुपमा उठान गर्नेछु। https://t.co/uFQsoTZGk4,75,1,7,6038,383435
1.72472E+18,NC,BinodKChaudhary,Binod Chaudhary,11/15/2023,14:56:26,"RT @chaudharygroup: Proud moment for CG Corp Global! Our dynamic leader, Mr. Rahul Chaudhary, Managing Director of CG Corp and CEO of CG Ho…",0,3,0,0,383435
1.7246E+18,NC,BinodKChaudhary,Binod Chaudhary,11/15/2023,7:01:00,नेपालीहरूको दोस्रो महान चाड तिहारको मुख्य तथा अन्तिम दिन भाईटिकाको अवसरमा यहाँहरू सबैलाई मंगलमय शुभकामना। https://t.co/pLOJ0uIEar,37,0,1,3216,383435
1.72442E+18,NC,BinodKChaudhary,Binod Chaudhary,11/14/2023,19:32:25,"Deeply saddened by the demise of Mr. PRS Oberoi, Chairman Emeritus of the Oberoi Group.

His legacy will be forever remembered &amp; cherished. My heartfelt condolences to his family &amp; the entire @OberoiHotels Group. https://t.co/tlzyJGCMM3",31,2,2,3883,383435
1.72429E+18,NC,BinodKChaudhary,Binod Chaudhary,11/14/2023,10:31:47,न्हूदँया भिंतुना: नेपाल  संवत ११४४ को सबैमा हार्दिक शुभकामना ।,23,1,1,2885,383435
1.72401E+18,NC,BinodKChaudhary,Binod Chaudhary,11/13/2023,16:05:31,"Honored to share insights at the Tatler GenT Summit in Hong Kong, a robust and global forum. Discussed the art of building an organization through succession for perpetuity. Proud to collaborate on this insightful journey with my son, Nirvana Chaudhary.  The journey of continuity… https://t.co/LrLw25Z826",24,0,2,2720,383435
1.72398E+18,NC,BinodKChaudhary,Binod Chaudhary,11/13/2023,14:01:46,"RT @BinodKChaudhary: Embracing the festive glow with my beloved family this Diwali! 🪔 Thank you all for the heartfelt Diwali wishes, your k…",0,3,0,0,383435
1.72398E+18,NC,BinodKChaudhary,Binod Chaudhary,11/13/2023,14:00:22,"Embracing the festive glow with my beloved family this Diwali! 🪔 Thank you all for the heartfelt Diwali wishes, your kindness brightened our celebrations.  #DiwaliCelebration #FamilyTogetherness https://t.co/VcUBrxWwWA",73,3,7,4590,383435
1.72376E+18,NC,BinodKChaudhary,Binod Chaudhary,11/12/2023,23:48:45,RT @BhismaK62: मदन दाइ र हरिवंश दाइ अघि बिनोद @BinodKChaudhary दाइ गाउदै!!😍😍 @BeingNirvana को ट्वीट रैछ!! But you sang pretty well !!,0,2,0,1,383435
1.72354E+18,NC,BinodKChaudhary,Binod Chaudhary,11/12/2023,8:47:44,RT @SameerKc663750: @BinodKChaudhary हाम्रो तर्फबाट बाट पनि हजुर लगायत सम्पूर्ण परिवारमा हार्दिक मंगलमय शुभकामना अर्पण गर्दै समृद्धि काे सफ…,0,1,0,1,383435
1.72351E+18,NC,BinodKChaudhary,Binod Chaudhary,11/12/2023,7:01:00,"धनधान्यकी देवी लक्ष्मीको पूजा आराधना गरी, घरघरमा दीपावली गरेर श्रद्धापूर्वक मनाईने पर्व लक्ष्मीपूजाको अवसरमा सम्पूर्णमा शुभकामना व्यक्त गर्दछु। https://t.co/d9aCpl6ZKV",134,7,41,7709,383435
1.72318E+18,NC,BinodKChaudhary,Binod Chaudhary,11/11/2023,8:59:23,"Thrilled to engage in a thoughtful book exchange with the brilliant mind behind 'Another Sort of Freedom,' @gurcharandas , and the insightful @Sujeevshakya, author of several impactful books. Personally signed copies shared, including my own 'Making It Big.' Gratitude for… https://t.co/EmrUAt8dhl",31,2,0,3132,383435
1.72299E+18,NC,BinodKChaudhary,Binod Chaudhary,11/10/2023,20:52:25,RT @sujeevshakya: Wonderful moments to see two @PenguinIndia authors sign and exchange books. @BinodKChaudhary and @gurcharandas https://t.…,0,2,0,0,383435
1.72217E+18,NC,BinodKChaudhary,Binod Chaudhary,11/8/2023,13:58:38,RT @gautam_adani: It was truly an honour to meet His Majesty King of Bhutan Jigme Khesar Namgyel Wangchuck. It was nice to hear his vision…,0,1078,0,1,383435
1.72175E+18,NC,BinodKChaudhary,Binod Chaudhary,11/7/2023,10:37:32,चौधरी फाउण्डेसनले भूकम्पबाट घर गुमाउनु भएका पश्चिम रूकुम चौर जहारी नगरपालिका ५० परिवारका लागि ट्रान्जिसनल सेल्टर निर्माण गर्ने निर्णय लिएको छ । चौधरी फाउण्डेसनका प्रतिनिधि र उक्त नगरपालिकाका मेयर पुष्प बादीबीच आज विहानको बैठकबाट यो सहमति भएको हो ।  फाउण्डेसनले नगरपालिकासँगको… https://t.co/XrwsfcrIYI,366,21,63,50415,383435
1.72079E+18,NC,BinodKChaudhary,Binod Chaudhary,11/4/2023,19:09:29,"कर्णालीको भूकम्पका बारेमा आज मैले जाजरकोटका सिडियोसँग छलफल गरेँ । उहाँले तत्काल खाद्यान्न, त्रिपाल र ब्लाङ्केट खाँचो रहेको जानकारी दिनु भएको छ । चौधरी फाउण्डेसनको टिम जाजरकोट पुगेर खाद्यान्न वितरण शुरू गरिसकेको छ । भोली खाद्यान्न, त्रिपाल, ब्लाङ्केट लगायतका सामाग्री भूकम्प…",633,25,75,86076,383435
1.7201E+18,NC,BinodKChaudhary,Binod Chaudhary,11/2/2023,21:00:51,"RT @SubasTheOne_: विश्वकप पुगे सहयोग गर्छौँ, फाइनल पुगे थप पैसा दिन्छौं, नत्र दिदैनौ?
विश्वकप पुगे त क्यानलाई आइसीसीले नै थप सहयोग र आर्थिक…",0,30,0,3,383435
1.72009E+18,NC,BinodKChaudhary,Binod Chaudhary,11/2/2023,20:21:40,RT @BeingNirvana: Thank you for the clarification. I urge people not to spread rumours and politicise our beautiful game and team of 🇳🇵 cri…,0,23,0,6,383435
1.78054E+18,NC,chandra_1961,Chandra Bhandari,4/17/2024,15:51:39,सात बर्ष पहिलेको फोटो ।माझी गाउ उल्लीखोला । https://t.co/KrZ3FK6U7u,115,4,3,2368,43905
1.78041E+18,NC,chandra_1961,Chandra Bhandari,4/17/2024,7:39:27,राजनीतिले कुन विउ दिमागमा रोपी दिन्छ भन्ने कुरा सबै भन्दा महत्वपूर्ण हो !!! हाम्रो देशमा नेताहरुले जुन विउ रोपे पनि त्यसबाट हुर्केका विरुवाहरु ले  द्वन्द्वलाई बढावा दिने खालका छन । जसले देशलाई जिम्मेवार अभिभावक दिन सक्दैन !!!,59,2,2,2195,43905
1.77933E+18,NC,chandra_1961,Chandra Bhandari,4/14/2024,7:56:13,"बधाई नेपाली खेलाडी लाई !!!
क्या सान र मान !!! दीपेन्द्र सिंह ऐरीले प्रहार  गर्नु भयो एक ओभरमा ६ छक्का !!! बधाई दीपेन्द्र जी लाई !!! https://t.co/QUDAKfSsmU",154,2,1,2408,43905
1.77899E+18,NC,chandra_1961,Chandra Bhandari,4/13/2024,9:01:50,https://t.co/9jjW4zplgS,368,6,33,7835,43905
1.77881E+18,NC,chandra_1961,Chandra Bhandari,4/12/2024,21:04:37,नया बर्षको मंगलमय शुभकामना !!! https://t.co/pcPJRIU12S,400,10,33,7365,43905
1.77859E+18,NC,chandra_1961,Chandra Bhandari,4/12/2024,7:07:42,कती रमाईला थिए ति दिन फेसबुकले सम्झाई रहन्छ!!! “ भुल्न दिन्न मैले सम्झने काम तिम्रो हो !!!” https://t.co/AP1396amib,232,4,10,6240,43905
1.77824E+18,NC,chandra_1961,Chandra Bhandari,4/11/2024,7:30:53,बदलौं आफैबाट !!! https://t.co/y5evwPsftJ,134,17,76,20332,43905
1.77805E+18,NC,chandra_1961,Chandra Bhandari,4/10/2024,19:02:48,भेटमा कमी !!! सम्मान र आदरमा कमी छैन मेरो !!! https://t.co/OUQ3wjlAFQ,188,2,14,17146,43905
1.77786E+18,NC,chandra_1961,Chandra Bhandari,4/10/2024,6:18:48,"जहाँ सच्चाइ हुँदैन
सत्यलाई कसरी चिन्ने?
जसभित्र करूणा छैन 
उसले समवेदना 
कसरी बुझ्ने ?
जहाँ बुख्याचा  
ठडिएका छन्
तिनलाई  
मनुष्य कसरी भन्ने ? 
सत्य त शाश्वत हुन्छ
नास्तिकता धर्म भएपछि
मन्दिरको दर्शनले के हुने ?
मृत्युको सत्यलाई 
स्वीकार गर्न नसक्नेलाई
देउताले पनि के गर्ने?",122,19,3,3053,43905
1.77716E+18,NC,chandra_1961,Chandra Bhandari,4/8/2024,8:06:54,बैज्ञानिक महाबीर पुन किताब बेच्न सडकमा संघर्ष गरी राख्नु भएको छ।निश्चैपनि कुनै कामको लागि आर्थिक समस्या भएको मैले महसुस गरेको छु।नेपालको पहिचान बन्नु भएका आर्दश पुनजी लाई सरकारले के गर्नु पर्यो भनेर कुरा गर्न सक्दैन र ? कति दिन भयो उहाको सडक यात्रा ? के राज्य मुखदर्शक मात्र हो ? https://t.co/Y1tUZL00Ew,398,35,42,12871,43905
1.77646E+18,NC,chandra_1961,Chandra Bhandari,4/6/2024,10:00:14,धन्यवाद !!! https://t.co/nAB5ENBhGA,215,24,19,12597,43905
1.77534E+18,NC,chandra_1961,Chandra Bhandari,4/3/2024,7:31:01,"के बुझेको छु र म
 जहाँ ;  म बुझाउन सक्दिन !!!
 कहाँ ; हिड्छु र;  म 
पुग्न सक्दिन ।
कसको विस्वास गरूँ  म;
 विश्वस मरेपछि; 
कुन समयको प्रतिक्षा गरूँ;
समय टरेपछि; 
बन्दी बन्न सक्दिन 
अधिकारका लागी लडेपछि; 
म हराइरहेको; छु
मन हराएको छैन !!!
सबैलाई भुलेको छु 
तर देशलाई भुलेको छैन !!!",102,5,4,2392,43905
1.77462E+18,NC,chandra_1961,Chandra Bhandari,4/1/2024,7:36:47,फुटवलमा मात्रै होईन आत्मघाती गोल राजनीतिमा पनि हुन्छ !!! प्रचण्ड जी ले कांग्रेस र एमाले लाई दुई दुई गोल हान्नु भएको छ !!! हेरौं कुन कुन खेलाडी  म्याच फिक्सिड.मा सहभागी छन समयले देखाउला !!!  रेफ्रि ले त बल दिने र गल्ती हेर्ने न हो !!! दर्शकले ताली पिट्ने न हो !!! https://t.co/eja0NWZtNl,135,8,6,10486,43905
1.77425E+18,NC,chandra_1961,Chandra Bhandari,3/31/2024,7:29:21,प्रजातन्त्रवादी बन्नु सजिलो हुन्छ तर आचरण पालना गर्न कठिन हुन्छ त्यसैको प्रतिफल हो अहिलेको अवस्था !!! प्रजातन्त्रको मूल मर्म नै अरूको अधिकारको संरक्षण गर्नु हो। https://t.co/cUDOUujypm,79,4,5,1594,43905
1.77406E+18,NC,chandra_1961,Chandra Bhandari,3/30/2024,18:39:37,"शुभकामना !!
सम्पूर्ण खेलाडीहरूलाई!!!
मधेश प्रदेश स्तरीय प्रथम  लोकतान्त्रिक गोल्डकप फुटवल २०८० आज देखि सुरू.
युवाहरूको ठूलो उपश्स्थिति देख्दा खुसी लागेको छ। https://t.co/NipoADLPcB",120,5,2,5537,43905
1.77316E+18,NC,chandra_1961,Chandra Bhandari,3/28/2024,6:58:26,"युवाहरुको महत्वपूर्ण कसीमा रहेको SEE परीक्षा !!! आज देखी सुरू !!! यस परिक्षामा  सहभागी हुने  युवा साथीहरु लाई सफलताको शुभकामना ! 
जय नेपाल !!!",62,3,8,2543,43905
1.77173E+18,NC,chandra_1961,Chandra Bhandari,3/24/2024,8:35:08,"वैदिक सनातन संस्कृतिका विभिन्न सौन्दर्यमध्येको एक रङ्गको पर्व फागुपूर्णिमा हाम्रो संस्कृति र परम्पराको निरन्तरता हो ,जीवनलाई हर्ष ,उल्लाससॅगै वसन्त ऋतुको स्वागत गर्ने पर्व अर्थात् होलीका उपलक्ष्यमा सम्बद्ध सबैलाई हार्दिक मंगलमय शुभकामना !",125,7,10,3514,43905
1.7715E+18,NC,chandra_1961,Chandra Bhandari,3/23/2024,17:17:21,"चन्द्र भण्डारीलाई प्रश्न: प्रधानमन्त्री प्रस्ताव, गृहमन्त्रीमा अयोग्य दे... https://t.co/2WreRrAL0C via @YouTube",17,1,2,1492,43905
1.77037E+18,NC,chandra_1961,Chandra Bhandari,3/20/2024,14:36:53,आज राती ९ बजे भेटौंन YOHO TV मा “सत्य संवाद…!!!” जती कठिन सत्य प्रात गर्न छ त्यस भन्दा कठिन त्यहा सम्म पुग्न छ !!! https://t.co/q0HkJWOllB,107,5,8,3713,43905
1.77001E+18,NC,chandra_1961,Chandra Bhandari,3/19/2024,14:49:14,https://t.co/xE0YNoeNQw,4,0,0,367,43905
1.76968E+18,NC,chandra_1961,Chandra Bhandari,3/18/2024,16:52:07,पोषण नपुगेर जन्मेका बच्चाहरु जुन नेतृत्वमा पुगे उनिहरुले  सुन र पैसा मात्र देखे भने जुन बच्चालाई पोषण बढी भयो र नेतृत्वमा पुगे उनिहरू ले जनतानै देखेन्न । https://t.co/TVw7YufTKb,7,0,0,1000,43905
1.76964E+18,NC,chandra_1961,Chandra Bhandari,3/18/2024,13:46:38,"विनियोजन विधेयक,२०८१ का सिद्दान्त र प्राथमिकताका  बिषयमा आज केही समय पछी संसदमा बोल्नु पर्ने भएको हुदा  सुझाव को लागी अनुरोध ।",61,1,6,3626,43905
1.76881E+18,NC,chandra_1961,Chandra Bhandari,3/16/2024,6:49:54,"विचार र तर्कले विचार र तर्क खोजेको हुन्छ,बौद्धिक विमर्श खोजेको हुन्छ,विवेकशून्यले प्रयोग गर्ने अपशब्द  होइन ! व्यक्तिको पहिचान उसले प्रयोग गर्ने शब्दमा  झल्केको हुन्छ , त्यसैले शब्दलाई ब्रह्म भनिएको हो।निर्वाचनले मात्र नेतृत्वको सही पहिचान दिने भए मुलुक युवाविहीन हुने थियो र ?",171,22,9,5677,43905
1.76857E+18,NC,chandra_1961,Chandra Bhandari,3/15/2024,14:55:00,रुद्रवेणी वामिटक्सार ढोरपाटन सडक चार पुल !!! डहरे खोला लगाएत पुलको निर्माण कार्य छिटो हुने !!! https://t.co/Kq9gWIkeWY,82,2,4,5951,43905
1.76771E+18,NC,chandra_1961,Chandra Bhandari,3/13/2024,6:06:17,"जीवित मानिस झुक्दछ ,आपनो समाज, देश , जनतासंग नझुक्ने केवल मुर्दा मात्र हो तसर्थ जीवितको पहिचान देऊ , क्षमा मागौं , पश्चाताप गरौं विगतका गल्तीबाट पाठ सिकेर अगाडि बढौं ,समयको माग , चाहना र गतिलाई चिनौं र बुझौं  !!! अरु कुनै विकल्पनै छैन, नया पुस्तालाई गल्ती गर्ने कुनै छुट छैन !!!",125,16,1,3749,43905
1.76701E+18,NC,chandra_1961,Chandra Bhandari,3/11/2024,7:35:52,"प्रत्येक राष्ट्रका लागि मानव विकास र गुणात्मक शिक्षाका  सूचक केके हुन् ?
सबैको निधारण पश्चिमा शक्तिले गर्नुपर्ने हो या  हाम्रो समाज सस्कृति ,समाजिक रहन सहन ,परिवार आफ्नो सिप ,भूगोल स्रोत र साधन अनुसारको  सूचक हुन्छ ? हाम्रो कमजोरी नै आफू र आफ्नोपन भन्ने चिन्न नसक्नु हो !!!",86,9,3,3485,43905
1.76666E+18,NC,chandra_1961,Chandra Bhandari,3/10/2024,8:29:12,"मैले सामाजिक सन्जालमा हेरिरहेको छु कुन वर्ग, समुह वा ब्यक्ति बढी सामाजिक सन्जालमा आकर्मक र राज्य प्रति चिन्तित छन भन्ने तथ्य केलाउदा - जसले राज्यबाट केही पाइरहेका छैनन् उनीहरू नै बढी पक्ष र विपक्षमा बॅाडिएको केही मात्र भए पनि देशको चिन्ता गरेको देख्दछु कटु शब्दका साथ !!!",163,13,6,6062,43905
1.7663E+18,NC,chandra_1961,Chandra Bhandari,3/9/2024,8:55:38,अघिल्लो दिन राजगद्दी पाएर अर्को दिन वनवास रोजेका राजा रामले राजनीतिलाई नैतिकताको कसीमा जाँच भन्ने सिकाए। वनवासले(प्रतिपक्ष) उनमा चक्रवर्ती राजा हुन चाहिने योग्यताहरु थपी दियो जसले रामराज्यको सपना साकार भयो। प्रतिपक्षी बन्नु पनि योग्यता थप्ने अवसर हो। लक्ष्य त उही रामराज्य नै हो।,187,12,9,6386,43905
1.76591E+18,NC,chandra_1961,Chandra Bhandari,3/8/2024,7:05:32,"सनातन तथा मानव धर्मावलम्वीहरूका लागि अनुपम दिन महाशिवरात्रिका अवसरमा देशविदेशबाट तीर्थक्षेत्र पशुपतिनाथको सान्निध्यमा पाल्नुभएका सम्पूर्ण सन्तमहन्त साधुसन्यासी र सबै धर्मावलम्वीहरू लाई स्वागत !!! साथै  मंगलमय शुभकामना !
सत्यम् , शिवम् , सुन्दरम् …!!!
ॐ नम: शिवाय  !  जय शम्भो !! https://t.co/d7dlg584KO",283,15,5,7303,43905
1.76538E+18,NC,chandra_1961,Chandra Bhandari,3/6/2024,20:09:44,"कसैसॅग राग द्वेष,भय क्रोध छैन ! बल्लतल्ल बॅाचिएको छ,बॅाच्नुको खुशीभन्दा देशका पीडाव्यथा बेथितिबाट मन उद्वेलित छ !आमाको निधनपछि गर्नुपर्ने परम्परागत विधि पूरा गरेर भर्खर घरमा आएको छु !३४ बर्ष देखी नजिकबाट सत्ता राजनीति हेरिरहेको छु तर बहादुर मुर्खहरुको यस्ता तरिकाले मुलुक बन्दैन ।",291,27,17,12369,43905
1.76495E+18,NC,chandra_1961,Chandra Bhandari,3/5/2024,15:29:11,"सादर निमन्त्रणा !!!
पूज्य माता श्री स्व . हरिकला भण्डारी ज्यूको वार्षिकी पुण्यतिथिमा पितृ प्रसाद ग्रहणार्थ यहाँको उपस्थिति प्रार्थनीय छ।
मिति:२०८०/११/२३ 
समय:१२ बजे
स्थान: सुमार्गी भवन ,पशुपति
सम्पर्क: ९८५११६०५१०
प्रार्थीः डा चन्द्र भण्डारी",100,7,2,5368,43905
1.76447E+18,NC,chandra_1961,Chandra Bhandari,3/4/2024,7:45:37,सुनको थालीमा पिठो माग्दामा पनि अझ झगडा ! असन्तुष्टी ! अधर्य !!! वेमौंसमका बाजा बजाउदै गर परिकर्मा !!! तिम्रा सोच !!!,266,7,20,17388,43905
1.76238E+18,NC,chandra_1961,Chandra Bhandari,2/27/2024,13:14:34,"हार्दिक श्रद्धासुमन !!!
एकै दिन नेपालका कहिले न निभने बिख्यात गायक तथा भजन शिरोमणि भक्तराज आचार्य र  भारतका प्रख्यात गजल  तथा भजन गायक पंकज उदासको निधनले मर्माहत छु ।कहिले नअस्ताउने ताराहरु प्रति हार्दिक श्रद्धासुमन प्रकट गर्दछु !!! https://t.co/psm0zicLTT",63,3,1,1851,43905
1.76164E+18,NC,chandra_1961,Chandra Bhandari,2/25/2024,12:25:52,गुणात्मक शिक्षा विनाको राजनीति सिमित  जिवनको औजार मात्र हुन्छ ! आफ्ना छोरा छोरी लाई राम्रो शिक्षा !!!  जनताका छोरा छोरी लाई दाही लगाउनु पनि शोषण हो ।,83,9,4,5353,43905
1.76094E+18,NC,chandra_1961,Chandra Bhandari,2/23/2024,14:08:17,https://t.co/2evIQjzh5l,141,12,4,6228,43905
1.76093E+18,NC,chandra_1961,Chandra Bhandari,2/23/2024,13:08:03,https://t.co/0MVpy7pt9y,0,0,0,330,43905
1.76063E+18,NC,chandra_1961,Chandra Bhandari,2/22/2024,17:18:03,आज संसद भवनमा । आहा देशका भविष्य !!! https://t.co/21W1cpewpU,235,12,27,13842,43905
1.76019E+18,NC,chandra_1961,Chandra Bhandari,2/21/2024,12:06:03,विचार कसैको विरोधी हुदैन जसले संवाद खोजेको हुन्छ ! तसर्थ विचारलाई घृणामा ढाल्नु हुदैन ।विचारलाई अनुभवले पूर्णता दिन्छ ।,87,3,3,3748,43905
1.75981E+18,NC,chandra_1961,Chandra Bhandari,2/20/2024,11:21:34,गठबन्धन सिदान्त होईन यो त रणनीति हो ।आवश्यकता अनुसार यसको प्रयोग हुन्छ र गर्नु पर्दछ । नेपाली समाजमा यती धेरै मुद्दाहरु छन जसले नेपालीको चाहनाहरुलाई संवोधन गर्न सक्दछ त्यो हाम्रो बाटो हुनु पर्दछ !!! महासमितिको बैठक  !!!,175,12,32,14923,43905
1.75886E+18,NC,chandra_1961,Chandra Bhandari,2/17/2024,20:25:38,"सत्य- एकाग्रह मनले जे मान्छ त्यही सत्य !
जीवन-नीति लाई ग्रहण गर्दै मोक्षको बाटो लाग्नु।
जीवनको रहस्य-कौंतुहलता ।
भ्रम-मानव जीवनमा भ्रममा हुदैन ,ब्रमाण्ड रुपी समुन्द्रको ज्ञानलाई उभाउने लोटा सानो हो ।
मानिस बुध्दिहीन हुदैन अभ्यासको कमी,ईच्छा लाई त्याग्न र मन स्थिर राख्न नसक्नु हो।",106,8,2,3352,43905
1.75796E+18,NC,chandra_1961,Chandra Bhandari,2/15/2024,8:31:24,"यो जीवन आमाको उपहार,आज त्यही दिन हो,जसले मलाई पलपल झसंग बनाइ रहन्छ,संसदमा सम्बोधन ! घरमा आइपुग्दादुर्घटना,मातृवियोग,बेहोसीमै अस्पतालको वाध्यात्मक यात्रा, प्रतिकूल स्वास्थ्यका कारण आजसम्म एउटा पुत्रलेआमा गुमाउॅदा गर्नुपर्ने संस्कार निभाउन नसक्नुको पीडाबोध!!
श्रद्धासुमन आमा  !!! https://t.co/I4LyOehgA6",669,19,137,20655,43905
1.75651E+18,NC,chandra_1961,Chandra Bhandari,2/11/2024,8:25:39,उपलब्धि !!! युवाहरूको विदेश पलायन ! सीमित व्यक्तिलाई मात्र कानुन ! निश्चित व्यक्तिको हातमा अर्थतन्त्र ! सोचमा समेत अस्थिरताको विकास ! शब्द चयनमा गरिबी !भॅाडो रित्तो दम्भ ठुलो !!अब गरौं ! जीवनको त्याग गर्नु पर्दैन थोरै लोभको भॅाडो कम र इमान्दारिताको कसीमा तौलिन तयार भए बन्छ देश !!,237,35,17,8178,43905
1.75555E+18,NC,chandra_1961,Chandra Bhandari,2/8/2024,16:37:51,गलत गलत हुन्छ !!!खेती गर जसले खानपुगोस ! दुई दिन नटिक्ने काममा आफ्नो पहिचान किन बनाउछौं ? थाहा छ !! ठुलो रुखको ओतले सुरक्षा पनि गरेको हुन्छ !!!,60,4,3,3956,43905
1.75518E+18,NC,chandra_1961,Chandra Bhandari,2/7/2024,16:08:41,आफ्नो अधिकारको संरक्षण गर्न नसक्ने ले अरुको अधिकारको संरक्षण कसरी  गर्न सक्दछ ? https://t.co/fGBcLY3PTM,132,14,2,4497,43905
1.7548E+18,NC,chandra_1961,Chandra Bhandari,2/6/2024,15:16:04,पैसाले चल्ने देशमा संविधान र कानुन किन ? अब नेपाल भित्र नेपाल र नेपाल भित्र नेपाली खोज्ने दिन आए !!! चित्रगुप्तका जस्तै बहिखाता रहने छन !!!  एक दिन उज्यालो आउने छ !!!,309,34,17,12185,43905
1.75474E+18,NC,chandra_1961,Chandra Bhandari,2/6/2024,11:01:57,"गुल्मी चन्द्रकोट गा पा हरेवा निवासी गुल्मीका शान र मान पूर्व कृषि तथा वन मन्त्री स्व. दयानिधी शर्माका साहिला भाइ स्व. रुद्र हरी शर्मा कि धर्मपत्नी एवं अधिवक्ता मन्जरी मल्लकि 
९६ वर्षिय ममतामयी आमा पदम कुमारी शर्मासंगको भेटले अवसरले अत्यन्त खुशी तुल्याएको छ।आमालाई प्रणाम !!! https://t.co/UDlIPvEFYk",93,2,2,2615,43905
1.75415E+18,NC,chandra_1961,Chandra Bhandari,2/4/2024,19:57:32,साहदतको मर्म !!! कति दर्दनाक र मार्मिक छ !!! अर्थ नबुझ्नेहरु संग अर्थको खोजी !!! छलफलको आवश्यक छ !!! बुझ्नु पर्ने कुरा घेरै छन ब्यवस्था नेतामा तलमाथी हुन्छ तर शहिदमा हुदैन! सबै भन्दा सम्मानित शब्द !! https://t.co/M6kA4CNPDN,23,0,1,1583,43905
1.75361E+18,NC,chandra_1961,Chandra Bhandari,2/3/2024,8:40:02,थुनिदैमा अतालिनु हदैन तर गल्ती गर्नु हुदैन !!! यो एउटा ठुलो अनुभव हो !!! हामी धेरै पटक थुनिएका थियौं साथै मर्मत पनि । राज्यद्रोहका मुद्दा पनि जितेका थियौं! सम्झिदा मजा लाग्दछ !!! दु:खी छु पुष्टि गर्न नसक्दा ।,150,10,11,9036,43905
1.75299E+18,NC,chandra_1961,Chandra Bhandari,2/1/2024,15:08:46,"सबै हार हार हुदैन, कतिपय हार जित हुन्छ !!! छोरा छोरी संग आमावुवा,श्रीमती संग पती ,साधारण व्यक्ति र साना वालवालिका संग नेता र सरकारले हार्नु हार हुदैन !!!  जित हुन्छ !!! गर्व गर्नु पर्दछ !!!",108,4,5,4330,43905
1.75223E+18,NC,chandra_1961,Chandra Bhandari,1/30/2024,13:20:49,"प्रजातन्त्रिक आन्दोलनमा  सहादत प्राप्त गर्नु भएका वीर शहिदहरुप्रति हार्दिक सम्मान व्यक्त गर्दछु ! 
हार्दिक श्रद्धासुमन !!
जय नेपाल ! https://t.co/IkjPC0WzsV",84,0,2,3513,43905
1.75144E+18,NC,chandra_1961,Chandra Bhandari,1/28/2024,8:46:55,"विचारले मानिसलाई उत्साहित बनाउछ, व्यवहारले नतमस्तक तर विचारभन्दा व्यवहारको धनी हुन गाह्रो हुन्छ।दुबैका लागि अनुभव महत्वपूर्ण हुन्छ।अनुभवलाई ज्ञान पनि हो।तथापी हाम्रो समाज विचार प्रधान हो । बच्नु पर्दछ ती ब्यक्तिहरु संग - ईच्छालाई बसमा राख्न नसक्ने  विचार र ब्यवहार नभएका संग !!!",99,7,2,3920,43905
1.75106E+18,NC,chandra_1961,Chandra Bhandari,1/27/2024,7:49:04,https://t.co/is3Gi0cVh8,0,0,0,375,43905
1.75049E+18,NC,chandra_1961,Chandra Bhandari,1/25/2024,17:57:13,"वास्विक र यथार्थ भन्दा आफ्नो अनुकूल समाचार निर्माण गर्ने ,भावना र सत्यको कदर नगर्ने ,सम्पादक बन्न रहर गर्ने तर पत्रकारिताको मर्मभन्दा बाहिर जॅादा जनविश्वास र सत्यले के गर्ने ?",178,30,14,11196,43905
1.75037E+18,NC,chandra_1961,Chandra Bhandari,1/25/2024,9:45:45,"मलाई समाज पढ्न,लेख्न र बोल्न मन लाग्दछ तर ती मेरा पवित्र भावनाहरू मैले खानुपर्ने गालीका कारक भइदिन्छन्,एक जनाको पनि गाली किन खाने ? वैयक्तिक विचार विचारकै रूपमा रुपान्तर हुनु पर्ने तर नेपालमा रसिदको आधारमा बुझ्ने र रुपान्तरण हुने गर्दछ त्यसैले त समाजमा द्वन्द्वको सिर्जना गर्दछ ।",158,16,9,7787,43905
1.74978E+18,NC,chandra_1961,Chandra Bhandari,1/23/2024,18:52:21,"“नील प्रसाद भण्डारी स्मृति पुरस्कार-२०८०” द्वारा सम्मानित गर्नु गर्नुभएकोमा हार्दिक आभार तथा धन्यवाद !!
 यो पुरस्कारबाट प्राप्त रकम किर्तिपुर अस्पतालमा स्थापना गरिएको जलन उपचार अक्षयकोषलाई हस्तान्तरण गरिनेछ। https://t.co/1zNYhgGyNk",58,2,1,2330,43905
1.74891E+18,NC,chandra_1961,Chandra Bhandari,1/21/2024,9:17:49,"समय र समाज कति जटिल  छ,समाजका संगति र विसंगतिमा केही आफ्ना धारणा अभिव्यक्त गरे  बोल्ने भन्छन लेखे लेखेर मात्र हुन्छ भन्छन ! केही बोलिएन भने नबोल्ने भनेर गाली गर्दछन ! कती जटिल ? राम र बुद्ध आज भएको भए सितालाई बनबास र बुद्धलाई सुत्केरी छोडेर हिंड्ने भनेर कति गाली खानु पर्दो हो   ?",138,11,10,6406,43905
1.74859E+18,NC,chandra_1961,Chandra Bhandari,1/20/2024,12:19:45,"""सपना भुलाई सारा, आँसु पिलाई जाऊ
मन्दिरमा छ तिम्रै, तस्वीर लिएर जाऊ""
नेपाल भाषाको आन्दोलनमा संगीतको माध्यमबाट जागरण ल्याउन ठूलो योगदान पुर्याउनु भएका नेपाली सांगीतिक क्षेत्रका एक विशिष्ट व्यक्तित्व गायक तथा संगीतकार योगेश वैद्य प्रति भावपूर्ण श्रद्धासुमन व्यक्त गर्दछु!!! https://t.co/JEKJe5dMsw",88,6,4,3949,43905
1.74856E+18,NC,chandra_1961,Chandra Bhandari,1/20/2024,10:19:55,"देश विभिन्न कोण र  पक्षबाट लुटिई रहेको छ,योभन्दा बढी लुटिन र लुट्न ठाउॅ बाकी छैन!स्मरण मात्र गराउन चाहन्छु हस्तिनापुरका संरक्षक भिष्मपितामहले आफ्नी कुलवधूको शिरच्छेदन ,वस्त्रहरण जस्ता अपमानमा मौन धारण गर्दा त्यसको पापस्वरूप बाणशैय्यामा कठोर पीडादायक दिनहरू विताउनु परेको थियो ।",198,19,12,9365,43905
1.74782E+18,NC,chandra_1961,Chandra Bhandari,1/18/2024,8:57:30,"हाम्रो समाज कति  महत्वपूर्ण छ , जहॅा पुराना साथीहरु सगै जेल बसेका  प्रजातन्त्र पाप्तिको सघर्ष गरेका !!! समय अनुसार मन मिलेका अनि मुद्दा अनुसार छिनेका पनि !!! भेटको समयमा चिया पानी पिएकोको पनि काल्पनिक समचार बन्न सक्दछ !!!",80,4,6,4587,43905
1.74753E+18,NC,chandra_1961,Chandra Bhandari,1/17/2024,13:39:19,"चोटिला शब्दहरुले चसक्क घोचे पनि डण्डाले चसक्क दुखे पनि,चाहे  प्रा डा. विद्यानाथ कोईरालाले प्रयोग गर्ने शब्द हुन् या पुर्व आईजी अच्युत खरेलले प्रहार गरेका डण्डा नै किन नहुन् अन्ततःपरिणाम मिठो हुदोरहेछ !!! सक्षम,असल र ईमान्दार मानिसले प्रयोग गर्ने शब्द या डण्डा दुबै औषधी बन्दछन !!!",136,9,2,6184,43905
1.74748E+18,NC,chandra_1961,Chandra Bhandari,1/17/2024,10:22:34,जाने बुझेका समयलाई चिनेकाहरु ले नै अरुको पेशालाई अतिक्रमण गर्ने हो भने रैथाने पेशा गर्ने ले के गर्ने ?,79,2,2,5382,43905
1.74712E+18,NC,chandra_1961,Chandra Bhandari,1/16/2024,10:31:20,समाज अनुसारका पाठशाला सोही अनुसारको पाठ्यक्रम! विकसित हॅुदै जादा विश्वविधालय फरक विभाग ।समय विकास र आवश्यकता अनुसार पाठ्यक्रम परिवर्तन हॅुदै जान्छन् । जसले मानिस र विकासको मापन गरिरहेको हुन्छ।कुनै पनि आग्रह पूर्वाग्रह र स्वार्थले परिवर्तनको प्रतिनिधित्व गर्दैन न ज्ञान र विवेकको !,93,8,2,4128,43905
1.74677E+18,NC,chandra_1961,Chandra Bhandari,1/15/2024,11:23:22,"सुनेर मात्र प्रतिकृया शब्द प्रयोग गर्न अनुरोध !!! हाम्रो चाहना राम्रो ,समान न्याय र अवसर हो !!!

📸 Watch this video on Facebook https://t.co/15bGvtVVys",5,0,1,478,43905
1.74673E+18,NC,chandra_1961,Chandra Bhandari,1/15/2024,9:06:33,"हाम्रा स्स्कृति हाम्रो गौंरव र पहिचान मध्यको हामी सबैलाई खुसी र सद्भाव दिने  मकर संक्रान्ति र माघी पर्वको उपलक्ष्यमा सबै  नेपालीमा हार्दिक मंगलमय शुभकामना
                 जय नेपाल 🙏🇳🇵🙏",150,6,6,6788,43905
1.74617E+18,NC,chandra_1961,Chandra Bhandari,1/13/2024,19:38:36,कति उफ्रेनी !!! छलफल गरौं समयको दुरुपयोग किन गर्ने ? आज ८ बजे !!! https://t.co/4RwTFXBJI4,251,11,32,35771,43905
1.74573E+18,NC,chandra_1961,Chandra Bhandari,1/12/2024,14:55:01,शुभचिन्तक प्रति पर्न गएको असर प्रति दुःखी छु।आसयलाई बुझी दिन पनि आग्रह।बलात्कार जस्तोअपराध महाअपराध हो।अपराधलाई सर्मथन र अपब्याख्या गर्नु पनि महाअपराध हो।सतर्क ! मानिस ज्ञानले मात्र पूर्ण हुदैन विवेक विना।समान न्यायको लागि कठोर यात्राका हामी सहयात्री हौं कहिले रुकिदैन यो यात्रा ।,439,37,59,43354,43905
1.74563E+18,NC,chandra_1961,Chandra Bhandari,1/12/2024,8:13:59,महामानव राष्ट्रपिता प्रति हार्दिक श्रद्धासुमन समर्पण गर्दछु । राष्ट्रिय एकता दिवसको शुभकामना । https://t.co/a5GXUFENWd,664,46,26,21125,43905
1.74537E+18,NC,chandra_1961,Chandra Bhandari,1/11/2024,15:00:36,बलात्कार कुन अवस्थालाई मान्ने सम्बन्धमा कानुनी व्याख्याको आवस्यकता छ ।कस्तो अबस्थालाई प्रेम? र कस्तो अबस्थालाई बलात्कार? बलात्कार भनेको के हो ?अनि प्रेम के हो? प्रेम बलात्कारमा परिणत हुन्छ हॅुदैन? परिभाषाको आवश्यकता!!,874,112,212,313290,43905
1.74528E+18,NC,chandra_1961,Chandra Bhandari,1/11/2024,8:42:30,"तिमी जहा छौं केही काम त गर !!! समयले के माग गरेको छ !!! जन आवश्यकता के छ ? मुलुक रित्याउन त हॅुदैन !!! तिमीसंग कुनै भावना , दायित्वबोध , कर्तव्यानुभूति,चाहना र जॅागर छैन भने कुर्सी किन ?",160,12,5,10894,43905
1.74499E+18,NC,chandra_1961,Chandra Bhandari,1/10/2024,13:37:22,जाने बुझे को भन्दा बढी जान्ने र बुझ्ने !!! आवश्यक पर्दा कपी पेष्ट गर्नेहरुका कारण मुलुक पछी परेको छ । न मुलुक चिनेको छ न बनोट !!! न त्यस भित्रको समाज !!!,123,16,5,8411,43905
1.74472E+18,NC,chandra_1961,Chandra Bhandari,1/9/2024,19:26:47,एक आर्दश निष्ठा इमानमा रहनु भएका कर्ममा विश्वास गर्ने उधोगपती दिदी तुलसा र भिनाजु पूर्व जलश्रोत मन्त्री अन्जानमा भएका गल्तीमा पनि आफैले आफैलाई डण्डित गर्ने आदरणीय हरी प्र पाण्डे ज्यु संग !!! https://t.co/zKnZn1Tpe2,141,0,2,6848,43905
1.74325E+18,NC,chandra_1961,Chandra Bhandari,1/5/2024,18:02:06,मेरो हातको अपरेशनमा सहभागी स्वदेशी तथा विदेशी डाक्टर तथा स्वाथ्यकर्मीहरू सबैमा आभार र धन्यवाद !!! https://t.co/ZvHMFipgG8,257,2,16,8300,43905
1.74284E+18,NC,chandra_1961,Chandra Bhandari,1/4/2024,15:11:07,दश वर्षमा दश हजार मेगावाट विद्युत् निर्यात सम्बन्धी नेपाल र भारत विचको सहमति  नेपालको विकासको लागी महत्वपूर्ण पक्ष्य हो । स्वागत योग्य छ । अबको लगानी भोलीको लागी !!! आशा गरौं लगानी पनि नेपालीको हुने । सिमान्तकृत वर्गको सहभागीता गरिवी विरोधी हुने !!!,53,3,2,3658,43905
1.7418E+18,NC,chandra_1961,Chandra Bhandari,1/1/2024,18:30:09,राष्टि्य निकुन्जबाट जनतालाई निकाल्ने तर ठुला होटल सन्चालन गर्न अनुमती दिनु अर्को गलत कामको सुरुवात हो ।गलत अनुमती दिनेहरु एक दिन कानुनी दायरामा आउने छन । आर्शिवादले सधै काम गर्दैन !!!,171,20,4,7164,43905
1.74167E+18,NC,chandra_1961,Chandra Bhandari,1/1/2024,9:48:36,"Wishing you and your family a very happy &amp; prosperous new year, 2024  !  May the new year bring you more and more success, better health and the fulfillment of your aspirations   !",34,1,2,2276,43905
1.74021E+18,NC,chandra_1961,Chandra Bhandari,12/28/2023,8:43:03,"समाज विचित्रको बन्दैछ एक थरिको कामै गाली गर्ने अर्को थरि सबै सम्पादक बन्ने ,कतिपय सत्ता र सडकको पहिचान नगरी भाषणमा बिलाउने ,कानुनले साना देख्ने ठुला नदेख्ने ,देश र जनताका कुरै नगर्ने , आफ्ना झण्डा सबैले बोक्ने अब देशको झण्डा कसले बोक्ने ? मलाई लाग्दछ हाम्रो शिक्षाले चेतना दिएन !",204,29,7,7482,43905
1.73928E+18,NC,chandra_1961,Chandra Bhandari,12/25/2023,19:19:52,खुसीको कुरा !!! आज गुल्मी तमघास अस्पतालबाट पहिलो पटक जनताको लागी ठुलो समस्या बनेको रोग मिर्गौलाको डायलाइसिस  सेवा सुरु भएको छ। जसबाट रे.न.पा-८ निवासी आदरणीय देबीराम खनाल ज्यूले पहिलो सुविधा लिनु भएको छ।  अब स्वाथ्य सेवामा गुल्मी एक फड्को अगाडी बढेको छ ।,138,12,3,5112,43905
1.73885E+18,NC,chandra_1961,Chandra Bhandari,12/24/2023,15:05:35,"एक आदर्श !!! विरलै भुमीले स्वागत गर्न पाउने  -निष्ठा, त्याग, तपस्या, ईमान्दारीताका प्रतिमुर्ति सन्तनेता कृष्ण प्रसाद भट्टराई ज्यूको  जन्मजयन्तीको अवसरमा उहाँप्रति भावपूर्ण श्रद्धा–सुमन अर्पण गर्दछु ।🙏 https://t.co/PlBpJi286Y",187,16,9,5912,43905
1.73818E+18,NC,chandra_1961,Chandra Bhandari,12/22/2023,18:15:27,"Thank you!!!
https://t.co/tyyC4pw5nz",3,0,0,544,43905
1.73783E+18,NC,chandra_1961,Chandra Bhandari,12/21/2023,19:10:31,"जे पनि बोल्ने ,जे पनि गर्ने ,आफ्नै धरातल न सम्झने ,आफैले आफैलाई “ नचिन्ने “ । जन्म र मत्यु लाई समेत विश्वास नगर्ने लाई के भनेर संबोधन गर्ने ?",350,52,30,14402,43905
1.73421E+18,NC,chandra_1961,Chandra Bhandari,12/11/2023,19:23:56,उपभोग गर्न नसकिने सम्पतीमा लालचा गर्नु ठुलो अपराध मात्र होईन महापाप पनि हो !!!,182,22,8,10758,43902
1.73186E+18,NC,chandra_1961,Chandra Bhandari,12/5/2023,8:02:22,"शक्तिको आडमा वा शक्तिलाई पुजा गरेर मुलुक लुट्ने काम जो सुकैबाट भए पनि सात पुस्ता माफ हुने छैन,गरिने छैन।  एनसेलदेखि ,निर्माण ,खरिद लगायत अन्य !!!  कुनै पनि घटनाहरु मेटिने छैनन् चाहे ती नीतिगत हुन् या अन्य !
यो देश गरिव होइन र गरिब वनिरहने पनि हॅुदै होइन , अति सहियो अब सहिंदैन !!!",239,27,23,12252,43902
1.73155E+18,NC,chandra_1961,Chandra Bhandari,12/4/2023,11:11:44,प्रथम लुम्बिनी प्रदेश  सम्मेलनमा आदरणीय पार्टी सभापती शेरबहादुर देउवाले मेरो बारेमा प्रयोग गर्नु भएका शब्दहरु प्रती आभारी छु !!! गर्ने काम घेरै छन तल माथी  गर्नु पर्ने आवश्यक छैन !  एक पटक सुने भैहाल्यो नी !!! कान नभएकाहरु को काम !!!,146,9,5,10814,43902
1.72933E+18,NC,chandra_1961,Chandra Bhandari,11/28/2023,8:26:02,"भावपूर्ण श्रद्धाञ्जलि !!! 
 ईतिहासमा सम्मान पूर्वक स्थान गराउनु भएका,सृजित पद भन्दा उच्च आदरणीय पुर्णानन्द शर्मा दाहाल(पिएन सर) को दिवंगत भएको खबरले मर्माहत भएको छु! उहॅाहरु का कारण नैतिकता आचरण प्रजातन्त्र भन्ने शब्दहरुको महत्व रहेको हो। लामो यात्राको बैशाखीलाई सम्मान !!!",36,2,1,1923,43902
1.72894E+18,NC,chandra_1961,Chandra Bhandari,11/27/2023,6:45:11,नेताहरु कस्ता छन भन्दा पनि उनका पछाडी कस्ता साथी छन भन्ने कुराले घेरै अर्थ लाग्दछ !!! अहिले बाट नै सतर्क बन्नु पर्दछ जुन हामीले अनुभव गरी रहेका छौं !!!,162,22,9,8342,43902
1.72784E+18,NC,chandra_1961,Chandra Bhandari,11/24/2023,6:04:35,"ब्यक्ति अगाडी देश पछाडी !!! धत् !!! 
हाम्रो अभियान “ देश पहिलो “ ।हामी नेपाली हाम्रो नेपाल !!! हाम्रो गौंरव हाम्रो पहिचान !!!",160,8,19,13867,43902
1.72756E+18,NC,chandra_1961,Chandra Bhandari,11/23/2023,11:01:17,"गत फाल्गुन ३ गतेको दुःखद घटना पछि पहिलो पटक भोलि बिहान ७ बजे राष्ट्रिय ध्वजाबाहक ""नेपाल वायु सेवा निगम""को विमान मार्फत नेपाली कांग्रेस गुल्मीको दोस्रो जिल्ला सम्मेलनमा सहभागी हुन  रेसुङ्गा विमानस्थल अर्थात आफ्नो जन्मस्थलको माटोमा टेक्न र जान पाउँदा खुशी लागेको छ। उत्साहित  पनि !",48,1,0,1982,43902
1.72661E+18,NC,chandra_1961,Chandra Bhandari,11/20/2023,20:28:48,"भावपूर्ण श्रद्धाञ्जलि !!!
नेपाली समाजलाई अगाडी बढाउन बिभिन्न तहमा रहेर नेतृत्वदायी भुमिका निभाउनु भएका आदरणीय माधव देवकोटा र आदरणीय यदा क्षेत्रीज्यूको  अकल्पनीय घटनाबाट भएको निधनले अत्यन्तै मर्माहत एवम स्तब्ध बनाएको छ।
दुवै आत्मा प्रति भावपूर्ण श्रद्धाञ्जलि !!! https://t.co/VhU7qktg12",20,1,8,2783,43902
1.72611E+18,NC,chandra_1961,Chandra Bhandari,11/19/2023,10:58:35,"पूर्वीय दर्शनको महत्वपूर्ण दर्शनबाट सुरु भएको भनी विश्वास गरिएको सूर्य उपासना र प्रकृतिपूजक पर्व छठका उपलक्ष्यमा सम्पूर्ण नेपाली आमाबुवा, दाजुभाइ तथा दिदिबहिनीहरुमा हार्दिक मङगलमय शुभकामना !!!
 जय नेपाल  !!!",50,0,0,1822,43902
1.72606E+18,NC,chandra_1961,Chandra Bhandari,11/19/2023,7:34:21,"I asked MP. Chandra Bhandari about Tiktok, Cricket and Nepali Congress https://t.co/6BEZb6q1m2 via @YouTube

ज्ञान र अनुभव !!! जनमत र निती !!!",4,1,2,738,43902
1.72545E+18,NC,chandra_1961,Chandra Bhandari,11/17/2023,15:29:26,"रुपन्देहीको तिलोत्तमा हुन गैरहेको तेस्रो  राष्ट्रिय औद्योगिक व्यापार मेला तथा कृषि एवम पर्यटन प्रवद्र्धन महोत्सव 2080"" मा सहभागी हुन पाउॅदा खुशी लागेको छ ! सफलताको शुभकामना !!! शुभकामना !!! https://t.co/yeRYr6Iyw8",99,2,4,3097,43902
1.72462E+18,NC,chandra_1961,Chandra Bhandari,11/15/2023,8:29:33,"आज भाइ टीका !!!
धेरैलाई चिन्ता बन्दको !!! अहिलेको प्रविधिको जमानामा बन्द भन्नु नै विकल्प छ भन्नु हो ॥ खोज्न जान्नु पर्दछ ॥ अहिलेका युवाजमात गुनगुनाएर बस्दैनन् उनका साथमा रहेको विवेक र सोंच नै विकल्प हो ! फरक यति हो भगवानको विकल्प भगवान । सत्य यही हो !!! 
शुभकामना भाइटीकाको !!!",42,0,1,1777,43902
1.72406E+18,NC,chandra_1961,Chandra Bhandari,11/13/2023,19:22:43,हरेक निर्णयमा प्रतिकृया दिन हतारिनु हुँदैन तर अगेनामा बसेर समाज रूपान्तरणको सामुहिक निर्णय गर्ने समाज बिग्रिएको छ।अधिकार !!!हातखुट्टा हल्लाउन पाइन्छ तर कसैको नाकमा हान्न पाइँदैन । टिकटकले डिप्प्रेसनको औषधीको काम त गरेको  थियो तर ओभरडोजले मानिस समाजविहीन एक्लो बन्दै गइरहेको  छ ।,114,11,9,5312,43902
1.72369E+18,NC,chandra_1961,Chandra Bhandari,11/12/2023,18:53:15,"नेपालआमा, समाज र सँस्कृति हजारौँ वर्षदेखि  हजारौँ वर्षसम्म चलिरहने हाम्रा सनातन सम्पत्ति हुन।अहिले हामी दशैँपछि तिहार,म्हःपूजा  नेपाल संवत हुँदै छठमा प्रवेश गर्दैछौं।मौलिक चाडपर्वका उपलक्ष्यमा मनोशान्तिको कामनाका साथ तिहार,म्हः पूजन , नेपाल संवत सहित छठपर्वको हार्दिक  शुभकामना ।",59,2,3,1893,43902
1.7217E+18,NC,chandra_1961,Chandra Bhandari,11/7/2023,6:52:50,जनताले छिटोभन्दा छिटो राहत पाउने ब्यवस्था गरौं। प्रश्न उठ्ने ढोका बन्द गरौं !!! दुःखको समयमा दुःखलाई नाटक मन्चन गर्ने स्थान नबनाउॅ। दुःखेको मन अझ दुःखाउने सूचना सम्प्रेषण नगरौं ।तर सन्चारकर्मीहरुको सूचनासम्प्रेषण र गर्नुपर्ने कार्यसम्बन्धी सुझाव सकारात्मक र प्रशम्सायोग्य छन्।,34,5,0,1415,43902
1.72061E+18,NC,chandra_1961,Chandra Bhandari,11/4/2023,7:17:00,गएराती जाजरकोट केन्द्रविन्दु  बनाएर गएको भुकम्प ले जाजरकोट र रुकुममा घेरै ठुलो जनधनको क्षति पुगेको छ । घाइतेहरूको तत्काल उद्धार राज्य र हामी सबैको प्रथम दायित्व हो । उद्धारको लागी कतैबाट कुनै कमी नगर्न सरकार संग आग्रह गर्दछु ।,31,0,0,1095,43902
1.72047E+18,NC,chandra_1961,Chandra Bhandari,11/3/2023,21:27:35,"डा. चन्द्र भण्डारीको खुलासा: ज्ञानेन्द्र राजा नबन्ने, प्रचण्ड-देउवा नछुट... https://t.co/4PDqiMeWBf via @YouTube",8,0,1,763,43902
1.72039E+18,NC,chandra_1961,Chandra Bhandari,11/3/2023,16:09:58,"युएई लाई ८ विकेट ले हराउदै नेपाल टी-20 बिश्वकप छ्नोट भएकोमा हार्दिक बधाई !
जय नेपाल ! https://t.co/WvZgXzk5mJ",53,1,1,1467,43902
1.72037E+18,NC,chandra_1961,Chandra Bhandari,11/3/2023,15:02:42,स्वार्थका लागी अधिकारको दुरुपयोग गर्ने प्रवृतीलाई अदालतको रोकेको मात्र छैन सदाको लागी बन्द पनि गरेको छ । जुन स्वागतयोग्य छ। कानुनको छिद्रता लाई अवसरको रुपमा लिनु समाजलाई विकृती तिर धकेल्नु हो । निर्णय गर्दा सोच्नु पर्दछ- के गर्नु हुन्छ र हुदैन !!!,41,2,1,1637,43902
1.71662E+18,NC,chandra_1961,Chandra Bhandari,10/24/2023,7:00:54,विगत !!! https://t.co/VROqrNDYrZ,161,1,4,5774,43902
1.77936E+18,NC,dhanrgrg,Dhan Raj Gurung,4/14/2024,10:04:59,स्याङ्जा गल्याङ्ग-८ करादी निवासी गल्याङ बहुमुखी क्याम्पस स्व.वि.यु.का सह सचिव ओमप्रकाश एवं दिनबन्धु र ध्रुव अधिकारीका बुवा गणेश अधिकारीको चैत २३ गते निधन भएकोले स्तब्ध तुल्याएको छ। शोकाकुल परिवारजनमा गहिरो समवेदना प्रकट गर्दै पिताजी प्रति भावपुर्ण श्रद्धाञ्जली अर्पण गर्दछु । https://t.co/zdv5GYoRnK,11,0,1,1011,118739
1.77932E+18,NC,dhanrgrg,Dhan Raj Gurung,4/14/2024,7:17:56,वालिङ भकुण्डे स्थित यो प्रतिक्षालयमा यस वरपरका दाजुभाइहरु प्रायजसो बिहानै जम्मा भएर गफगाफ गर्ने गर्दछन्। उहाँहरुसँग एकैछिन् भएपनि भलाकुसारी गर्ने मौकाले जुरेको नि! https://t.co/GGmJ9quJOj,43,0,4,2941,118739
1.77911E+18,NC,dhanrgrg,Dhan Raj Gurung,4/13/2024,17:24:01,"तेश्रो गल्याङ्ग महोत्सव:
""विकास निर्माणको कामलाई दलीयकरण गर्दा विकासले गति लिन सकिरहेको छैन। राजनैतिक दलभन्दा माथि उठेर विकास निर्माणका आयोजनाहरुको कार्यान्वयन गर्नु पर्दछ।"" https://t.co/uEn68c3OqS",18,0,0,1133,118739
1.77903E+18,NC,dhanrgrg,Dhan Raj Gurung,4/13/2024,12:17:44,"RT @Hernekura: नयाँ बर्ष 2081 को हार्दिक मंगलमय शुभकामना 
@dhanrgrg https://t.co/oLyc5If0oT",0,1,0,0,118739
1.77897E+18,NC,dhanrgrg,Dhan Raj Gurung,4/13/2024,7:43:08,"आदरणीय आमाबुबा, दिदीबहिनी तथा दाजुभाइहरु,
नमस्कार, जय नेपाल।
""सदियौंदेखि नेपाली राजनीतिमा जकडिएर रहेको बिकृति, बिसङ्गती एवं भ्रष्टाचारको अन्त गर्न सकौं। सुशासन मार्फत नेपाली जनताको मुहारमा मुस्कान फर्काउन सकौं।""
यहि कामनाका साथ यहाँहरुलाई नवबर्ष २०८१ को हार्दिक शुभकामना! https://t.co/ItAjS86ZeT",131,4,24,3895,118739
1.77824E+18,NC,dhanrgrg,Dhan Raj Gurung,4/11/2024,7:33:26,https://t.co/B5DksGzyw1,6,1,0,1060,118739
1.77767E+18,NC,dhanrgrg,Dhan Raj Gurung,4/9/2024,17:43:23,"RT @12khari: नेपाली कांग्रेसका सांसदहरूले सार्वजनिक पद धारण गरेका व्यक्तिको सम्पत्ति छानबिनका लागि आयोग गठन गर्नुपर्ने जनाएका छन् ।
https:/…",0,4,0,0,118739
1.77767E+18,NC,dhanrgrg,Dhan Raj Gurung,4/9/2024,17:40:38,RT @ekantipur_com: कांग्रेस सांसदले दर्ता गराए सार्वजनिक पदधारण गरेकाको सम्पत्ति छानबिन गर्नुपर्ने प्रस्ताव https://t.co/00IJCeNQZk,0,20,0,0,118739
1.77767E+18,NC,dhanrgrg,Dhan Raj Gurung,4/9/2024,17:40:09,RT @Online_khabar: https://t.co/wYTkDULigv,0,4,0,0,118739
1.77683E+18,NC,dhanrgrg,Dhan Raj Gurung,4/7/2024,10:16:58,"नेपाली राजनीतिमा शुद्धीकरणको नेतृत्व कांग्रेसले लिनुपर्छः उपसभापति गुरुङ
https://t.co/CxhXQkliYh",11,1,9,2134,118739
1.77664E+18,NC,dhanrgrg,Dhan Raj Gurung,4/6/2024,21:56:12,https://t.co/GIlOdNQOcL,9,1,6,1121,118739
1.7766E+18,NC,dhanrgrg,Dhan Raj Gurung,4/6/2024,19:20:02,"""यो दल, त्यो दल हैन। सबै दलका नेताहरुको सम्पत्ति छानबीन गरौं।""
नेपाल बिद्युत प्राधिकरण कर्माचारी संघ अधिकारिक ट्रेड युनियनको राष्ट्रीय परिषद भेला बिराटनगरमा। https://t.co/B8Ze25Dvln",61,3,7,9381,118739
1.77649E+18,NC,dhanrgrg,Dhan Raj Gurung,4/6/2024,11:30:53,"आज बिहान ऐतिहासिक कोइराला निवास बिराटनगरमा एक स्न्याप।
हाल श्रद्धेय नेता डा. शेखर कोइरालाको संरक्षणमा रहेको नेपाली प्रजातन्त्रिक आन्दोलनका नायक विपी कोइरालाको निवास पुग्दा नेपाली प्रजातान्त्रिक क्रान्ति र आन्दोलनहरु मानसपटलमा ताजकी भयो। https://t.co/7N776tAFYc",103,2,13,5305,118739
1.77614E+18,NC,dhanrgrg,Dhan Raj Gurung,4/5/2024,12:46:34,नेपाली कांग्रेस सूर्यविनायक नगर उपसभापति आदरणीय मित्र रमेश अधिकारीले लगाउनु भएको श्रीमद्भागवत महायज्ञमा सहाभागी भइयो। https://t.co/oDqjeSnIQi,26,3,5,1997,118739
1.77482E+18,NC,dhanrgrg,Dhan Raj Gurung,4/1/2024,21:02:05,"नेपाली प्रजातान्त्रिक आन्दोलनका अटल योद्धा भक्तपुर निवासी आदरणीय नेता लेखनाथ न्यौपाने उपचारको क्रममा नेपाल कोरिया मैत्री हस्पिटल भक्तपुरमा हुनुहुन्छ।
आदरणीय नेता लेखनाथ न्यौपानेको सिघ्र स्वास्थ्य लाभको कामना गर्दछु। https://t.co/C4Do0rGE1H",14,0,2,1482,118739
1.77402E+18,NC,dhanrgrg,Dhan Raj Gurung,3/30/2024,16:15:04,"नेपाल लोकतान्त्रिक खेलकुद संघ बागमती प्रदेश द्धारा आयोजित २१ कि.मी. (हाफ म्याराथन) र ५ कि.मी.फन एण्ड रन दौड सम्पन्न भयो।
५ कि.मी.फन एण्ड रन दौडमा सहभागीहरुसँगै दौडिएँ। दौडको क्रममा केहीले बिचमै छाडे तर मैले अन्तिमसम्म दौडें।
समापनमा भनें कठिन भएपनि ""Never give up"" https://t.co/Rs868M2P6N",24,2,3,1860,118739
1.77302E+18,NC,dhanrgrg,Dhan Raj Gurung,3/27/2024,21:51:23,"https://t.co/i90gs2V30S
बृहत शान्ति सम्झौताको नेतृत्व गरेको कांग्रेसले शान्ति सम्झौतासँग सम्बन्धीत टिआसी बिधेयक छिटो पारित गर्न चाहन्छ।",4,2,2,1311,118739
1.77178E+18,NC,dhanrgrg,Dhan Raj Gurung,3/24/2024,11:58:34,"बिबिध संस्कार संस्कृतियुक्त देश हाम्रो!
त्यसैमा भातृत्व फैलाउन सके झनै राम्रो!!

सबै दिदीबहिनी तथा दाजुभाइहरुमा आज हिमाली तथा पहाडी क्षेत्रमा र भोलि तराई मधेशमा मनाइने होली पर्वको हार्दिक शुभकामना। https://t.co/vob78zBze4",85,3,9,2261,118739
1.76704E+18,NC,dhanrgrg,Dhan Raj Gurung,3/11/2024,9:43:30,https://t.co/Lelk1B2UDW,26,2,6,2077,118739
1.76611E+18,NC,dhanrgrg,Dhan Raj Gurung,3/8/2024,20:11:39,https://t.co/L3aIUFXfE4,14,1,0,982,118739
1.76562E+18,NC,dhanrgrg,Dhan Raj Gurung,3/7/2024,12:03:32,RT @Lokaantar: संसदीय दलको बैठकमा देउवाले भने– धोकेबाजको औषधि छैन https://t.co/ZjIkMxVUyb,0,4,0,0,118739
1.76501E+18,NC,dhanrgrg,Dhan Raj Gurung,3/5/2024,19:15:16,"RT @farakdhar: यसकारण फिर्ता लियो,काँग्रेसले प्रधानमन्त्री दाहाललाई दिएको समर्थन फिर्ता
#farakdhar #NepaliCongress #DhanrajGurung #SherBaha…",0,2,0,0,118739
1.76501E+18,NC,dhanrgrg,Dhan Raj Gurung,3/5/2024,19:14:57,"RT @setopati: प्रधानमन्त्री प्रचण्डलाई दिएको समर्थन फिर्ता लिने कांग्रेसको निर्णय 

https://t.co/g5X21JZrfc",0,1,0,0,118739
1.76501E+18,NC,dhanrgrg,Dhan Raj Gurung,3/5/2024,19:13:57,"RT @setopati: प्रचण्डजीलाई एमालेको काँधबाट झार्नतिर हामी लाग्दैनौं: उपसभापति गुरूङ 

https://t.co/IoJXvMLq0A",0,3,0,0,118739
1.76501E+18,NC,dhanrgrg,Dhan Raj Gurung,3/5/2024,19:12:20,"RT @Online_khabar: कांग्रेसले फिर्ता लियो सरकारलाई दिएको समर्थन
News Link : https://t.co/VQRSas6rzF https://t.co/zvlP3TK8Df",0,3,0,0,118739
1.76501E+18,NC,dhanrgrg,Dhan Raj Gurung,3/5/2024,19:11:36,RT @Rato_pati: कांग्रेसले सरकारलाई दिएको समर्थन फिर्ता लियो https://t.co/49LuJo185u,0,2,0,0,118739
1.76463E+18,NC,dhanrgrg,Dhan Raj Gurung,3/4/2024,18:16:40,RT @Rato_pati: कानुनमन्त्री गुरुङले छाडे सरकारी निवास https://t.co/P2lxAniyOO,0,4,0,0,118739
1.76462E+18,NC,dhanrgrg,Dhan Raj Gurung,3/4/2024,17:22:35,"नमस्कार, जय नेपाल।
आजबाट कानून, न्याय तथा संसदीय मामिला मन्त्रीको जिम्मेवारीबाट मुक्त भएको छु। मन्त्री पदबाट मुक्त भएपछि मन्त्री निवास तुरुन्त छोड्नुपर्छ भन्ने मान्यता राख्छु। त्यसैले आजै ४:३० बजे मन्त्री निवासबाट पुरानै डेरामा फर्केको छु।
सबैलाई धन्यवाद। https://t.co/hZFWPlSz4g",729,19,201,69362,118739
1.76416E+18,NC,dhanrgrg,Dhan Raj Gurung,3/3/2024,11:12:32,"शिद्धबाबाको दर्शनपछि मन्दिर बाहिर जुत्ता लगाएर पुजारीबाट टिका ग्रहण गर्ने बेलाको फोटोलाई लिएर नकरात्मक टिप्पणी गर्ने मित्रहरुले मन्दिर बाहिर निस्केपछि जुत्ता लगाउँछन् कि जुत्ता हातमा बोकेर खालीखुट्टा घरतिर जान्छन् हँ?
यथार्थता नबुझिकन नकरात्मक टिप्पणी? https://t.co/nK8zYABEiw",51,3,20,14233,118739
1.76414E+18,NC,dhanrgrg,Dhan Raj Gurung,3/3/2024,10:02:53,https://t.co/yRKfILBmVM,4,0,6,3469,118739
1.76395E+18,NC,dhanrgrg,Dhan Raj Gurung,3/2/2024,20:59:10,आज बिहान बुटवल सिद्धबाबाको दर्शन गरियो। https://t.co/UEVqshvjFK,87,1,22,10949,118739
1.7637E+18,NC,dhanrgrg,Dhan Raj Gurung,3/2/2024,4:58:42,RT @Rato_pati: भ्रष्टाचारमा संलग्न कसैले पनि उन्मुक्ति पाउने छैनन् : कानुनमन्त्री गुरुङ https://t.co/4T5opxj3Fz,0,5,0,0,118739
1.76354E+18,NC,dhanrgrg,Dhan Raj Gurung,3/1/2024,17:53:50,"RT @EUAmbNepal: Great meeting Minister of Law, Justice &amp; Parliamentary Affairs @dhanrgrg and learning more about the legislative process an…",0,3,0,0,118739
1.76308E+18,NC,dhanrgrg,Dhan Raj Gurung,2/29/2024,11:29:08,https://t.co/N3lVcpt9yg,0,0,1,786,118739
1.76303E+18,NC,dhanrgrg,Dhan Raj Gurung,2/29/2024,8:22:05,"शिक्षा क्षेत्रमा कसैले पनि राजनीति गर्न नहुने कानुन न्याय तथा संसदीय मामिलामन्त्री धनराज गुरुङले बताउनु भएको छ।चापाकोट–८ रत्नपुरमा आयोजना गरेको प्रस्तावित प्राकृतिक स्रोत व्यवस्थापन कलेज सञ्चालनसम्बन्धी छलफल कार्यक्रममा उहाँले सो आग्रह गर्नुभएको हो ।
https://t.co/O7UOfuC04k",24,2,15,3516,118739
1.7616E+18,NC,dhanrgrg,Dhan Raj Gurung,2/25/2024,9:31:07,"कानुन न्याय तथा संसदीय मामिला मन्त्री धनराज गुरुङले देश र जनताको काम गर्नको लागी राजनीति गरेको बताउनु भएको छ ।
https://t.co/rzs6zuMhEX",3,2,0,927,118739
1.76159E+18,NC,dhanrgrg,Dhan Raj Gurung,2/25/2024,8:48:53,https://t.co/wqTNeWtWvJ,4,1,1,1504,118739
1.76141E+18,NC,dhanrgrg,Dhan Raj Gurung,2/24/2024,21:08:11,"शिक्षक अभिमुखिकरण कार्यक्रम गल्याङ्ग, स्याङ्गजा: 
""शिक्षाक्षेत्र सुधार्न सकियो भने समाज र देश सुध्रिन्छ।"" https://t.co/46hdp2UrVk",16,1,2,1922,118739
1.76104E+18,NC,dhanrgrg,Dhan Raj Gurung,2/23/2024,20:48:04,RT @suryakhabar: सङ्घीयता तथा संविधान कार्यान्वयनका लागि कानुन निर्माण सरकारको उच्च प्राथमिकतामाः मन्त्री गुरुङ https://t.co/yLgjYOw1XY @dh…,0,2,0,0,118739
1.76101E+18,NC,dhanrgrg,Dhan Raj Gurung,2/23/2024,18:37:46,https://t.co/rlILsCOpZW,4,1,0,761,118739
1.76067E+18,NC,dhanrgrg,Dhan Raj Gurung,2/22/2024,20:14:40,RT @setopati: कांग्रेसले गरिबीका रेखामुनि रहेका सबैको निःशुल्क उपचार गर्छौं भन्ने घोषणा गर्नुपर्छः उपभापति गुरूङ https://t.co/NMr58VDb6q,0,4,0,0,118739
1.76067E+18,NC,dhanrgrg,Dhan Raj Gurung,2/22/2024,19:59:15,RT @ekantipur_com: भ्रष्टाचारीलाई व्यवहारमा कारबाही गर्ने पद्धति बसालौँ : उपसभापति गुरुङ https://t.co/yHCEkdfGyf,0,2,0,0,118739
1.75962E+18,NC,dhanrgrg,Dhan Raj Gurung,2/19/2024,22:10:33,https://t.co/cHOQ7YOQ5C,5,2,2,1130,118739
1.75956E+18,NC,dhanrgrg,Dhan Raj Gurung,2/19/2024,18:16:23,"RT @Online_khabar: आसेपासे पुँजीवादले सुशासन ल्याउन सकिएन : धनराज गुरुङ
News Link : https://t.co/LVlvdyLfPg https://t.co/FTuYSFrk9x",0,3,0,0,118739
1.75955E+18,NC,dhanrgrg,Dhan Raj Gurung,2/19/2024,17:32:18,https://t.co/GwF62Cbhy1,1,1,0,549,118739
1.75954E+18,NC,dhanrgrg,Dhan Raj Gurung,2/19/2024,17:13:51,RT @Lokaantar: नेता व्यापारीजस्ता र व्यापारी नेता बन्दा भ्रष्टाचार बढ्यो : धनराज गुरुङ https://t.co/2e5FiwrpSc,0,2,0,0,118739
1.75954E+18,NC,dhanrgrg,Dhan Raj Gurung,2/19/2024,17:13:20,"RT @setopati: कांग्रेसका वडाध्यक्षदेखि मन्त्रीसम्मका सम्पत्ति छानबिन गर्ने हिम्मत महासमितिले गर्नुपर्छ: उपसभापति गुरूङ 

https://t.co/Z4cYn…",0,5,0,0,118739
1.75954E+18,NC,dhanrgrg,Dhan Raj Gurung,2/19/2024,16:55:47,RT @12khari: नेपाली कांग्रेसका उपसभापति धनराज गुरुङले पार्टीका तर्फबाट निर्वाचित वडाध्यक्षदेखि मन्त्रीसम्मको सम्पत्ति छानबिन गरेर जानुपर्ने…,0,2,0,0,118739
1.75953E+18,NC,dhanrgrg,Dhan Raj Gurung,2/19/2024,16:32:57,"RT @Rato_pati: महासमिति बैठकमा धनराजको प्रस्ताव : वडाध्यक्षदेखि मन्त्री समेतको सम्पत्ति छानबिन गरौँ
‘क्रोनी क्यापिटालिजमका कारण नेता व्यापा…",0,2,0,0,118739
1.75812E+18,NC,dhanrgrg,Dhan Raj Gurung,2/15/2024,18:55:41,"दोश्रो चापाकोट महोत्सव तथा ब्यापार मेला २०८० को उदघाटन कार्यक्रममा:-
""चापाकोट भर्जिन सिटीको रुपमा रहेकोले यसलाई हामी सबै मिलेर सुन्दर सिटीको रुपमा बदलौं।"" https://t.co/C1heywBThi",12,1,2,1507,118739
1.75811E+18,NC,dhanrgrg,Dhan Raj Gurung,2/15/2024,18:11:39,https://t.co/mrEnPwIsgl,14,1,8,1789,118739
1.75673E+18,NC,dhanrgrg,Dhan Raj Gurung,2/11/2024,23:00:33,RT @Rato_pati: पार्टीलाई पुरानै अवस्थामा फर्काउन शुद्धीकरण गर्दै अघि बढ्नुपर्छ : उपसभापति गुरुङ https://t.co/8jaoypeext,0,1,0,0,118739
1.75671E+18,NC,dhanrgrg,Dhan Raj Gurung,2/11/2024,22:03:12,RT @suryakhabar: पार्टीलाई पुरानै अवस्थामा फर्काउन शुद्धीकरण गर्दै अघि बढ्नुपर्छः मन्त्री गुरुङ https://t.co/d85l4tHbYq @dhanrgrg,0,1,0,0,118739
1.75616E+18,NC,dhanrgrg,Dhan Raj Gurung,2/10/2024,9:15:52,"स्याङ्गजा फेदिखोला निवासी नेका महाधिवेशन प्रतिनिधि प्रिय मित्र देवेन्द्र गुरुङ्गकी पुज्य आमा स्वर्गीय मनकुमारी गुरुङ्ग प्रति भावपूर्ण श्रध्दाञ्जलि।
शोकाकुल परिवारजनमा गहिरो समवेदना। https://t.co/CiiBxMf9MJ",13,0,1,1118,118739
1.75504E+18,NC,dhanrgrg,Dhan Raj Gurung,2/7/2024,6:57:47,"https://t.co/3UYfu6ieoI 
एभिन्युज टिभिमा राजुथापासँ ""सिधा प्रश्न"" कार्यक्रममा।",4,0,1,1571,118739
1.75487E+18,NC,dhanrgrg,Dhan Raj Gurung,2/6/2024,19:56:33,"RT @RajuAkh: सरकार भ्रष्टाचार नियन्त्रण र सुशासनमा दृढ छ। निराशा खेती र ब्यापार चल्दैन।
धनराज गुरुङ (मन्त्री, कानुन) @dhanrgrg
आज बेलुकी ९…",0,1,0,0,118739
1.75471E+18,NC,dhanrgrg,Dhan Raj Gurung,2/6/2024,9:26:00,"अल विदा केशव दाइ!
नेपाली कांग्रेसका केन्द्रीय सदश्य आदरणीय केशव कुमार बुढाथोकी प्रति भावपुर्ण श्रध्दाञ्जलि।
शोकाकुल परिवारजनमा गहिरो समवेदना! https://t.co/84GTdF8EWP",10,2,4,1081,118739
1.75381E+18,NC,dhanrgrg,Dhan Raj Gurung,2/3/2024,21:42:23,स्याङ्गजा जिल्ला गल्याङ्ग पक्वादीको जानकी माबिको हिरक महोत्सवमा जेष्ठ नागरिकहरुको सम्मान। https://t.co/5QHB5tWttd,16,1,0,1329,118739
1.75269E+18,NC,dhanrgrg,Dhan Raj Gurung,1/31/2024,19:16:47,"सङ्क्रमणकालीन न्यायसम्बन्धी विधेयक सहमतिबाटै : मन्त्री गुरुङ - लुम्बिनी- कानुन, ... -via #HamroPatro https://t.co/4EvttJPUm8",7,1,2,1227,118739
1.75268E+18,NC,dhanrgrg,Dhan Raj Gurung,1/31/2024,18:56:57,अब ठूला भ्रष्टचारीका फाइल खोलिन्छ : कानुनमन्त्री गुरुङ  https://t.co/Bt5nAu96vI -via #hamropatro,111,8,116,25414,118739
1.75266E+18,NC,dhanrgrg,Dhan Raj Gurung,1/31/2024,17:42:56,RT @suryakhabar: आर्थिकरुपमा कमजोरलाई न्यायमा पहुँच पुर्याउन निःशुल्क कानुनी सहायताका लागि ‘सफ्टवेयर’: मन्त्री गुरुङ https://t.co/ryOxQxxDm…,0,2,0,0,118739
1.75266E+18,NC,dhanrgrg,Dhan Raj Gurung,1/31/2024,17:42:29,RT @suryakhabar: सङ्क्रमणकालीन न्यायसम्बन्धी विधेयक सहमतिबाटै टुङ्गोमा पु¥याउनुपर्छः मन्त्री गुरुङ https://t.co/F1Nw9wqP03 @dhanrgrg,0,2,0,0,118739
1.75266E+18,NC,dhanrgrg,Dhan Raj Gurung,1/31/2024,17:41:52,RT @Rato_pati: https://t.co/S4U570QcLa,0,2,0,1,118739
1.75266E+18,NC,dhanrgrg,Dhan Raj Gurung,1/31/2024,17:41:18,"RT @ekantipur_com: कानून, न्याय तथा संसदीय मामिलामन्त्री धनराज गुरुङले तत्काल मन्त्रिपरिषद् पुनर्गठनको सम्भावना नरहेको बताएका छन् ।https://…",0,2,0,0,118739
1.75266E+18,NC,dhanrgrg,Dhan Raj Gurung,1/31/2024,17:40:48,RT @Online_khabar: मन्त्रिमण्डलमा तत्काल फेरबदल हुँदैन : मन्त्री गुरुङ | Dhanraj Gurung https://t.co/1AdeIXS7V9,0,2,0,0,118739
1.75158E+18,NC,dhanrgrg,Dhan Raj Gurung,1/28/2024,18:12:05,"ॐ नमो शिवाय!
हलेसी महादेवको दर्शन गरियो। https://t.co/RdwSdR7W7X",44,2,1,2303,118739
1.75129E+18,NC,dhanrgrg,Dhan Raj Gurung,1/27/2024,22:55:33,RT @ekantipur_com: कानुन न्याय तथा संसदीय मामिला मन्त्री धनराज गुरुङले लोभी नेता भएको देशमा जनता खुसी हुन नपाउने बताएका छन् ।https://t.co/i…,0,3,0,0,118739
1.75129E+18,NC,dhanrgrg,Dhan Raj Gurung,1/27/2024,22:48:59,https://t.co/r63Hn0cpL0,8,1,2,1207,118739
1.7509E+18,NC,dhanrgrg,Dhan Raj Gurung,1/26/2024,20:48:26,"अण्डर -19 विश्वकप क्रिकेटमा नेपालले अफगानिस्तान विरुध्द १ विकेटको जित निकाल्दै सुपर सिक्समा।
Well done boys!! Congratulations!! https://t.co/G3YJzX8PkI",17,1,2,1421,118739
1.75086E+18,NC,dhanrgrg,Dhan Raj Gurung,1/26/2024,18:13:06,RT @Rato_pati: कांग्रेसभित्र मैले पाइनँ भन्ने भाष्य तयार भएको छ : उपसभापति गुरुङ https://t.co/qGYGKrPaAG,0,2,0,0,118739
1.75086E+18,NC,dhanrgrg,Dhan Raj Gurung,1/26/2024,18:10:34,RT @Online_khabar: कांग्रेसभित्र मैले पाइनँ भन्ने भाष्य तयार भएको छ : उपसभापति गुरुङ | Dhanraj Gurung https://t.co/otkglnQFIw,0,3,0,0,118739
1.75085E+18,NC,dhanrgrg,Dhan Raj Gurung,1/26/2024,17:52:19,"आज नेपाली कांग्रेसको स्थापना दिवशमा:
""हाम्रो आचरणबाट, आफ्नो व्यबहारबाट, हाम्रो कार्यबाट, हाम्रो कार्यदिशाबाट गौरवमय इतिहास भविश्यमा निर्माण गर्न आबश्यक छ।"" https://t.co/sxjjkOlgRr",20,2,6,2540,118739
1.75045E+18,NC,dhanrgrg,Dhan Raj Gurung,1/25/2024,15:17:16,दाजुभाइ दिदीबहिनीहरुसँग भेटघाट @syangja. https://t.co/4wbupsXtOv,14,2,5,1689,118739
1.74977E+18,NC,dhanrgrg,Dhan Raj Gurung,1/23/2024,17:51:02,"आगामी संसद अधिवेशनमा पेश गर्ने बिधेयकहरुको सन्दर्भमा मन्त्रालयहरुसँग आज तेश्रो दिन पनि निरन्तर छलफलमा।
आज बिभिन्न सात वटा मन्त्रालयका साथीहरुसँग छलफल सम्पन्न।
सम्बन्धित मन्त्रालयका माननीय मन्त्री एवं पदाधिकारी साथीहरुलाई हार्दिक धन्यवाद। https://t.co/3rfWZ2S1a1",8,2,3,1289,118739
1.7494E+18,NC,dhanrgrg,Dhan Raj Gurung,1/22/2024,17:47:05,"आगामी संसदमा प्रस्तुत गर्ने बिधेयकहरुको सन्दर्भमा आज अर्थ, पर्यटन, वन र भूमी गरि ४ वटा मन्त्रालयका माननीय मन्त्री एवं पदाधिकारीहरुसँग गहन छलफल गरियो।
""आगामी संसद अधिवेशन क्यालेण्डर सहितको अधिवेशन हुनेछ।"" https://t.co/qU6iex1Xf4",3,2,0,644,118739
1.74905E+18,NC,dhanrgrg,Dhan Raj Gurung,1/21/2024,18:24:36,"अगामी संसद अधिवेशनमा पेश गर्ने बिधेयकहरुको सन्दर्भमा आज कृषी, शिक्षा, उर्जा, संचार र उद्योग मन्त्रालयका माननीय मन्त्रीज्युहरुका साथै मन्त्रालयका पदाधिकारीहरुसँग छलफल गरियो।
सम्बन्धित मन्त्रालयका माननीय मन्त्रीज्युहरुका साथै मनंत्रालयका पदाधिकारीहरुमा आभार प्रकट गर्दछु। https://t.co/UBi1RBNQ4v",17,2,2,1411,118739
1.74889E+18,NC,dhanrgrg,Dhan Raj Gurung,1/21/2024,8:00:44,https://t.co/oXDBTDi7Me,3,1,1,735,118739
1.74876E+18,NC,dhanrgrg,Dhan Raj Gurung,1/20/2024,23:02:38,"आज स्याङ्गजा चापाकोट नगरपालिकामा अपाङ्गता  भएका नागरिकहरुलाई ह्वीलचियर, वाकर, स्टिकक्यान्, बैशाखी आदी सामाग्री बितरण गरियो।
""असाहाय, अपाङ्गता भएका नागरिकहरुलाई प्राथमिकतामा राखेर आबश्यक सहयोग उपलब्ध गराउनु राज्यको दायित्व हो।"" https://t.co/NxzcQ5Ccao",8,1,0,825,118739
1.74851E+18,NC,dhanrgrg,Dhan Raj Gurung,1/20/2024,6:40:17,"RT @suryakhabar: गठबन्धनलाई अझै  पाँच वर्ष अगाडि बढ्छ,  मत दिएर विजयी बनाउनुहोला :  मन्त्री गुरुङ https://t.co/kTcBMmSjfD @dhanrgrg",0,2,0,0,118739
1.74831E+18,NC,dhanrgrg,Dhan Raj Gurung,1/19/2024,17:45:22,"राष्ट्रीय सभाका लागि गठबन्धनको तर्फबाट उमेदवार रहनु भएका नेतहरु किरणबाबु श्रेष्ठ, मनरुपा शर्मा र पदम बहादुर परियरलाई स्याङ्गजा जिल्ला नेका पार्टी कार्यालयमा विजयको लागि शुभकाना व्यक्त गरियो। https://t.co/ej1jdoIQgn",8,2,0,990,118739
1.74729E+18,NC,dhanrgrg,Dhan Raj Gurung,1/16/2024,21:45:20,RT @suryakhabar: Quality assurance and uniformity in lawmaking process crucial: Minister Gurung https://t.co/SIxhewUoiU @dhanrgrg,0,2,0,0,118739
1.74655E+18,NC,dhanrgrg,Dhan Raj Gurung,1/14/2024,21:03:33,"झमक्क साँझ प-यो। साँझको बेलामा हैबुङ दहपोखरीका बाआमा, दिदीबहिनी तथा दाजुभाइहरुबाट असीम मायाका साथ बिदाइ।
आभार प्रकट गर्दछु। https://t.co/EOWOe5pQRd",27,1,3,3466,118739
1.74621E+18,NC,dhanrgrg,Dhan Raj Gurung,1/13/2024,22:26:06,ल्होसार पर्वको सन्दर्भमा सिन्धुपाल्चोक हैबुङ दहपोखरी तमु समाज द्वारा आयोजित साँस्कृतिक कार्यक्रममा सहभागी हुने क्रममा। https://t.co/31WJjwd5gg,10,1,0,1014,118739
1.7461E+18,NC,dhanrgrg,Dhan Raj Gurung,1/13/2024,15:12:15,"लम्जुङको ऐतिहासिक गाउँशहरमा। गाउँशहरका आमाबुबा, दिदीबहिनी तथा दाजुभाइहरु प्रति आभार प्रकट गर्न चाहन्छु। https://t.co/rfDU4lMO0L",58,1,5,4816,118739
1.746E+18,NC,dhanrgrg,Dhan Raj Gurung,1/13/2024,8:29:18,गाउँशहर लम्जुङ दरबारमा पूजामा सहभागी। https://t.co/kJPYgmr3v9,31,1,2,2305,118739
1.74562E+18,NC,dhanrgrg,Dhan Raj Gurung,1/12/2024,7:37:33,सर्बोदय सेवाश्रम धर्मनाथधाम लम्जुङमा 'आमा/बा'हरुसँग। https://t.co/ynx6LZ3RT4,17,2,2,1561,118739
1.74549E+18,NC,dhanrgrg,Dhan Raj Gurung,1/11/2024,22:43:43,RT @Rato_pati: आगामी अधिवेशनमा सहमतिबाटै टिआरसी विधेयक पारित हुन्छ: कानूनमन्त्री गुरुङ https://t.co/yl1OCGMLpo,0,1,0,0,118739
1.74549E+18,NC,dhanrgrg,Dhan Raj Gurung,1/11/2024,22:40:19,RT @setopati: आगामी अधिवेशनमा सहमतिबाटै टिआरसी विधेयक पारित हुन्छः कानुन मन्त्री गुरुङ https://t.co/U1H28CJiNy,0,2,0,0,118739
1.74533E+18,NC,dhanrgrg,Dhan Raj Gurung,1/11/2024,11:57:37,RT @Online_khabar: कुनै विषयमा सहमति नभएमा बहुमतीय प्रक्रियाबाट टुंगो लगाउने विषयमा आज सर्वसहमति भएको भन्दै मन्त्री गुरुङले यो विधेयक अब…,0,2,0,0,118739
1.74319E+18,NC,dhanrgrg,Dhan Raj Gurung,1/5/2024,14:35:06,RT @suryakhabar: State should incentivize every entrepreneur-Law Minister Gurung https://t.co/Mm3wfDvf5O @dhanrgrg,0,1,0,0,118739
1.74167E+18,NC,dhanrgrg,Dhan Raj Gurung,1/1/2024,9:49:59,https://t.co/5gYU1fObux,10,1,1,1050,118739
1.7415E+18,NC,dhanrgrg,Dhan Raj Gurung,12/31/2023,22:41:22,"आज ल्होसार पर्व तनहुँ दमौलीमा।
""एकले अर्को समुदायको धर्म, संस्कृति प्रति सम्मान गरेर बिबिध धर्म, संस्कृतिको संरक्षण गर्दै धार्मिक एवं सांस्कृतिक सहिष्णुताको जगेर्ना गर्नु पर्दछ।"" https://t.co/7KfZj8xwPU",25,1,3,2369,118739
1.74075E+18,NC,dhanrgrg,Dhan Raj Gurung,12/29/2023,20:40:30,https://t.co/rVclcQPRPG,13,0,5,1586,118739
1.74029E+18,NC,dhanrgrg,Dhan Raj Gurung,12/28/2023,14:13:15,https://t.co/x4ylChYJyd,10,2,1,1191,118739
1.73969E+18,NC,dhanrgrg,Dhan Raj Gurung,12/26/2023,22:54:12,RT @suryakhabar: भूकम्पपीडितका ५ बर्षका बच्चालाई १२ कक्षासम्म पाउने उपसभापति गुरुङको बचन https://t.co/IJH3x3ghTN  @dhanrgrg,0,2,0,0,118739
1.73966E+18,NC,dhanrgrg,Dhan Raj Gurung,12/26/2023,20:34:06,"जाजरकोट र रुकुम पश्चिममा गत कार्तिक १७ गते राती गएको भूकम्पबाट पीडितहरुलाई बिभिन्न सहयोगको आबश्यकता छ।
भूकम्पबाट बाबु वा आमा गुमाएका ५/६ वर्ष उमेरका बालबच्चाहरु १० (दश) जनालाई १२ कक्षासम्म काठमाण्डौंमा ल्याएर सम्पुर्ण रुपमा निशुल्क पढाउने ब्यबस्था मिलाएको छु। https://t.co/BSzNRRny25",71,8,13,6922,118739
1.73924E+18,NC,dhanrgrg,Dhan Raj Gurung,12/25/2023,16:37:11,"RT @KantipurTVHD: धनराज गुरुङलाई प्रश्न- कांग्रेसले राष्ट्रिय सभा निर्वाचनका आकाङ्क्षीको व्यवस्थापन कसरी गर्छ ?      

पूरा कार्यक्रम: http…",0,1,0,0,118739
1.73924E+18,NC,dhanrgrg,Dhan Raj Gurung,12/25/2023,16:36:19,"RT @KantipurTVHD: 'कांग्रेसमा संसदीय दलको नेता फेर्ने बेला भएको छैन'- धनराज गुरुङ        

पूरा कार्यक्रम: https://t.co/KqPCC2hLFw

@achary…",0,1,0,0,118739
1.73895E+18,NC,dhanrgrg,Dhan Raj Gurung,12/24/2023,21:28:32,"RT @Online_khabar: कानुन मन्त्रालयले माग्यो सबै मन्त्रालयसँग सम्भावित विधेयकको मस्यौदा 
https://t.co/ePkyGwv9XM",0,1,0,0,118739
1.73895E+18,NC,dhanrgrg,Dhan Raj Gurung,12/24/2023,21:24:11,"RT @KantipurTVHD: 'गठबन्धन छ भन्दैमा राष्ट्रिय सभा निर्वाचनलाई कम आँक्नु हुँदैन'- कानुन मन्त्री धनराज गुरुङ      

पूरा कार्यक्रम: https://…",0,2,0,0,118739
1.779E+18,NC,DrPSMahat,Dr. Prakash S. Mahat,4/13/2024,9:39:55,"नयाँ बर्ष २०८१ सालको सम्पूर्णमा हार्दिक मंगलमय शुभकामना व्यक्त गर्दछु । यो वर्ष तपाईंको लागि शुभ र फलदायी बनुन् । 
जय नेपाल ! https://t.co/WX1nuk2Nbq",79,3,16,4204,32039
1.77808E+18,NC,DrPSMahat,Dr. Prakash S. Mahat,4/10/2024,21:01:51,"“ईद—उल—फित्र” को शुभकामना !
इस्लाम धर्मावलम्वीहरुको पवित्र पर्व “ईद–उल–फित्र” का अवसरमा स्वदेश तथा विदेशमा रहनु भएका सम्पूर्ण मुस्लीम दिदीवहिनी तथा दाजुभाइहरूमा सुख, शान्ति एवं समृद्धिका लागि हार्दिक शुभकामना (इद मुवारक) व्यक्त गर्दछु । जय नेपाल ! https://t.co/PWZ89EZKox",10,3,2,689,32039
1.77719E+18,NC,DrPSMahat,Dr. Prakash S. Mahat,4/8/2024,9:55:27,घोडेजात्राको हार्दिक शुभकामना व्यक्त गर्दछु । जय नेपाल ! https://t.co/1fpLIF9Wjg,9,1,0,693,32039
1.77659E+18,NC,DrPSMahat,Dr. Prakash S. Mahat,4/6/2024,18:24:01,https://t.co/SugwQT9OhO,2,0,0,125,32039
1.77424E+18,NC,DrPSMahat,Dr. Prakash S. Mahat,3/31/2024,6:34:08,"नेपाली  कांग्रेस नुवाकोट द्वारा आयोजित ""भित्तेपात्रो तथा मार्गदर्शन पत्रीका"" बिमोचन कार्यक्रम। 
२०८०/१२/१७ https://t.co/ujcGk0P2fD",27,2,3,1526,32039
1.77286E+18,NC,DrPSMahat,Dr. Prakash S. Mahat,3/27/2024,11:19:56,पोखराका बिभिन्न पर्यटकिय स्थलहरुको अवलोकन र बिभिन्न पर्यटन व्यावसायी र बिभिन्न संघ/ संस्थाहरुका प्रतिनिधि हरु संग अन्तरकृया एव छलफल । https://t.co/LZRxX7VQp2,19,2,1,5342,32039
1.77255E+18,NC,DrPSMahat,Dr. Prakash S. Mahat,3/26/2024,14:53:28,"घान्द्रुक पर्यटन व्यवस्थापन समिती र स्थानिय सरकारका पदाधिकारी हरु संग परम्परागत संस्कृति र सम्पदाको संरक्षण सहितको विकास का सम्बन्धमा छलफल र अवलोकन गर्दै । 
# घान्द्रुक,कास्कि https://t.co/SilVN7zqAU",16,1,0,691,32039
1.77169E+18,NC,DrPSMahat,Dr. Prakash S. Mahat,3/24/2024,6:04:33,"फागु पूर्णिमाको हार्दिक मंगलमय शुभकामना व्यक्त गर्दछु । 
जय नेपाल ! https://t.co/y3TzMNW8s3",27,1,1,790,32039
1.76968E+18,NC,DrPSMahat,Dr. Prakash S. Mahat,3/18/2024,16:46:32,"'knowledge Economy &amp; Nepal's Enterpreneurial Recognition'
EduClave {2.0} KATHMANDU https://t.co/3GikB4YX4j",12,1,0,776,32039
1.76793E+18,NC,DrPSMahat,Dr. Prakash S. Mahat,3/13/2024,20:31:56,https://t.co/vwuxiHdgtv,38,10,1,2801,32039
1.76793E+18,NC,DrPSMahat,Dr. Prakash S. Mahat,3/13/2024,20:31:38,https://t.co/vrV4stVAoX,88,16,8,19148,32039
1.76705E+18,NC,DrPSMahat,Dr. Prakash S. Mahat,3/11/2024,10:37:02,"फागुन २८, २०८० काठमाडौँ
स्वतन्त्र विद्यार्थी युनियन पब्लिक युथ क्याम्पसले नेपाल विद्यार्थी संघका केन्द्रीय समिति, स्ववियु हरुको सम्मानमा  आयोजना गरेको चियापान कार्यक्रम । https://t.co/X5VzZnCych",12,1,1,1081,32039
1.76699E+18,NC,DrPSMahat,Dr. Prakash S. Mahat,3/11/2024,6:25:26,ग्याल्पो ल्होसारको हार्दिक मंगलमय शुभकामना व्यक्त गर्दछु । जय नेपाल ! https://t.co/iLcsyOymPL,6,0,0,571,32039
1.76592E+18,NC,DrPSMahat,Dr. Prakash S. Mahat,3/8/2024,7:41:03,"११४ औ अन्तर्राष्ट्रिय नारी दिवसका अवसरमा स्वदेश तथा विदेशमा रहनु भएका सम्पूर्ण महिला दिदी बहिनीहरुमा हार्दिक शुभकामना व्यक्त गर्दछु ।
जय नेपाल ! https://t.co/YuFLV1EQKo",6,0,0,493,32039
1.76588E+18,NC,DrPSMahat,Dr. Prakash S. Mahat,3/8/2024,5:15:42,"महाशिवरात्रि पर्वको पावन अवसरमा स्वदेश तथा विदेशमा रहनुभएका सम्पूर्ण नेपाली दिदीबहिनी तथा दाजुभाइमा सुख, शान्ति र समृद्धिका लागि शुभकामना व्यक्त गर्दछु । जय नेपाल ! https://t.co/HwT22l9jcG",85,3,6,4263,32039
1.76421E+18,NC,DrPSMahat,Dr. Prakash S. Mahat,3/3/2024,14:43:03,"फागुन २०, नुवाकोट, 
नुवाकोटको शिवपुरी गाँउपालिका वडा नम्बर ४ मा रहेको श्री स्याउरी भुमे माध्यमिक विद्यालयको ४१ औं वार्षिकोत्सव एवम् अभिभावक भेला । https://t.co/7clcPFG0tR",5,1,3,764,32039
1.76386E+18,NC,DrPSMahat,Dr. Prakash S. Mahat,3/2/2024,15:03:00,"फागुन १९, 
नुवाकोटको बेलकोटगढी नगरपालिका वडा नम्बर १ सेरामा रहेको श्री बेलकोट भञ्ज्याङ्ग माध्यमिक विद्यालयको स्वर्ण महोत्सव कार्यक्रम । https://t.co/scZZmkI7qQ",9,1,0,1063,32039
1.76351E+18,NC,DrPSMahat,Dr. Prakash S. Mahat,3/1/2024,15:51:45,"बाग्लुङ फागुन १८ 
बाग्लुङ जिल्लाको पञ्चकोटमा आयोजित अनन्तश्री ब्रह्माण्डीय महायज्ञ । https://t.co/7jTgsL4hDR",18,2,1,1258,32039
1.76345E+18,NC,DrPSMahat,Dr. Prakash S. Mahat,3/1/2024,12:20:28,"बाग्लुङ फागुन १८
नेपाली काँग्रेस बाग्लुङ जिल्ला कार्यसमितिले आयोजना गरेको भेटघाट कार्यक्रम । https://t.co/SCO92GnFVJ",9,1,0,544,32039
1.76344E+18,NC,DrPSMahat,Dr. Prakash S. Mahat,3/1/2024,11:42:58,"बाग्लुङ फागुन १८, 
आन्तरिक राजस्व कार्यालय बाग्लुङ निरिक्षण र निर्देशन । https://t.co/QutYZYUePg",6,0,0,464,32039
1.76344E+18,NC,DrPSMahat,Dr. Prakash S. Mahat,3/1/2024,11:42:06,"बाग्लुङ फागुन १८, 
आन्तरिक राजस्व कार्यालय बाग्लुङ निरिक्षण र निर्देशन । https://t.co/xy02hzcjXr",6,1,0,414,32039
1.76235E+18,NC,DrPSMahat,Dr. Prakash S. Mahat,2/27/2024,10:58:42,"""Excited to be part of the 'My Dream Pitch' program organized by Uniglobe College. Let's make it happen! 💡✨ 

#MyDreamPitch #Innovation #UniglobeCollege"" https://t.co/Y6QszWc4gU",7,1,0,490,32039
1.76231E+18,NC,DrPSMahat,Dr. Prakash S. Mahat,2/27/2024,8:27:04,"आगामी बर्ष २०८०/०८१ को बजेटका सिद्धान्त र प्राथमिकता प्रस्तुत गर्दै ।
https://t.co/N34fFUTYnz 
via @YouTube",3,1,0,582,32039
1.75991E+18,NC,DrPSMahat,Dr. Prakash S. Mahat,2/20/2024,17:26:37,https://t.co/Xaq9D1OwDO,2,0,0,128,32039
1.75974E+18,NC,DrPSMahat,Dr. Prakash S. Mahat,2/20/2024,6:39:13,My Deepest condolences on the passing of SATTYA PAUL JI …. https://t.co/Nbb5Ou7ZD8,4,0,1,462,32039
1.75956E+18,NC,DrPSMahat,Dr. Prakash S. Mahat,2/19/2024,18:14:16,"फागुन ०७, ललितपुर ।

काँग्रेस महासमिति बैठक । https://t.co/FHjypZhIV9",16,2,0,1159,32039
1.75938E+18,NC,DrPSMahat,Dr. Prakash S. Mahat,2/19/2024,6:31:15,"प्रजातन्त्र दिवसको अवसरमा स्वदेश तथा विदेशमा रहनुभएका सम्पूर्ण नेपाली दिदीबहिनी तथा दाजुभाइहरुमा शुभकामना व्यक्त गर्दछु ।

नेपाली कांग्रेसको नेतृत्वमा सुरु भएको २००७ सालको जनक्रान्ति सफल भएर मुलुकमा नागरिक शासनको सूत्रपात भएको ऐतिहासिक दिवसको अवसरमा जनक्रान्तिलाई सफल नेतृत्व दिने… https://t.co/5Sz1h1mRut",34,0,3,1522,32039
1.75874E+18,NC,DrPSMahat,Dr. Prakash S. Mahat,2/17/2024,12:03:06,"फागुन ०५, काठमाडौं । 
चौथो राष्ट्रिय लधुवित्त सम्मेलन । https://t.co/6t21pCXPcL",11,0,0,684,32039
1.75847E+18,NC,DrPSMahat,Dr. Prakash S. Mahat,2/16/2024,18:08:38,जलविद्युत बिमा '''निति र दृष्टिकोण '' अन्तरक्रिया कार्यक्रम । https://t.co/3bgcNzkl1Q,8,1,0,671,32039
1.75758E+18,NC,DrPSMahat,Dr. Prakash S. Mahat,2/14/2024,7:35:41,बसन्त पन्चमिको शुभकामना https://t.co/mfmybwMWwD,13,1,0,693,32039
1.75733E+18,NC,DrPSMahat,Dr. Prakash S. Mahat,2/13/2024,14:32:52,विश्व रेडियो दिवसको अवसरमा सामुदायिक रेडियो प्रसारक संघ द्वारा आयोजित कार्यक्रम । https://t.co/k8u0UE6p6J,6,0,0,1020,32039
1.75703E+18,NC,DrPSMahat,Dr. Prakash S. Mahat,2/12/2024,18:56:52,ग्लोबल कलेज अफ म्यानेजमेन्टले आयोजना गरेको अन्तर्किया कार्यक्रममा । https://t.co/dvIgI7Govu,14,0,0,670,32039
1.75671E+18,NC,DrPSMahat,Dr. Prakash S. Mahat,2/11/2024,21:27:31,"माघ २८, झापा । 
पाँचौँ दमक महोत्सव २०८० को समुद्घाटन तथा समारोह । https://t.co/Ugpm1ZpOFK",12,0,0,800,32039
1.75664E+18,NC,DrPSMahat,Dr. Prakash S. Mahat,2/11/2024,16:52:56,"सातौं दिनको पूण्य तिथिमा आयोजित श्रद्धाञ्जली सभा झापा ।

नेपाली कांग्रेसका केन्द्रीय सदस्य, पूर्व मन्त्री आदरणीय नेता स्व. केशवकुमार बुढाथोकीज्यूको अतुलनीय योगदानहरु हामी सदैव स्मरण गरिरहने छौ । शोकाकुल परिवारमा गहिरो समवेदना प्रकट गर्दै भावपूर्ण श्रद्धाञ्जली व्यक्त गर्दछु ! https://t.co/igBOJe9S3r",7,1,2,610,32039
1.75617E+18,NC,DrPSMahat,Dr. Prakash S. Mahat,2/10/2024,9:52:05,"तामाङ समुदायको महत्वपूर्ण पर्व “सोनाम ल्होसार” अर्थात् नयाँ वर्षको उपलक्ष्यमा स्वदेश तथा विदेशमा रहनु भएका सम्पूर्ण  दिदीबहिनी तथा दाजुभाइहरूमा सुस्वास्थ्य, दीर्घायु र उत्तरोत्तर प्रगतिको हार्दिक मंगलमय शुभकामना ब्यक्त गर्दछु । 
जय नेपाल ! https://t.co/ff9HpXmmhV",8,2,0,385,32039
1.75584E+18,NC,DrPSMahat,Dr. Prakash S. Mahat,2/9/2024,12:13:08,National Management Convention 2024. https://t.co/Dd4TA8sO66,6,1,0,578,32039
1.75546E+18,NC,DrPSMahat,Dr. Prakash S. Mahat,2/8/2024,10:48:56,"माघ २५, काठमाडौ  । 
तेस्रो लगानी सम्मेलन – २०८१  निर्देशक समितिको तेस्रो बैठक । https://t.co/J1wrqt64uM",16,3,3,1604,32039
1.75546E+18,NC,DrPSMahat,Dr. Prakash S. Mahat,2/8/2024,10:48:13,"माघ २४, काठमाडौं ।
इकोनोमिक मिडिया एसोसिएसन नेपाल (इमान)को  प्रथम वार्षिकोत्सव तथा ’अर्थतन्त्र पुनरूत्थानमा सरोकारवालाको भूमिका’ विषयगत अन्तरक्रिया कार्यक्रम । https://t.co/TTkWJRVNEr",7,0,0,376,32039
1.75469E+18,NC,DrPSMahat,Dr. Prakash S. Mahat,2/6/2024,7:40:37,"भावपूर्ण श्रद्धाञ्जली ! 

नेपाली कांग्रेसका केन्द्रीय सदस्य, पूर्व मन्त्री आदरणीय नेता केशवकुमार बुढाथोकीज्यूको उपचारकाक्रममा बिराट मेडिकल कलेज बिराटनगरमा निधन भएको खबरले स्तब्ध छु । उहाँका अतुलनीय योगदानहरु हामी सदैव स्मरण गरिरहने छौ । शोकाकुल परिवारमा गहिरो समवेदना प्रकट गर्दै… https://t.co/1IqGvfpvWO",13,1,3,1180,32039
1.7544E+18,NC,DrPSMahat,Dr. Prakash S. Mahat,2/5/2024,12:52:41,"माघ २२, नुवकोट ।
नुवाकोट दुप्चेश्वर-२ गाउँखर्क स्थित श्री वीरेन्द्र माध्यमिक विद्यालयको ३५ औं वार्षिकोत्सव समारोह । https://t.co/hD3eHr7Nm3",6,0,2,655,32039
1.75378E+18,NC,DrPSMahat,Dr. Prakash S. Mahat,2/3/2024,19:37:32,"माघ २०, काठमान्डौं ।
प्रधानमन्त्री कप पुरुष राष्ट्रिय क्रिकेट प्रतियोगिता को समापन समारोह । https://t.co/os8nwjmAvy",22,1,1,1262,32039
1.75377E+18,NC,DrPSMahat,Dr. Prakash S. Mahat,2/3/2024,19:09:48,नेपाल विद्यार्थी संघका केन्द्रिय सदस्य  हरिष देउवाको अल्पायुमै भएको निधनको खबरले मर्माहत बनाएको छ ।  प्रीय हरिष प्रति भावपुर्ण श्रद्धाञ्जली व्यक्त गर्दै परिवारजनमा ईश्वरले धैर्यधारण गर्ने शक्ति प्रदान गरुन! https://t.co/PIyvu1PIWy,5,0,2,522,32039
1.75302E+18,NC,DrPSMahat,Dr. Prakash S. Mahat,2/1/2024,17:08:34,Nepal-Japan Friendship Summit https://t.co/Z2zEpBIEFY,18,0,0,2305,32039
1.753E+18,NC,DrPSMahat,Dr. Prakash S. Mahat,2/1/2024,15:54:18,"माघ १८, काठमान्डौं नेपाल विल्डकन अन्तराष्ट्रीय प्रदर्शनीको उद्घाटन एवम अवलोकन । https://t.co/iedH5gtW9K",7,0,1,456,32039
1.75273E+18,NC,DrPSMahat,Dr. Prakash S. Mahat,1/31/2024,22:08:47,"माघ १७, काठमाडौं 
नेपाल चार्टड एकाउन्टेन्ट संस्थाको वार्षिकोत्सव समारोह । https://t.co/FbGN1gL00L",14,1,1,1043,32039
1.75272E+18,NC,DrPSMahat,Dr. Prakash S. Mahat,1/31/2024,21:11:41,"माघ १७, काठमान्डौं ।
निर्यात व्यवसायी महासंघको वार्षिकोत्सव समारोह । https://t.co/Gnk6zS5cd6",8,0,1,767,32039
1.75215E+18,NC,DrPSMahat,Dr. Prakash S. Mahat,1/30/2024,7:30:38,"नेपालको लोकतान्त्रिक आन्दोलनमा जीवन उत्सर्ग गर्नुभएका सम्पूर्ण ज्ञात अज्ञात शहीदहरुप्रति श्रद्धासुमन अर्पण गर्दछु।
जय नेपाल ! https://t.co/p01HPNLLHJ",16,2,0,6830,32039
1.75197E+18,NC,DrPSMahat,Dr. Prakash S. Mahat,1/29/2024,19:52:36,नोबेल शान्ति पुरस्कार बिजेता कैलाश सत्यार्थीसँग । https://t.co/DVNkPzFGca,22,3,1,1324,32039
1.75126E+18,NC,DrPSMahat,Dr. Prakash S. Mahat,1/27/2024,21:04:43,"नेपाल विद्यार्थी संघ केन्द्रिय कार्यसमिति द्वारा आयोजित ""Bishwokarma Battle of Titans -2 "" को उद्घाटन समारोह https://t.co/ztVhOff1NK",9,2,0,772,32039
1.75116E+18,NC,DrPSMahat,Dr. Prakash S. Mahat,1/27/2024,14:17:51,"माघ १३, नुवाकोट ।
विदुर मेयर कप फुटबल प्रतियोगिता -२०८०को समुद्घाटन समारोह । https://t.co/uYIcxNU8dv",20,1,1,1257,32039
1.75112E+18,NC,DrPSMahat,Dr. Prakash S. Mahat,1/27/2024,11:51:35,"माघ १३ काठमान्डौं ।
""NMA MARKETING SUMMIT 2024""  को समुद्घाटन समारोह । https://t.co/78CeRuMbPR",14,1,0,628,32039
1.75074E+18,NC,DrPSMahat,Dr. Prakash S. Mahat,1/26/2024,10:34:32,"माघ १२, काठमान्डौं 
भन्सार बिभाग द्वारा आयोजित अन्तरास्ट्रिय भन्सार दिवसको समुद्घाटन समारोह । https://t.co/vHD4CVYDs7",7,0,2,511,32039
1.75048E+18,NC,DrPSMahat,Dr. Prakash S. Mahat,1/25/2024,16:59:43,"माघ ११, काठमाडौं ।
तारकेश्वर नगरपालिका स्थित पौराणिक तारकेश्वर महादेव मन्दिर शिव महापुराण विराट ज्ञान महायज्ञ-२०८०को समुद्घाटन समारोह । https://t.co/gJhxYBbEvK",12,0,0,619,32039
1.75011E+18,NC,DrPSMahat,Dr. Prakash S. Mahat,1/24/2024,16:46:33,"माघ १०, काठमाडौं ।
राष्ट्रिय वाणिज्य बैंकको लिमिटेडको ५९ औं वार्षिकोत्सव समारोह । https://t.co/zWyKdJU1v1",12,0,0,614,32039
1.74944E+18,NC,DrPSMahat,Dr. Prakash S. Mahat,1/22/2024,20:22:02,"माघ ०८, बारा ।
महागढीमाई नगरपालिकाको नव निर्मित प्रशासकीय भवनको समुद्घाटन र गढिमाई मन्दिरमा १ लाख  ५१ हजार दिप प्रज्वलन समारोह । https://t.co/4D35mFJoHl",8,0,0,452,32039
1.74931E+18,NC,DrPSMahat,Dr. Prakash S. Mahat,1/22/2024,11:45:13,"माघ ०८, बारा ।
बारा जिल्ला सुवर्ण गाँउ पालिका संतगंज-०३ नाकाको  निरिक्षण । https://t.co/JxNJ7vYWDK",8,0,0,443,32039
1.7493E+18,NC,DrPSMahat,Dr. Prakash S. Mahat,1/22/2024,10:43:32,"माघ ०८, बारा ।
मटिअर्वा भन्सार निरिक्षण मटिअर्वा, बारा । https://t.co/7yMEk3gRLQ",6,0,0,457,32039
1.74859E+18,NC,DrPSMahat,Dr. Prakash S. Mahat,1/20/2024,12:19:36,"गोविन्द वियोगी स्मृति ट्रष्टद्वारा स्थापित गोविन्द वियोगी पत्रकारीता पुरस्कार हस्तान्तरण तथा वरिष्ठ पत्रकार सम्मान समारोह 
माघ ०६, नुवाकोट । https://t.co/BpxferW1KR",3,1,0,505,32039
1.74835E+18,NC,DrPSMahat,Dr. Prakash S. Mahat,1/19/2024,19:47:56,योजना तर्जुमासम्बन्धी अन्तरक्रिया कार्यक्रम । https://t.co/bZNKMvqpWA,24,2,6,2359,32039
1.74684E+18,NC,DrPSMahat,Dr. Prakash S. Mahat,1/15/2024,16:14:05,"माघे संक्रान्ति एव माघि पर्वको अवसरमा श्री शेराबगर बिकाश समाज द्वारा आयोजित गोरु जुधाई एव सांस्कृतिक कार्यक्रम । 

नुवाकोट माघ १ । https://t.co/UP99toSYEe",26,1,1,1637,32039
1.74671E+18,NC,DrPSMahat,Dr. Prakash S. Mahat,1/15/2024,7:10:00,"मकर संक्रान्ति/माघे संक्रान्तिका अवसरमा थारु समुदाय लगायत अन्य समुदायका सम्पूर्ण दिदीबहिनी तथा दाजुभाइहरुमा सुख, शान्ति र समृद्धिको हार्दिक शुभकामना व्यक्त गर्दछु ।

जय नेपाल ! https://t.co/CPGFdREKZG",18,1,1,4553,32039
1.74569E+18,NC,DrPSMahat,Dr. Prakash S. Mahat,1/12/2024,11:45:41,"३०२ औं पृथ्वी जयन्ती तथा राष्ट्रिय एकता दिवसले हाम्रो पारस्परिक एकता र सद्भावलाई अगाडि बढाउन प्रेरणा प्रदान गर्न सकोस् भन्दै यस अवसरमा सबैमा सुख, शान्ति र समृद्धिको शुभकामना व्यक्त गर्दछु ।

जय नेपाल ! https://t.co/s67UHpi451",18,2,2,932,32039
1.74538E+18,NC,DrPSMahat,Dr. Prakash S. Mahat,1/11/2024,15:05:50,"RT @PTI_News: VIDEO | ""From not only touristic point of view, this (Ram Temple) is important because of heritage for both India and Nepal.…",0,10,0,0,32039
1.74538E+18,NC,DrPSMahat,Dr. Prakash S. Mahat,1/11/2024,15:05:28,"Just had an insightful visit to IFFCO in Gujarat, exploring Nano Urea and DAP production. Encouraging times for Indian agriculture! 🌾 #AgriTech #FarmersCooperative https://t.co/yb6wlhv6Ld",11,2,0,752,32039
1.74497E+18,NC,DrPSMahat,Dr. Prakash S. Mahat,1/10/2024,12:30:54,"RT @htTweets: #WATCH | ""#Nepal and India have signed a long-term power purchase agreement of exporting 10,000 MW of electricity to India ov…",0,23,0,0,32039
1.74497E+18,NC,DrPSMahat,Dr. Prakash S. Mahat,1/10/2024,12:28:47,Finance Minister @DrPSMahat concludes his address at #VibrantGuajart2024.,14,1,4,1959,32039
1.74497E+18,NC,DrPSMahat,Dr. Prakash S. Mahat,1/10/2024,12:27:54,"#VibrantGuajart2024: #Nepal is organizing investment summit in April 28 and 29, this year in Kathmandu. I cordially invite all investors and entrepreneurs from India and other participating countries for your valuable involvement in the Summit. —@DrPSMahat #Nepal",5,1,2,688,32039
1.74497E+18,NC,DrPSMahat,Dr. Prakash S. Mahat,1/10/2024,12:27:13,#VibrantGuajart2024: The abundant natural and educated human resources together with potential domestic and export markets ensures attractive return for prospective investors. —@DrPSMahat #Nepal,9,2,0,754,32039
1.74497E+18,NC,DrPSMahat,Dr. Prakash S. Mahat,1/10/2024,12:26:40,"#VibrantGuajart2024: There are huge untapped investment opportunities in #Nepal in energy, tourism, agrobusiness &amp; ICT.. other potential areas of investment are health, education, manufacturing, construction &amp; transportation, mining, banking &amp; financial services. —@DrPSMahat…",4,0,0,246,32039
1.74497E+18,NC,DrPSMahat,Dr. Prakash S. Mahat,1/10/2024,12:25:08,#VibrantGuajart2024: #Nepal’s abundant natural and educated human resources together with potential domestic and export markets ensures attractive return for prospective investors. —@DrPSMahat #Nepal,1,0,0,242,32039
1.74497E+18,NC,DrPSMahat,Dr. Prakash S. Mahat,1/10/2024,12:22:35,#VibrantGuajart2024: We guarantee national and non-discriminatory treatment to foreign investment. Those who have invested in #Nepal are enjoying good returns on their investment. —@DrPSMahat #Nepal,1,0,0,218,32039
1.74497E+18,NC,DrPSMahat,Dr. Prakash S. Mahat,1/10/2024,12:21:40,#VibrantGuajart2024: Our legal system prohibits nationalization of private enterprises and properties. —@DrPSMahat #Nepal,3,0,0,359,32039
1.74497E+18,NC,DrPSMahat,Dr. Prakash S. Mahat,1/10/2024,12:20:44,#VibrantGuajart2024: #Nepal provides investor-friendly regulatory and legal framework with macroeconomic stability and rule based democratic political system. —@DrPSMahat #Nepal,2,0,0,200,32039
1.74497E+18,NC,DrPSMahat,Dr. Prakash S. Mahat,1/10/2024,12:19:41,#VibrantGuajart2024: We are implementing trade and investment policies and regulation of international standards. —@DrPSMahat #Nepal,0,0,0,248,32039
1.74497E+18,NC,DrPSMahat,Dr. Prakash S. Mahat,1/10/2024,12:18:14,#VibrantGuajart2024: [The power purchase agreement] will also contribute to achieve green energy transition target not only in #Nepal but also in #India. —@DrPSMahat #Nepal,0,0,0,187,32039
1.74497E+18,NC,DrPSMahat,Dr. Prakash S. Mahat,1/10/2024,12:17:07,#VibrantGuajart2024: The Indo-Nepal long-term power purchase agreement of exporting ten-thousand-megawatt of electricity to India over ten years of time will immensely open up investment opportunity in hydropower in #Nepal. —@DrPSMahat #Nepal,0,0,0,216,32039
1.74497E+18,NC,DrPSMahat,Dr. Prakash S. Mahat,1/10/2024,12:15:35,#VibrantGuajart2024: Visitors from Gujarat are one of the largest in #Nepal. —@DrPSMahat #Nepal,1,0,0,238,32039
1.74497E+18,NC,DrPSMahat,Dr. Prakash S. Mahat,1/10/2024,12:14:35,#VibrantGuajart2024: Nepal and India have common places of great Hindu and Buddhist religious worships. And we are visiting each other’s places since ancient times. —@DrPSMahat #Nepal,0,0,0,224,32039
1.74497E+18,NC,DrPSMahat,Dr. Prakash S. Mahat,1/10/2024,12:13:27,"#VibrantGuajart2024: This development model which PM Modi is translating nationwide has been a source of inspiration for many including #Nepal in managing financial resources &amp; tech knowhow for addressing current economic, social &amp; environmental challenges. — @DrPSMahat #Nepal",0,0,0,167,32039
1.74497E+18,NC,DrPSMahat,Dr. Prakash S. Mahat,1/10/2024,12:12:15,"#VibrantGuajart2024: Under PM @NarendraModi ji’s visionary leadership, this idea of entrepreneurial spirit of Gujarat has now been translated into vibrant India. It has placed India as a major global economic power. — @DrPSMahat #Nepal",0,0,1,312,32039
1.74497E+18,NC,DrPSMahat,Dr. Prakash S. Mahat,1/10/2024,12:11:11,"#VibrantGuajart2024: This global forum for business networking, knowledge sharing and strategic partnerships for fostering sustainable and inclusive growth has now been a forum for all. — @DrPSMahat #Nepal",0,0,0,177,32039
1.74497E+18,NC,DrPSMahat,Dr. Prakash S. Mahat,1/10/2024,12:09:35,"Finance minister @DrPSMahat begins his address at the Vibrant Gujarat Global Summit 2024. 
#VibrantGuajart2024 

(Tweets are signed)",1,0,0,231,32039
1.74494E+18,NC,DrPSMahat,Dr. Prakash S. Mahat,1/10/2024,10:10:51,"Great to be in Gujarat, India for #VibrantGuajart2024. I will be addressing the summit shortly.",9,1,1,2072,32039
1.74423E+18,NC,DrPSMahat,Dr. Prakash S. Mahat,1/8/2024,11:08:32,"INDIA-NEPAL BUSINESS FORUM 
ICC Business Delegation to Nepal. 
8th Jan 2024, Kathmandu https://t.co/WPIFaIcthm",9,0,1,796,32039
1.74355E+18,NC,DrPSMahat,Dr. Prakash S. Mahat,1/6/2024,14:06:40,"उद्योग वाणिज्य संघ-चितवनको ५७ औं वार्षिक साधारण सभाको समुद्घाटन समारोह । 
पौष २१, भरतपुर, चितवन https://t.co/Aq2XPRs2Fp",15,0,0,961,32039
1.7435E+18,NC,DrPSMahat,Dr. Prakash S. Mahat,1/6/2024,10:50:19,"पौष २१, गैंडाकोट, नवलपुर ।
मौलाकालिका मन्दिर दर्शन https://t.co/tLunGbG6G7",17,0,2,1179,32039
1.74329E+18,NC,DrPSMahat,Dr. Prakash S. Mahat,1/5/2024,20:43:58,"पाल्पाको रामपुर नगरपालिका द्वारा आयोजित कार्यक्रममा । 

पौष १९ रामपुर नगरपालिका कार्यालय । https://t.co/FbpyBtryQ7",16,0,0,885,32039
1.74328E+18,NC,DrPSMahat,Dr. Prakash S. Mahat,1/5/2024,20:16:16,"अन्धकारमुक्ति बचत तथा  ऋण सहकारी संस्था लि .को २५ औं वार्षिक साधारण सभा तथा रजत जयन्ती विशेष समारोह 
पौष १९, रामपुर पाल्पा https://t.co/Nw1eElTkn9",2,0,0,438,32039
1.74317E+18,NC,DrPSMahat,Dr. Prakash S. Mahat,1/5/2024,13:06:20,"नेपाली काँग्रेस रामपुर कार्य समितिको पार्टी भेटघाट कार्यक्रम ।
पौष १९, पाल्पा। https://t.co/FdqVQHR0cs",3,0,0,354,32039
1.74313E+18,NC,DrPSMahat,Dr. Prakash S. Mahat,1/5/2024,10:25:50,"हडाहाटार, बुलिङटार- ६ नवलपुरमा भेटघाट । https://t.co/kZwlZjRbpc",9,0,1,1240,32039
1.7431E+18,NC,DrPSMahat,Dr. Prakash S. Mahat,1/5/2024,8:23:57,"भरतपुर विमानस्थल चितवनमा, पाल्पामा हुने बिभिन्न कार्यक्रम मा सहभागि हुन जाने क्रममा ।
पौष १९, भरतपुर, चितवन https://t.co/LgQXaeQ6sZ",20,0,2,2560,32039
1.74246E+18,NC,DrPSMahat,Dr. Prakash S. Mahat,1/3/2024,13:53:23,"जाजरकोट रामीडाँडा भूकम्प प्रभावित क्षेत्रको पुनर्निर्माण सम्बन्धी वृहत् अन्तरक्रिया कार्यक्रम ।
पौष १८, काठमाडौं । https://t.co/eSumvH8KSo",11,1,2,1122,32039
1.74176E+18,NC,DrPSMahat,Dr. Prakash S. Mahat,1/1/2024,15:42:00,"मोरङ ब्यपार संघ एक्स्पो २०२३ को  समापन समारोह ।
पौष १६,विराटनगर । https://t.co/7e7lnbE8oF",8,0,1,703,32039
1.74169E+18,NC,DrPSMahat,Dr. Prakash S. Mahat,1/1/2024,11:00:35,"४८औं राष्ट्रिय एकता तथा मेलमिलाप दिवसको हार्दिक शुभकामना व्यक्त गर्दछु। 

जय नेपाल ! https://t.co/nCKrbQPfmO",17,1,0,698,32039
1.74165E+18,NC,DrPSMahat,Dr. Prakash S. Mahat,1/1/2024,8:42:55,"नयाँ वर्ष इस्वी सम्वत् २०२४ को शुभ उपलक्ष्यमा स्वदेश तथा विदेशमा रहनु भएका सम्पुर्ण महानुभावहरुमा सुख, शान्ति, समृद्धि, सुस्वास्थ्य, अटल सौभाग्य, दीर्घायू र उत्तरोत्तर प्रगतिको हार्दिक मंगलमय शुभकामना व्यक्त गर्दछु । जय नेपाल ! https://t.co/eGpl9voaB0",20,1,3,982,32039
1.7413E+18,NC,DrPSMahat,Dr. Prakash S. Mahat,12/31/2023,9:10:04,"तमु (गुरुङ) जातिको महान पर्व “तमु ल्होसार” को उपलक्ष्यमा स्वदेश तथा विदेशमा रहनु भएका तमु समुदायका सम्पूर्ण दिदीबहिनी तथा दाजुभाइहरूमा सुस्वास्थ्य, दीर्घायु एवं उत्तरोत्तर प्रगतिको हार्दिक मंगलमय शुभकामना व्यक्त गर्दछु । जय नेपाल ! https://t.co/ysvcFhh52y",3,1,0,337,32039
1.74105E+18,NC,DrPSMahat,Dr. Prakash S. Mahat,12/30/2023,16:55:40,"नुवाकोट जिल्ला पञ्चकन्या गा.पा. -४ स्थित श्री थप्रेक पञ्चकन्या महिला साना किसान कृषि सहकारी संस्था लि. को चौथो वार्षिक साधारण सभा ।
पौष १४, नुवाकोट https://t.co/NAwD329Yhd",14,2,1,930,32039
1.74096E+18,NC,DrPSMahat,Dr. Prakash S. Mahat,12/30/2023,10:32:45,"नेपाल फर्निचर तथा फर्निसिङ व्यवसायी सहासंघको नवौं वार्षिक साधारण सभा तथा पाँचौ महाधिवेशनको उद्घाटन समारोह ।
पौष १४, काठमाडौं । https://t.co/x761wm25cC",11,0,2,1073,32039
1.74062E+18,NC,DrPSMahat,Dr. Prakash S. Mahat,12/29/2023,11:59:59,"काठमाडौं उपत्यका सार्वजनिक पुस्तकालय समाजको २० औ वार्षिक साधारण सभा । 
पौष १३ काठमाडौं https://t.co/byB9IYu0Vs",3,0,0,482,32039
1.73957E+18,NC,DrPSMahat,Dr. Prakash S. Mahat,12/26/2023,14:31:17,"१७ औं चितवन हात्ती तथा पर्यटन महोत्सव २०८० को उद्घाटन समारोह 
पौष १०, सौराह , चितवन https://t.co/ZXF7rLb6Sz",5,0,1,506,32039
1.77877E+18,NC,DrShashankKoir1,Dr Shashank Koirala,4/12/2024,18:49:51,नयाँ वर्ष २०८१ को पावन अवसरमा तपाईं र तपाईको परिवारमा  हार्दिक मङ्गलमय शुभकामना https://t.co/Bp10G2Lnrb,30,0,4,809,19120
1.7772E+18,NC,DrShashankKoir1,Dr Shashank Koirala,4/8/2024,11:02:40,घोडेजात्राको हार्दिक शुभकामना https://t.co/z9rdacPGUN,9,1,1,438,19120
1.77663E+18,NC,DrShashankKoir1,Dr Shashank Koirala,4/6/2024,21:20:20,दाङ क्षेत्र नं १ को दोस्रो क्षेत्रीय सम्मेलन जाने क्रममा कपिलवस्तुमा साथीहरुसंग छलफल तथा भेटघाट https://t.co/2SaPp1xT0m,8,1,0,511,19120
1.77663E+18,NC,DrShashankKoir1,Dr Shashank Koirala,4/6/2024,21:02:35,दाङ क्षेत्र नं १ को दोस्रो क्षेत्रीय सम्मेलन https://t.co/ezwcLbZlpJ,3,0,0,395,19120
1.7718E+18,NC,DrShashankKoir1,Dr Shashank Koirala,3/24/2024,13:09:37,"खुसी,उमंग,सद्भाव अनि सम्मानकाे,
पर्व फागुपुर्णिमा (हाेली)को हार्दिक शुभकामना https://t.co/oupEOzKDSz",11,1,2,512,19120
1.76828E+18,NC,DrShashankKoir1,Dr Shashank Koirala,3/14/2024,20:13:53,"रजहर खानेपानी तथा सरसफाई उपभोक्ता संस्थाको छैटो अधिवेशन वाट अध्यक्षमा बासु बाबु कोईराला, लगायत विजयी हुनुहुने सबैमा हार्दिक बधाई तथा सफल कार्यकालको शुभकामना https://t.co/oL1XKjyYOj",13,0,1,643,19120
1.76598E+18,NC,DrShashankKoir1,Dr Shashank Koirala,3/8/2024,11:42:54,अन्तराष्ट्रिय नारी दिवसको शुभकामना https://t.co/vko7z6ZMk3,6,0,0,415,19120
1.76597E+18,NC,DrShashankKoir1,Dr Shashank Koirala,3/8/2024,11:01:19,महा शिवरात्रीको हार्दिक शुभकामना https://t.co/zLWerWTZdT,46,2,4,1218,19120
1.76577E+18,NC,DrShashankKoir1,Dr Shashank Koirala,3/7/2024,21:57:01,"नेपाली कांग्रेस र अबको बाटो
साक्षात्कार कार्यक्रम  - मोरङ क्षेत्र नं ४ https://t.co/8YGeAuIC1F",13,0,0,517,19120
1.76238E+18,NC,DrShashankKoir1,Dr Shashank Koirala,2/27/2024,13:20:23,मगर दिवसको हार्दिक शुभकामना https://t.co/SrRoE4BJqv,7,1,0,615,19120
1.76234E+18,NC,DrShashankKoir1,Dr Shashank Koirala,2/27/2024,10:38:05,"हार्दिक श्रद्धाञ्जली !!!

वरिष्ठ गायक तथा संगीतकार भजन शिरोमणि भक्तराज आचार्य ज्युको स्वर्गारोहणले अत्यन्त दुखित भएको छु। उहाँको वैकुण्ठ बासको कामना सहित शोक सन्तप्त परिवार प्रति गहिरो समवेदना प्रकट गर्द्छु । https://t.co/Vxwn4yNDjK",13,0,2,964,19120
1.7609E+18,NC,DrShashankKoir1,Dr Shashank Koirala,2/23/2024,10:59:41,"हार्दिक निमन्त्रणा
नेपाली कांग्रेसको महासमिति बैठकमा सहभागी हुन आउनुभएका महासमिति सदस्यहरु तथा सम्पूर्ण साथीहरुको सम्मानमा आयोजित चियापान तथा भेटघाट कार्यक्रममा उपस्थित लागि हार्दिकअनुराेध गर्दछु।
स्थान:लैनचौर व्याङ्क्युट लैनचाैर काठमाडौं
मिति:२०८०फागुन१२
समय : बिहान ८-१० बजेसम्म https://t.co/Ln3kWoPQEo",9,0,0,372,19120
1.75941E+18,NC,DrShashankKoir1,Dr Shashank Koirala,2/19/2024,8:40:32,"प्रजातन्त्र दिवसको हार्दिक शुभकामना ।

आजको महत्वपूर्ण दिनमा प्रजातन्त्र स्थापनार्थ विभिन्न कालखण्डमा भएको आन्दोलनमा शहादतप्राप्त गर्नुभएका वीर शहीदहरुप्रति हार्दिक श्रद्धाञ्जलि व्यक्त गर्दछु।

जय नेपाल ।।। https://t.co/JQjiRgPDKv",18,1,1,721,19120
1.75619E+18,NC,DrShashankKoir1,Dr Shashank Koirala,2/10/2024,11:01:51,"हार्दिक शुभकामना !!!

सोनाम  ल्होछारको  उपलक्ष्यमा  देश तथा बिदेशमा रहनुहुने दाजुभाइ एवं  दिदिबहिनीहरुमा हार्दिक  शुभकामना व्यक्त गर्दछु ।

जय नेपाल",8,1,0,634,19120
1.75579E+18,NC,DrShashankKoir1,Dr Shashank Koirala,2/9/2024,8:38:32,भावपूर्ण श्रद्धाञ्जली सुशील दा https://t.co/WQHaCFwVNZ,16,1,1,490,19120
1.75215E+18,NC,DrShashankKoir1,Dr Shashank Koirala,1/30/2024,7:58:21,"आज माघ १६ ।

शहीद दिवसका अवसरमा इतिहासका विभिन्न कालखण्डमा लोकतन्त्रको स्थापना र राष्ट्रियताको रक्षाका लागि आफ्नो अमूल्य जीवन उत्सर्ग गर्ने अमर शहीदप्रति हार्दिक नमन तथा भावपूर्ण श्रद्धाञ्जलि अर्पण गर्दछु ।

जय नेपाल ।।।",7,0,0,552,19120
1.74567E+18,NC,DrShashankKoir1,Dr Shashank Koirala,1/12/2024,10:22:50,"नेपाल एकिकरणका राष्ट्र निर्माता पृथ्वी नारायण शाहको ३०२ औे जन्म जयन्ती तथा राष्ट्रिय एकता दिवसको अवसरमा हार्दिक शुभकामना

जय नेपाल ।।। https://t.co/VFqrt7cijY",8,0,0,442,19120
1.74131E+18,NC,DrShashankKoir1,Dr Shashank Koirala,12/31/2023,9:35:43,गुरूङ समुदायको पर्ब तमु ल्होसार २०८०को सबैलाई हार्दिक शुभकामना l https://t.co/kLXSPE6SpD,5,0,0,553,19120
1.72607E+18,NC,DrShashankKoir1,Dr Shashank Koirala,11/19/2023,8:30:28,छठ पर्वको हार्दिक मंगलमय शुभकामना । https://t.co/Q1EC4FHWTH,13,1,2,1069,19120
1.72367E+18,NC,DrShashankKoir1,Dr Shashank Koirala,11/12/2023,17:48:46,"शुभ दिपावली, नेपाल सम्वत् तथा म्ह: पूजाको पावन अवसरमा सम्पूर्ण दिदीबहिनी तथा दाजुभाइहरूमा सुख, शान्ति, समृद्धि र उत्तरोत्तर प्रगतिको शुभकामना व्यक्त गर्दछु ।

जय नेपाल !!! https://t.co/OCXsVHX2Gy",20,3,2,1046,19120
1.72036E+18,NC,DrShashankKoir1,Dr Shashank Koirala,11/3/2023,14:16:15,"हार्दिक बधाइ साथै फाइनल खेलको शुभकामना ।

pc:@CricketNep https://t.co/fy6kij18xU",24,4,1,1221,19120
1.71713E+18,NC,DrShashankKoir1,Dr Shashank Koirala,10/25/2023,16:14:39,"हार्दिक श्रद्वाञ्जली !

नेपाली बैकिंङ क्षेत्रका अग्रज व्यक्तित्व एवं एभरेष्ट बैंकका अध्यक्ष बिके श्रेष्ठको निधनको खबरले स्तब्ध भएको छु।
अमर आत्माको चिर शान्तिको कामना गर्दै शोकाकुल परिवारजनमा गहिरो समवेदना व्यक्त गर्दछु । https://t.co/0LMl1YMqs1",49,1,12,4737,19120
1.71703E+18,NC,DrShashankKoir1,Dr Shashank Koirala,10/25/2023,9:37:32,"मेरो जन्मदिनको अवसरमा मलाई प्रत्यक्ष एवं अप्रत्यक्ष रुपमा स्वदेश र बिदेशबाट विभिन्न माध्यम मार्फत शुभकामना तथा शुभेच्छा प्रकट गर्नुहुने सबैमा धन्यवादका साथै हार्दिक आभार ब्यक्त गर्दछु।

जय नेपाल !!! https://t.co/7AR5h5ExP0",29,0,7,1444,19120
1.71555E+18,NC,DrShashankKoir1,Dr Shashank Koirala,10/21/2023,7:48:04,हार्दिक मंगलमय शुभकामना https://t.co/7WlQ3lo4f2,58,1,10,3246,19120
1.70557E+18,NC,DrShashankKoir1,Dr Shashank Koirala,9/23/2023,18:52:08,"नेपाल क्रिकेट संघ (क्यान) को अध्यक्षमा निर्वाचित चतुरबहादुर चन्द उपाध्यक्षमा रोशन सिंह, सचिवमा पारस खड्का र कोषाध्यक्षमा पदम बहादुर खड्का लगायत सिङ्गो नवनिर्वाचित कार्यसमिति लाई बधाई तथा सफल कार्यकालको शुभकामना । https://t.co/Q1UY6Y6dwm",12,1,1,1055,19120
1.70434E+18,NC,DrShashankKoir1,Dr Shashank Koirala,9/20/2023,9:15:29,संविधान दिवसका अवसरमा स्वदेश तथा विदेशमा रहनु भएका सम्पूर्ण नेपाली दिदीबहिनी तथा दाजुभाईहरुमा शुभकामना व्यक्त गर्दछु । https://t.co/hItu5zGs2O,12,1,8,1157,19120
1.70361E+18,NC,DrShashankKoir1,Dr Shashank Koirala,9/18/2023,8:58:17,हरितालिका तिज पर्वको अवसरमा  स्वदेश तथा विदेशमा रहनु भएका समस्त नेपाली दिदीबहिनीहरुमा हार्दिक मंगलमय शुभकामना व्यक्त गर्दछु । https://t.co/Re9kknjMTg,34,1,2,1808,19120
1.70216E+18,NC,DrShashankKoir1,Dr Shashank Koirala,9/14/2023,9:00:12,"कुशे औंसी अर्थात् पितृ सम्मान 
बुबाको मुख हेर्ने दिनको 
साथै मोतीराम जन्मजयन्तीको 
हार्दिक शुभकामना https://t.co/RlnPHMar5p",17,1,2,1439,19120
1.70147E+18,NC,DrShashankKoir1,Dr Shashank Koirala,9/12/2023,11:26:37,"हार्दिक श्रद्वाञ्जली !

नेपाली काङ्ग्रेस नवलपरासीका संस्थापक सभापति ,प्रजातन्त्र  सेनानी ,हामी सबैका अभिभावक पुर्णचन्द्र नेपालको निधन भएको खबरले स्तब्ध भएको छु ।

अमर आत्माको चिर शान्तिको कामना गर्दै शोकाकुल परिवारजनमा गहिरो समवेदना व्यक्त गर्दछु । https://t.co/8vCiodeGmZ",24,4,10,3025,19120
1.70144E+18,NC,DrShashankKoir1,Dr Shashank Koirala,9/12/2023,9:38:11,"हार्दिक श्रद्वाञ्जली !

नेकपा एमालेका उपाध्यक्ष, संविधानसभाका अध्यक्ष एवं प्रतिनिधि सभा सदस्य आदरणीय  सुवासचन्द्र नेम्वाङको असामयिक निधन भएको खबरले स्तब्ध भएको छु ।

अमर आत्माको चिर शान्तिको कामना गर्दै शोकाकुल परिवारजनमा गहिरो समवेदना व्यक्त गर्दछु । https://t.co/AinrQVDxKG",22,2,2,1088,19120
1.70071E+18,NC,DrShashankKoir1,Dr Shashank Koirala,9/10/2023,8:44:39,"हार्दिक श्रद्धासुमन पिता जी
नैतिकतालाई राजनितिमा पहिलो अनिवार्य योग्यताका रूपमा लिनुहुदै नैतिकतालेनै राजनीति सफल हुनेमा दृढ हजुरले सदैव आफु भन्दा पार्टी र पार्टी भन्दा देशलाई महत्त्व दिने संस्कारको विकास गर्नुभएको थियो।तपाईंले देखाउनुभएको मार्गमा हिँड्न सक्ने क्षमता प्राप्तहोस्। https://t.co/OB1miQnkvx",296,8,43,18200,19120
1.69964E+18,NC,DrShashankKoir1,Dr Shashank Koirala,9/7/2023,9:52:50,"हार्दिक श्रद्वाञ्जली
नेपाली काँग्रेस काठमाडौं क्षेत्र नं. ७ का सभापति एवम् काठमाडौं महानगरपालिका वडा नं. १६ का वडा अध्यक्ष मुकुन्द रिजालको असामयिक निधनको खबरले अत्यन्तै मर्माहत र निःशब्द भएको छु।
अमर आत्माको चिर शान्तिको कामना गर्दै शोकाकुल परिवारजनमा गहिरो समवेदना व्यक्त गर्दछु https://t.co/C8335wNmTe",60,2,38,6335,19120
1.6993E+18,NC,DrShashankKoir1,Dr Shashank Koirala,9/6/2023,11:41:23,श्रीकृष्ण जन्माष्टमीको पावन अवसरमा नेपाल भित्र र संसारभरि रहनुभएका सम्पूर्ण दिदीबहिनी तथा दाजुभाइहरुमा मंगलमय शुभकामना व्यक्त गर्दछु। https://t.co/DQD5YkOqel,40,2,3,2062,19120
1.69708E+18,NC,DrShashankKoir1,Dr Shashank Koirala,8/31/2023,8:24:38,"जनै पूर्णिमा ,रक्षाबन्धन एवम गाईजात्रा २०८०को
हार्दिक मंगलमय शुभकामना । https://t.co/54gvTIwKXC",39,1,3,2561,19120
1.69293E+18,NC,DrShashankKoir1,Dr Shashank Koirala,8/19/2023,21:30:04,लुम्बिनी प्रदेशका स्वास्थ्य मन्त्री राजु खनाल तथा नेपाली कांग्रेसका पुर्ब केन्द्रीय सदस्य डा राजाराम कार्कीलाई शीघ्र स्वास्थ्य लाभको कामना https://t.co/JBBMWudYmR,8,0,2,1016,19120
1.69282E+18,NC,DrShashankKoir1,Dr Shashank Koirala,8/19/2023,14:37:26,नेपाली कांग्रेस केन्द्रीय सदस्य एंब माननीय संजय गौतमका पिताजी किशोर कुमार गौतम ज्युको शीघ्र स्वास्थ्य लाभको कामना ब्यक्त्त गर्दछु । https://t.co/8b0cHUyYuv,20,1,2,1156,19120
1.69031E+18,NC,DrShashankKoir1,Dr Shashank Koirala,8/12/2023,16:17:46,शीघ्र स्वास्थ्य लाभको कामना  धनराजजी https://t.co/R8qPRFVGIO,211,4,27,24635,19120
1.68659E+18,NC,DrShashankKoir1,Dr Shashank Koirala,8/2/2023,10:13:18,"हार्दिक श्रदाञ्जली 

नेपाली काँग्रेस नवलपुर प्रतिनिधि सभा क्षेत्र नं १, प्रदेश सभा क्षेत्र नं ‘ख’का उपसभापति मिनराशी गुरुङको असामयिक निधन भएको खबरले अत्यन्तै मर्माहत र निःशब्द भएको छु ।

अमर आत्माको चिर शान्तिको कामना गर्दै शोकाकुल परिवारजनमा गहिरो समवेदना व्यक्त गर्दछु । https://t.co/PrgQEIeRJp",25,4,28,3939,19120
1.68375E+18,NC,DrShashankKoir1,Dr Shashank Koirala,7/25/2023,13:37:50,आपसी सद्भाव र एकताका लागि‌ चियापान कार्यक्रम ! https://t.co/OnwVJqjo7y,91,10,6,5591,19120
1.68262E+18,NC,DrShashankKoir1,Dr Shashank Koirala,7/22/2023,10:39:37,भावपूर्ण श्रद्धाञ्जली पिता जी https://t.co/cizb3x0RYi,709,21,89,46112,19120
1.67981E+18,NC,DrShashankKoir1,Dr Shashank Koirala,7/14/2023,16:42:46,भावपूर्ण श्रद्धाञ्जली आमा https://t.co/YgoNG1x8e6,48,3,5,3813,19120
1.679E+18,NC,DrShashankKoir1,Dr Shashank Koirala,7/12/2023,11:14:57,"हार्दिक श्रद्धाञ्जली 

प्रधानमन्त्री पुष्पकमल दाहाल प्रचण्ड ज्यूकी धर्मपत्नी सीता दाहालको निधन भएको खबरले अत्यन्तै मर्माहत र निशब्द भएको छु । उहाँको आत्माको चीर शान्तिको कामना गर्दै भावपूर्ण श्रद्धाञ्जली व्यक्त गर्दछु । https://t.co/XGIXAZpvkV",29,0,1,1620,19120
1.67695E+18,NC,DrShashankKoir1,Dr Shashank Koirala,7/6/2023,19:15:07,"नेपाल तरुण दलका साथीहरु सबैलाई हार्दिक बधाई।

जय नेपाल । https://t.co/lY2tm3gLfo",17,1,2,1224,19120
1.67569E+18,NC,DrShashankKoir1,Dr Shashank Koirala,7/3/2023,7:59:02,गुरु पूर्णिमाको अवसरमा हार्दिक शुभकामना https://t.co/DwgelihUvt,27,2,4,2250,19120
1.67464E+18,NC,DrShashankKoir1,Dr Shashank Koirala,6/30/2023,10:13:52,"आज असार १५ अर्थात् राष्ट्रिय धान दिवस (मानो रोपेर मुरी फलाउने दिन)
दहि चिउरा खाने दिनको शुभकामना !!! https://t.co/tllWj7aRmM",19,1,2,1209,19120
1.6708E+18,NC,DrShashankKoir1,Dr Shashank Koirala,6/19/2023,20:26:02,हार्दिक श्रद्धाञ्जली शिव https://t.co/hb2Ky5IMau,43,3,15,6230,19120
1.66024E+18,NC,DrShashankKoir1,Dr Shashank Koirala,5/21/2023,16:48:51,"बागमती प्रदेश सरकारको मन्त्री नियुक्त हुने सम्पूर्णलाई हार्दिक बधाई तथा कार्यकाल सफलताको शुभकामना !

जय नेपाल ! https://t.co/xO4uXXqj0E",12,0,10,1269,19120
1.65435E+18,NC,DrShashankKoir1,Dr Shashank Koirala,5/5/2023,10:30:11,बुद्ध जयन्ती तथा उभौली पर्वको सबैमा हार्दिक शुभकामना व्यक्त गर्दछु। https://t.co/hU4vPHGInM,25,0,39,1432,19120
1.65328E+18,NC,DrShashankKoir1,Dr Shashank Koirala,5/2/2023,12:03:34,एसीसी प्रिमियर कपको फाइनल खेलमा यूएईलाई हराउँदै विजयी हुन सफल साथै आगामी सेप्टेम्बरमा हुने एसिया-कपका लागि छनोट भएकोमा नेपाली क्रिकेट टिमलाई हार्दिक बधाई तथा शुभकामना । https://t.co/149fwTon6Q,27,0,0,1603,19120
1.6519E+18,NC,DrShashankKoir1,Dr Shashank Koirala,4/28/2023,16:20:14,"नेपाली काँग्रेस लुम्बिनी प्रदेश संसदीय दलका नेता डिल्ली बहादुर चौधरी लुम्बिनी प्रदेशको मुख्यमन्त्री पदमा नियुक्त हुनुभएकोमा हार्दिक बधाई तथा सफल कार्यकालको शुभकामना व्यक्त गर्दछु । समग्र लुम्बिनी प्रदेशको विकास, समृद्धि र शुसासन निर्माणमा यहाँको नेतृत्व सफल हुने विश्वास लिएको छु। https://t.co/04k6dkWfkJ",28,1,7,2113,19120
1.6516E+18,NC,DrShashankKoir1,Dr Shashank Koirala,4/27/2023,20:39:17,"नेपाली काँग्रेस गण्डकी प्रदेश संसदीय दलका नेता सुरेन्द्रराज पाण्डे गण्डकी प्रदेशको मुख्यमन्त्री पदमा नियुक्त हुनुभएकोमा हार्दिक बधाई तथा सफल कार्यकालको शुभकामना व्यक्त गर्दछु । समग्र गण्डकी प्रदेशको विकास, समृद्धि र शुसासन निर्माणमा यहाँको नेतृत्व सफल हुने विश्वास लिएको छु। https://t.co/0ik3IveVhR",7,0,0,615,19120
1.65035E+18,NC,DrShashankKoir1,Dr Shashank Koirala,4/24/2023,9:50:48,लोकतन्त्र दिवसको अवसरमा देश-विदेशमा रहनुभएका सम्पूर्ण नेपाली दिदीबहिनी तथा दाजुभाइहरूमा हार्दिक शुभकामना व्यक्त गर्दछु।लोकतान्त्र स्थापनार्थ विभिन्न कालखण्डमा भएका आन्दोलनका क्रममा आफ्नो अमूल्य जीवन उत्सर्ग गर्नुहुने महान् शहीदहरूप्रति उच्च सम्मान गर्दै श्रद्धासुमन अर्पण गर्दछु। https://t.co/PY6vcezqHx,18,0,5,1506,19120
1.64672E+18,NC,DrShashankKoir1,Dr Shashank Koirala,4/14/2023,9:06:28,हार्दिक मंगलमय शुभकामना l https://t.co/DLBDBK4uGt,31,2,9,2887,19120
1.6388E+18,NC,DrShashankKoir1,Dr Shashank Koirala,3/23/2023,12:51:30,स्ववियु निर्वाचन - २०७९ मा नेपाल विद्यार्थी संघको तर्फबाट निर्वाचित एवम् प्रतिस्पर्धी विद्यार्थीहरु सबैलाई हार्दिक बधाई एवम् सफल कार्यकालको शुभकामना ! https://t.co/H07j9icwWo,25,1,2,1232,19120
1.63634E+18,NC,DrShashankKoir1,Dr Shashank Koirala,3/16/2023,18:11:48,"आइसिसी विश्वकप लिग २ अन्तर्गत  नेपालले युएईलाई ९ रनले हराउँदै विश्वकप क्वालिफायरमा आफ्नो स्थान सुनिश्चित पार्न सफल भएकोमा नेपाली क्रिकेट टोलिलाई हार्दिक बधाई तथा शुभकामना ।
जय नेपाल। https://t.co/ewmkRBqmi7",51,4,3,2141,19120
1.6338E+18,NC,DrShashankKoir1,Dr Shashank Koirala,3/9/2023,17:50:57,नेपालकाे राष्ट्रपति पदमा निर्वाचित हुनुभएकोमा आदरणीय नेता रामचन्द्र पाैडेल ज्युलाई हार्दिक बधाई तथा सफल कार्यकालको शुभकामना !! https://t.co/ivMHmAVq2u,69,4,6,3473,19120
1.63258E+18,NC,DrShashankKoir1,Dr Shashank Koirala,3/6/2023,9:00:35,"खुसी,उमंग,सद्भाव अनि सम्मानकाे,
पर्व फागुपुर्णिमा (हाेली) को शुभकामना !! https://t.co/mVxIAZva7A",16,0,3,778,19120
1.62789E+18,NC,DrShashankKoir1,Dr Shashank Koirala,2/21/2023,10:29:05,"शेर्पा समुदायको पर्व ग्याल्पो ल्होछार अर्थात् नयाँ वर्ष २१५० क्षु-फो-ताक्लोको उपलक्ष्यमा सम्पूर्ण देश विदेशमा रहनुभएका दाजुभाई तथा दिदीबहिनीहरुमा सुख, शान्ति, सुस्वास्थ्य र प्रगतिको शुभकामना व्यक्त गर्दछु । 

जय नेपाल ।",23,0,1,1696,19120
1.62717E+18,NC,DrShashankKoir1,Dr Shashank Koirala,2/19/2023,10:39:36,"जननायक वीपी कोइरालाको नेतृत्वमा सशस्त्र र निर्णायक आन्दोलनमार्फत नेपालमा निरकुंश जहानियाँ राणा शासनको अन्त्य गर्दै पहिलोपटक नेपाली जनताले मुक्ति र स्वतन्त्रता प्राप्त गरेको दिन आज फागुन ७  प्रजातन्त्र दिवस ।

सबैमा प्रजातन्त्र दिवसको हार्दिक शुभकामना ।

 जय नेपाल ।।। https://t.co/zNm85j97qK",55,4,6,2859,19120
1.61989E+18,NC,DrShashankKoir1,Dr Shashank Koirala,1/30/2023,8:13:45,"आज माघ १६ ।

शहीद दिवसका अवसरमा इतिहासका विभिन्न कालखण्डमा लोकतन्त्रको स्थापना र राष्ट्रियताको रक्षाका लागि आफ्नो अमूल्य जीवन उत्सर्ग गर्ने अमर शहीदप्रति हार्दिक नमन तथा भावपूर्ण श्रद्धाञ्जलि अर्पण गर्दछु ।

जय नेपाल ।।।",23,1,1,1415,19120
1.61702E+18,NC,DrShashankKoir1,Dr Shashank Koirala,1/22/2023,10:26:30,"हार्दिक शुभकामना !!!
२८५९ औं  सोनाम  ल्होछारको  उपलक्ष्यमा  देश तथा बिदेशमा रहनुहुने दाजुभाइ एवं  दिदिबहिनीहरुमा हार्दिक  शुभकामना व्यक्त गर्दछु ।
जय नेपाल",15,1,19,1283,19120
1.61301E+18,NC,DrShashankKoir1,Dr Shashank Koirala,1/11/2023,8:47:38,"नेपाल एकिकरणका राष्ट्र निर्माता पृथ्वी नारायण शाहको ३०१ औे जन्म जयन्ती तथा राष्ट्रिय एकता दिवसको अवसरमा हार्दिक शुभकामना

जय नेपाल ।।। https://t.co/XH7tj6fbpS",21,1,4,1352,19120
1.60938E+18,NC,DrShashankKoir1,Dr Shashank Koirala,1/1/2023,8:34:40,"राष्ट्रिय टोपी (राष्ट्रिय पोसाक) दिवश तथा अंग्रेजी नयाँ वर्ष, इस्वी संवत २०२३ को अवसरमा सम्पूर्ण नेपाली दिदीबहिनी तथा दाजुभाइमा सुख, शान्ति, समृद्धि तथा उत्तरोत्तर प्रगतिकाे शुभकामना व्यक्त गर्दछु ।

जय नेपाल ।।।",18,0,0,1032,19120
1.60615E+18,NC,DrShashankKoir1,Dr Shashank Koirala,12/23/2022,10:53:23,"नेपाली कांग्रेसका पूर्व-सभापति, पूर्व-प्रधानमन्त्री,सन्त नेता श्रद्धेय कृष्णप्रसाद भट्टराई ज्यु प्रति उहाँको जन्म जयन्तीको पावन अवसरमा हृदय देखि नै श्रद्धासुमन अर्पण गर्दछु ।

जय नेपाल । https://t.co/ZFpXCjsPgh",40,0,2,2181,19120
1.59751E+18,NC,DrShashankKoir1,Dr Shashank Koirala,11/29/2022,14:19:07,मौलाकाली मन्दिर दर्शन https://t.co/7J6CAuQ5FC,45,0,9,0,19120
1.59708E+18,NC,DrShashankKoir1,Dr Shashank Koirala,11/28/2022,9:56:58,हार्दिक बधाई तथा सफल कार्यकालको शुभकामना ! https://t.co/Ink5R9J02u,5,0,1,0,19120
1.59708E+18,NC,DrShashankKoir1,Dr Shashank Koirala,11/28/2022,9:56:49,हार्दिक बधाई तथा सफल कार्यकालको शुभकामना ! https://t.co/G9H9J4p0wm,7,0,0,0,19120
1.59708E+18,NC,DrShashankKoir1,Dr Shashank Koirala,11/28/2022,9:56:25,हार्दिक बधाई तथा सफल कार्यकालको शुभकामना ! https://t.co/BviNRg9pCH,4,0,0,0,19120
1.59708E+18,NC,DrShashankKoir1,Dr Shashank Koirala,11/28/2022,9:56:11,हार्दिक बधाई तथा सफल कार्यकालको शुभकामना ! https://t.co/3cYexwfLU0,14,0,0,0,19120
1.59673E+18,NC,DrShashankKoir1,Dr Shashank Koirala,11/27/2022,10:42:59,"धन्यबाद ज्ञापन र्याली 
 - निर्वाचन २०७९ https://t.co/Hu1WW2xlXI",38,0,1,0,19120
1.59655E+18,NC,DrShashankKoir1,Dr Shashank Koirala,11/26/2022,22:42:35,हार्दिक बधाई तथा सफल कार्यकालको शुभकामना ! https://t.co/IOnDbBhDGk,6,0,0,0,19120
1.59655E+18,NC,DrShashankKoir1,Dr Shashank Koirala,11/26/2022,22:37:46,हार्दिक बधाई तथा सफल कार्यकालको शुभकामना ! https://t.co/GYtndPwr2d,5,0,0,0,19120
1.59655E+18,NC,DrShashankKoir1,Dr Shashank Koirala,11/26/2022,22:30:25,हार्दिक बधाई तथा सफल कार्यकालको शुभकामना ! https://t.co/Hd3VrsUWwc,12,0,0,0,19120
1.5964E+18,NC,DrShashankKoir1,Dr Shashank Koirala,11/26/2022,12:49:04,हार्दिक बधाई तथा सफल कार्यकालको शुभकामना ! https://t.co/P36cuYs947,12,0,0,0,19120
1.5964E+18,NC,DrShashankKoir1,Dr Shashank Koirala,11/26/2022,12:48:05,हार्दिक बधाई तथा सफल कार्यकालको शुभकामना ! https://t.co/Zw6CrQFURV,10,0,1,0,19120
1.5962E+18,NC,DrShashankKoir1,Dr Shashank Koirala,11/25/2022,23:39:43,हार्दिक बधाई तथा सफल कार्यकालको शुभकामना ! https://t.co/sHnXVSpOby,24,0,2,0,19120
1.59619E+18,NC,DrShashankKoir1,Dr Shashank Koirala,11/25/2022,23:04:01,हार्दिक बधाई तथा सफल कार्यकालको शुभकामना ! https://t.co/kRXwvZBcOE,8,0,0,0,19120
1.59619E+18,NC,DrShashankKoir1,Dr Shashank Koirala,11/25/2022,22:58:52,हार्दिक बधाई तथा सफल कार्यकालको शुभकामना ! https://t.co/4oMPrAGbsH,1,0,0,0,19120
1.59618E+18,NC,DrShashankKoir1,Dr Shashank Koirala,11/25/2022,22:26:34,हार्दिक बधाई तथा सफल कार्यकालको शुभकामना ! https://t.co/HSdTjJv84a,2,0,1,0,19120
1.59618E+18,NC,DrShashankKoir1,Dr Shashank Koirala,11/25/2022,22:17:02,हार्दिक बधाई तथा सफल कार्यकालको शुभकामना ! https://t.co/Uc3qoGG8X1,3,0,0,0,19120
1.59618E+18,NC,DrShashankKoir1,Dr Shashank Koirala,11/25/2022,22:14:01,हार्दिक बधाई तथा सफल कार्यकालको शुभकामना ! https://t.co/49zc4P7Eyo,16,0,3,0,19120
1.59595E+18,NC,DrShashankKoir1,Dr Shashank Koirala,11/25/2022,7:06:05,"हार्दिक बधाई तथा सफल कार्यकालको शुभकामना !
@NPSaudnc https://t.co/LW7Qu3A2Ts",7,1,0,0,19120
1.59595E+18,NC,DrShashankKoir1,Dr Shashank Koirala,11/25/2022,7:05:25,हार्दिक बधाई तथा सफल कार्यकालको शुभकामना ! https://t.co/7P9evpWoBR,13,1,0,0,19120
1.59595E+18,NC,DrShashankKoir1,Dr Shashank Koirala,11/25/2022,7:05:06,हार्दिक बधाई तथा सफल कार्यकालको शुभकामना ! https://t.co/yXrHcqDf6E,2,1,0,0,19120
1.59595E+18,NC,DrShashankKoir1,Dr Shashank Koirala,11/25/2022,7:04:43,हार्दिक बधाई तथा सफल कार्यकालको शुभकामना ! https://t.co/xFXuvG9S4t,2,1,0,0,19120
1.59595E+18,NC,DrShashankKoir1,Dr Shashank Koirala,11/25/2022,7:04:20,हार्दिक बधाई तथा सफल कार्यकालको शुभकामना ! https://t.co/sGRrC4D1Px,3,1,0,0,19120
1.59595E+18,NC,DrShashankKoir1,Dr Shashank Koirala,11/25/2022,7:03:57,हार्दिक बधाई तथा सफल कार्यकालको शुभकामना ! https://t.co/h2Asdlk454,8,1,0,0,19120
1.59595E+18,NC,DrShashankKoir1,Dr Shashank Koirala,11/25/2022,7:03:39,हार्दिक बधाई तथा सफल कार्यकालको शुभकामना ! https://t.co/rKoXpdLe30,5,1,0,0,19120
1.59595E+18,NC,DrShashankKoir1,Dr Shashank Koirala,11/25/2022,7:03:16,हार्दिक बधाई तथा सफल कार्यकालको शुभकामना ! https://t.co/PH9AyGNZqF,14,2,2,0,19120
1.59595E+18,NC,DrShashankKoir1,Dr Shashank Koirala,11/25/2022,7:02:56,हार्दिक बधाई तथा सफल कार्यकालको शुभकामना ! https://t.co/XZjf2X2y7Q,9,1,0,0,19120
1.59595E+18,NC,DrShashankKoir1,Dr Shashank Koirala,11/25/2022,7:02:35,हार्दिक बधाई तथा सफल कार्यकालको शुभकामना ! https://t.co/80QEIt0PvK,11,1,0,0,19120
1.59588E+18,NC,DrShashankKoir1,Dr Shashank Koirala,11/25/2022,2:29:52,हार्दिक बधाई तथा सफल कार्यकालको शुभकामना ! https://t.co/EwHHDAzQoK,5,1,0,0,19120
1.59587E+18,NC,DrShashankKoir1,Dr Shashank Koirala,11/25/2022,1:50:11,हार्दिक बधाई तथा सफल कार्यकालको शुभकामना ! https://t.co/gkx4ndAGNo,8,1,1,0,19120
1.59587E+18,NC,DrShashankKoir1,Dr Shashank Koirala,11/25/2022,1:49:23,हार्दिक बधाई तथा सफल कार्यकालको शुभकामना ! https://t.co/ftYaDuDpGg,8,1,0,0,19120
1.59587E+18,NC,DrShashankKoir1,Dr Shashank Koirala,11/25/2022,1:36:58,"हार्दिक बधाई तथा सफल कार्यकालको शुभकामना !
@NcPaudel https://t.co/MmyMY2mMuL",6,1,0,0,19120
1.59587E+18,NC,DrShashankKoir1,Dr Shashank Koirala,11/25/2022,1:26:41,हार्दिक बधाई तथा सफल कार्यकालको शुभकामना ! https://t.co/KBKIDqfV7o,6,1,0,0,19120
1.59586E+18,NC,DrShashankKoir1,Dr Shashank Koirala,11/25/2022,1:21:33,हार्दिक बधाई तथा सफल कार्यकालको शुभकामना ! https://t.co/N1Q614LzUT,6,1,0,0,19120
1.59586E+18,NC,DrShashankKoir1,Dr Shashank Koirala,11/25/2022,1:16:35,हार्दिक बधाई तथा सफल कार्यकालको शुभकामना ! https://t.co/Ohqu9TDkog,13,1,0,0,19120
1.59586E+18,NC,DrShashankKoir1,Dr Shashank Koirala,11/25/2022,1:11:27,हार्दिक बधाई तथा सफल कार्यकालको शुभकामना ! https://t.co/lMw2reflHu,5,1,1,0,19120
1.59586E+18,NC,DrShashankKoir1,Dr Shashank Koirala,11/25/2022,1:07:41,हार्दिक बधाई तथा सफल कार्यकालको शुभकामना ! https://t.co/wgyZkcBGuA,7,1,0,0,19120
1.7788E+18,NC,NCPurnaKhadka,Purna Bahadur Khadka,4/12/2024,20:25:15,"लाेकतान्त्रिक अान्दाेलनका अथकयाेद्धा, नेपाली काँग्रेस कास्किका पुराना निष्ठावान नेता,महासमिति सदस्य, सहृदयी अादर्णिय दाजु खेमराज पाैडेलज्युकाे निधनकाे दुःखद खबरले स्तब्ध र मर्माहत भएकाेछु।भावपूर्ण श्रद्धाञ्जली अर्पण🙏 शाेकसन्तप्त समस्त परिवारजनमा गहिराे समबेदना ब्यक्त गर्दछु🙏 https://t.co/Bs2t9hT7FD",20,1,6,1271,44007
1.76598E+18,NC,NCPurnaKhadka,Purna Bahadur Khadka,3/8/2024,11:30:55,अन्तर्राष्ट्रिय नारी दिवसकाे उपलक्षमा सबैमा मंगलमय शुभकामना 🙏🌳💐 https://t.co/dNUw6yis7N,47,3,6,1549,44007
1.7643E+18,NC,NCPurnaKhadka,Purna Bahadur Khadka,3/3/2024,20:18:16,"अाज किशुुनज्युले हामीलाई भाैतिकरुपमा छाेडेर जानूभएकाे दुःखद एबं पिडादायि दिन ! (फागुन २० ) !                                 श्रद्धेयःकिसुनज्यु प्रति नमन 🙏
सन्त नेता श्रद्धेयःकृष्णप्रसाद भट्टराईज्यु प्रति उहाकाे स्मृतिमा हृदयदेखिनै ,
भावपूर्ण श्रद्धाञ्जली अर्पण 🙏 https://t.co/hbUImwAy1d",72,10,17,8682,44007
1.7623E+18,NC,NCPurnaKhadka,Purna Bahadur Khadka,2/27/2024,7:44:52,"वरिष्ठ गायक तथा संगीतकार भक्तराज अाचार्य भाैतिक रुपमा अब हामी बिच रहनु भएन, तर उहाँले हामीलाई छाेडेर जानु भएका कालजयी भजन र संगीत सदा हामी बिच अम्बर रहिरने छन्।बैकुण्ठवासि भक्तराजजि प्रति भावपूर्ण श्रद्धाञ्जली 🙏 अर्पण तथा शाेकाकुल परिवारजनमा गहिराे समबेदना🙏 https://t.co/jPS1L6lftQ",21,2,1,957,44007
1.75948E+18,NC,NCPurnaKhadka,Purna Bahadur Khadka,2/19/2024,13:04:07,https://t.co/mhmwVEYxXe,48,4,5,1636,44007
1.75941E+18,NC,NCPurnaKhadka,Purna Bahadur Khadka,2/19/2024,8:43:20,https://t.co/HQXZHeRjWE,37,1,1,1036,44007
1.7585E+18,NC,NCPurnaKhadka,Purna Bahadur Khadka,2/16/2024,20:34:04,भोलि फागुन ५ गतेदेखि ७ गतेसम्म कर्णाली प्रदेशको राजधानी सुर्खेतको वीरेन्द्रनगर स्थित बुलबुले उद्यानमा हुन गइरहेको कर्णाली उत्सव ..कुडा कर्नालीकाको पाँचौं संस्करण भव्य रुपमा सफल बनोस् ! उत्सवलाई सफलताको शुभकामना🙏🌳 https://t.co/lY62N3FM7u,62,5,2,3115,44007
1.75491E+18,NC,NCPurnaKhadka,Purna Bahadur Khadka,2/6/2024,22:33:15,"नेपाली काँग्रेसका केन्द्रिय सदस्य, संबिधानसभाका सदस्य , पूर्ब-मन्त्री एबं मेरा मित्र केशब कुमार बुढाथोकीजिकाे निधनकाे दुःखद खबरले स्तब्ध र अत्यन्त दुःखित छु। उहाँ प्रति हृदयदेखिनै भावपूर्ण श्रद्धाञ्जली अर्पण🙏तथा शाेकाकुल समस्त परिवारजनमा गहिराे समबेदना ब्यक्त गर्दछु🙏 https://t.co/IJriqIvKBS",25,2,11,1310,44007
1.75272E+18,NC,NCPurnaKhadka,Purna Bahadur Khadka,1/31/2024,21:47:39,"सुर्खेत,लाटिकाेईलि निवासी,बरिस्ठ अधिबक्ता एबं मेरा अनन्य मित्र भूषण मानन्धरजिका पुजनिय पिताज्युकाे निधनकाे दुःखद खबरले स्तब्ध र अत्यन्त दुःखित भएकाे छु। पिताजि प्रति  भावपूर्ण श्रद्धाञ्जली अर्पण🙏तथा शाेकाकुल मित्र भूषणजि लगायत समस्त परिवारजनमा गहिराे समबेदना ब्यक्त गर्दछु🙏 https://t.co/J5a7xPvt66",15,1,3,816,44007
1.75214E+18,NC,NCPurnaKhadka,Purna Bahadur Khadka,1/30/2024,7:23:03,https://t.co/qnKpGxIQlQ,34,3,11,1343,44007
1.75053E+18,NC,NCPurnaKhadka,Purna Bahadur Khadka,1/25/2024,20:41:44,https://t.co/kNjvE3eNYT,49,1,5,1657,44007
1.75008E+18,NC,NCPurnaKhadka,Purna Bahadur Khadka,1/24/2024,14:30:05,https://t.co/s6rXdCD9Mr,21,1,14,1217,44007
1.74607E+18,NC,NCPurnaKhadka,Purna Bahadur Khadka,1/13/2024,13:05:43,https://t.co/RuLhJBKXyF,12,3,8,1227,44007
1.74563E+18,NC,NCPurnaKhadka,Purna Bahadur Khadka,1/12/2024,8:13:54,https://t.co/6Xsl65gbro,26,0,11,1207,44007
1.74164E+18,NC,NCPurnaKhadka,Purna Bahadur Khadka,1/1/2024,7:59:47,https://t.co/LqzOq1c6uh,159,6,39,25471,44007
1.73882E+18,NC,NCPurnaKhadka,Purna Bahadur Khadka,12/24/2023,12:57:08,https://t.co/pkxykOc2Sm,93,5,30,5277,44007
1.72968E+18,NC,NCPurnaKhadka,Purna Bahadur Khadka,11/29/2023,7:24:00,https://t.co/7ZmrM4X64g,40,3,6,2035,44007
1.72702E+18,NC,NCPurnaKhadka,Purna Bahadur Khadka,11/21/2023,23:25:06,"सुर्खेत, निवासी काकाहरु गाेबिन्द काेईराला र दिनेश काेईरालाका पिता नाताले हाँम्रा बाजे अादर्णिय पशुपतिभक्त कोइरालाको निधनको दुःखद खबरले मर्माहत र अत्यन्त दुखित तुल्याएको छ। बैकुण्ठवासि बाजे प्रति भावपूर्ण श्रद्धाञ्जली अर्पण🙏 तथा शोकसन्तप्त परिवारजनमा गहिरो समवेदना प्रकट गर्दछु 🙏 https://t.co/FshPVRgyfe",4,0,0,1221,44007
1.72682E+18,NC,NCPurnaKhadka,Purna Bahadur Khadka,11/21/2023,10:27:55,https://t.co/OHKzWD9Ipx,5,1,1,917,44007
1.7265E+18,NC,NCPurnaKhadka,Purna Bahadur Khadka,11/20/2023,12:50:06,https://t.co/nPexS0sHLD,20,2,12,1720,44007
1.72073E+18,NC,NCPurnaKhadka,Purna Bahadur Khadka,11/4/2023,14:47:58,https://t.co/80nsUo8goq,73,9,9,3369,44007
1.72036E+18,NC,NCPurnaKhadka,Purna Bahadur Khadka,11/3/2023,14:15:00,https://t.co/XU9iKOTHae,125,9,27,13796,44007
1.71446E+18,NC,NCPurnaKhadka,Purna Bahadur Khadka,10/18/2023,7:38:15,"नेपाली ईतिहासका धरोहर,नेपाल भाषाका हस्ती अादर्णिय चित्तरञ्जन नेपालीको निधनको दुःखद खबरले अत्यन्त  दुखी तुल्यायो, उहाँ प्रति हृदयदेखिनै भावपूर्ण श्रद्धाञ्जली अर्पण🙏तथा शाेकाकुल परिवारजनमा गहिराे समबेदना 
ब्यक्त गर्दछु🙏 https://t.co/sVvxzfVVZg",35,3,12,1998,44007
1.71339E+18,NC,NCPurnaKhadka,Purna Bahadur Khadka,10/15/2023,9:02:54,"नेपाली सेनाकाे भावि प्रधान-सेनापतिकाे नाममा मेराे नाम समेत जाेडेर केहि संचार माध्यममा लेखिएका कुरा भ्रामक र असत्य भएकाे कुरा प्रष्ठ पार्न चाहान्छु।सैनिक ऐन,नियम र नेपाली सेनाकाे स्थापित परम्पराकाे बिपरित गर्ने र हुन दिने कुरा म कल्पना पनि गर्न सक्तिन,म यस प्रति पूर्णप्रतिबद्ध छु। https://t.co/tEAmnroC8N",203,29,106,72394,44007
1.71048E+18,NC,NCPurnaKhadka,Purna Bahadur Khadka,10/7/2023,7:53:37,https://t.co/Y3xiamad8q,41,5,4,2324,44007
1.70735E+18,NC,NCPurnaKhadka,Purna Bahadur Khadka,9/28/2023,16:44:14,https://t.co/IcZilYPwjf,48,1,1,2114,44007
1.70668E+18,NC,NCPurnaKhadka,Purna Bahadur Khadka,9/26/2023,20:42:15,"दिव्य शताब्दी पुरुष डा.गौरीशंकर लाल दास जन्मशताब्दी कार्यक्रममा सहभागी हुने र उहाँलाई सम्मान गर्ने अवसर प्राप्त भयो।१सयौं जन्मदिनमा पनि डा.गौरीशंकर लाल दास ज्युको  सक्रियता,राष्ट्र र समाजप्रतिको समर्पण साच्चै हामी सबैका लागि प्रेरणादायी छ।  
जन्मदिनको धेरै शुभकामना
डा.शाहाब🙏🌳💐 https://t.co/RlYBm3zLoC",40,6,0,2064,44007
1.70559E+18,NC,NCPurnaKhadka,Purna Bahadur Khadka,9/23/2023,20:14:40,"नेपाल क्रिकेट संघ  (क्यान)को अध्यक्षमा चतुरबहादुर चन्द, सचिवमा पारश खड्का सहित नयाँ निर्वाचित पदाधिकारीहरु तथा सदस्यहरुलाइ हार्दिक बधाइ तथा कार्यकालको पूर्ण सफलताकाे शुभकामना व्यक्त गर्दछु 🙏🌳 https://t.co/sVkQnqnHeX",67,9,5,3475,44007
1.7051E+18,NC,NCPurnaKhadka,Purna Bahadur Khadka,9/22/2023,11:35:22,https://t.co/wO8FxK2jGm,50,4,12,3927,44007
1.70435E+18,NC,NCPurnaKhadka,Purna Bahadur Khadka,9/20/2023,9:58:35,https://t.co/VWtyq17UiJ,48,10,10,1691,44007
1.70405E+18,NC,NCPurnaKhadka,Purna Bahadur Khadka,9/19/2023,14:34:03,https://t.co/ppnmfkTsQi,60,2,9,2209,44007
1.70359E+18,NC,NCPurnaKhadka,Purna Bahadur Khadka,9/18/2023,8:04:16,https://t.co/LlDQzwyGV9,84,2,9,2690,44007
1.70335E+18,NC,NCPurnaKhadka,Purna Bahadur Khadka,9/17/2023,15:46:18,https://t.co/hrn6E2CF3G,18,0,0,903,44007
1.70335E+18,NC,NCPurnaKhadka,Purna Bahadur Khadka,9/17/2023,15:46:02,https://t.co/PZu44YGTVO,81,4,7,3207,44007
1.70221E+18,NC,NCPurnaKhadka,Purna Bahadur Khadka,9/14/2023,12:10:11,"🌹HAPPY FATHER,S DAY💐
हाम्रा परम पुजनिय पिता बैकुन्ठवासि श्रद्धेयः प्रेमबहादुर खड्का ज्युका चरणकमलमा हृदयदेखि श्रद्धासुमन अर्पण🙏 
 हामीलाई बैकुण्ठ बाट पिताज्यु सदा हजुरकाे प्रेरणा र अाशिर्बाद प्राप्त भई रहाेस🙏
बुवाकाे मुख हेर्ने दिनमा सबैमा हार्दिक शुभकामना🙏🌳💐 https://t.co/N06e6eT17n",29,0,4,1055,44007
1.70153E+18,NC,NCPurnaKhadka,Purna Bahadur Khadka,9/12/2023,15:29:51,https://t.co/Wg1C1Cfzp7,53,0,12,2291,44007
1.70108E+18,NC,NCPurnaKhadka,Purna Bahadur Khadka,9/11/2023,9:41:31,https://t.co/AMzSyqi447,126,9,14,7186,44007
1.70077E+18,NC,NCPurnaKhadka,Purna Bahadur Khadka,9/10/2023,13:19:57,https://t.co/W8NK1tN2ha,89,8,12,3759,44007
1.67902E+18,NC,NCPurnaKhadka,Purna Bahadur Khadka,7/12/2023,12:35:58,https://t.co/bTgNoZMsIm,33,3,8,1707,44007
1.6759E+18,NC,NCPurnaKhadka,Purna Bahadur Khadka,7/3/2023,21:53:01,https://t.co/vMXdBSaHPb,62,4,9,2193,44007
1.67575E+18,NC,NCPurnaKhadka,Purna Bahadur Khadka,7/3/2023,11:50:37,https://t.co/lZ1jtfpsiD,78,9,19,4434,44007
1.67433E+18,NC,NCPurnaKhadka,Purna Bahadur Khadka,6/29/2023,14:13:25,https://t.co/23S3EYSwtt,59,4,6,1728,44007
1.67432E+18,NC,NCPurnaKhadka,Purna Bahadur Khadka,6/29/2023,13:04:59,https://t.co/uvP7bCcMAI,43,1,2,1180,44007
1.67337E+18,NC,NCPurnaKhadka,Purna Bahadur Khadka,6/26/2023,22:31:33,"RT @bishwaprakash77: शंकर महादेवन´कृत Breathless Song को
`सरगम´ गाउँदै छोरी स्वीकृति !

आज असार ११ छोरुलाई जन्मदिनको धेरै शुभकामना ! ..Happ…",0,98,0,0,44007
1.67246E+18,NC,NCPurnaKhadka,Purna Bahadur Khadka,6/24/2023,10:25:00,https://t.co/b0Ybes4q8W,38,4,16,2781,44007
1.6712E+18,NC,NCPurnaKhadka,Purna Bahadur Khadka,6/20/2023,22:33:08,"बझाङकाँग्रेसका पार्टि पूर्व-सभापति, सुदूरपश्चिम प्रदेशका अान्तरिक मामिला तथा कानूनमन्त्री पृथ्वीबहादुर सिँह,उहाकि धर्मपत्नी  तथा भाउजुकाे दुर्घटनामा भएकाे अकल्पनिय निधनले अत्यन्त दुःखित र मर्माहत भएकाे छु भावपूर्ण श्रद्धाञ्जली 🙏 शाेकाकुल परिवारमा गहिराे समबेदना ब्यक्त गर्दछु🙏 https://t.co/EywHQfxoyA",47,8,12,2273,44007
1.66818E+18,NC,NCPurnaKhadka,Purna Bahadur Khadka,6/12/2023,14:47:41,https://t.co/fL5widM8qY,32,3,13,3926,44007
1.66808E+18,NC,NCPurnaKhadka,Purna Bahadur Khadka,6/12/2023,7:47:31,https://t.co/xfyJd5lDsz,142,8,108,28128,44007
1.66303E+18,NC,NCPurnaKhadka,Purna Bahadur Khadka,5/29/2023,9:45:04,"राजनीतिक तहबाट बिगतमा भएका कमिकमजाेरि  नदाेहाेर्याउने संकल्प गराैँ 🙏
 देश र जनताकाे हितमा समर्पित हुँदै अाफ्नाे कर्तब्य ईमानदारी पूर्बक पालना गर्ने प्रतिबद्धता सहित सबैमा गणतन्त्र दिवसको धेरै धेरै शुभकामना 🙏🌳💐 https://t.co/n8MLWvHgCM",97,10,65,14312,44007
1.65579E+18,NC,NCPurnaKhadka,Purna Bahadur Khadka,5/9/2023,10:11:59,"अाजदेखि प्रारम्भ भएकाे , सहभागिहरुका लागि उच्चशिक्षाकाे महत्वपूर्ण खुड्किलाेकाे रुपमा रहेकाे १२ कक्षाकाे परिक्षामा सम्मिलित सम्पूर्ण प्रशिक्षार्थी बिध्यार्थी भाइ-बहिनिहरुमा सफलताकाे लागि धेरै धेरै शुभकामना🙏🌳💐 https://t.co/Bs6VeYTnlT",69,4,7,3681,44007
1.65539E+18,NC,NCPurnaKhadka,Purna Bahadur Khadka,5/8/2023,7:30:12,केही दिन देखि मेराे नाम समेत जाेडेर केही संचारमाध्यममा नेपाली सेनाकाे हतियार खरिद सम्बन्धमा अाएका बिबिध प्रकृतिका  समाचार प्रति मेराे गंभीर ध्यानाकर्षण भएकाे छ। म रक्षामन्त्री भएदेखि रक्षामन्त्रालयबाट हतियार खरिद सम्बन्धि कुनै निर्णय नभएकाे कुरा सबैमा प्रष्ट पार्न चाहान्छु 🙏 https://t.co/1PGj3AxbGj,195,13,38,22917,44007
1.65433E+18,NC,NCPurnaKhadka,Purna Bahadur Khadka,5/5/2023,9:22:24,"२५६७ अाैँ बुद्ध जयन्तीको पावन अवसरमा सबैमा सुख, शान्ति र समुन्नतिकाे लागि धेरै धेरै शुभकामना 🙏🌳🌸🌻🌼🏵️ https://t.co/wWr8HIRI23",62,7,10,2126,44007
1.6537E+18,NC,NCPurnaKhadka,Purna Bahadur Khadka,5/3/2023,15:38:48,अाजकाे मन्त्रीपरिषदले २०८०/०८१काे बजेटमा बजेट ब्यबस्था गरि हालकाे किर्तिपुर क्रिकेट स्टेडियमलाई बिस्तार गरि अन्तर्राष्ट्रिय स्तरकाे स्टेडियम निर्माण कार्य सम्पन्न गर्ने र  बिजयि खेलाडी र प्रशिक्षकलाई जनहि ६ लाख र अफिसियल लाई जनहि ३लाख रुपिया पुरस्कार दिने निर्णय गरेकाे छ🙏 https://t.co/zEaAHdFp74,137,7,24,9978,44007
1.65361E+18,NC,NCPurnaKhadka,Purna Bahadur Khadka,5/3/2023,9:47:22,https://t.co/qKyos4lVtN,47,4,5,1624,44007
1.65357E+18,NC,NCPurnaKhadka,Purna Bahadur Khadka,5/3/2023,7:09:30,https://t.co/vGRFeEPOxv,60,8,17,3312,44007
1.65321E+18,NC,NCPurnaKhadka,Purna Bahadur Khadka,5/2/2023,7:06:50,RT @hello_sarkar: नेपाल सरकार र राष्ट्रिय आविष्कार केन्द्रका अध्यक्षबीचको सहमति। https://t.co/54i430HFOW,0,9,0,0,44007
1.65287E+18,NC,NCPurnaKhadka,Purna Bahadur Khadka,5/1/2023,8:27:06,सबैमा धेरै धेरै शुभकामना 🙏🌳💐 श्रमकाे सम्मान गराै - श्रमिककाे हककाे रक्षा गराै🙏 https://t.co/UAc76ggT4t,67,6,10,2420,44007
1.65034E+18,NC,NCPurnaKhadka,Purna Bahadur Khadka,4/24/2023,9:04:06,https://t.co/INpZ11QIk6,47,6,12,3618,44007
1.64976E+18,NC,NCPurnaKhadka,Purna Bahadur Khadka,4/22/2023,18:34:51,https://t.co/SLSXa5ckH1,45,4,7,2191,44007
1.64897E+18,NC,NCPurnaKhadka,Purna Bahadur Khadka,4/20/2023,14:33:23,"""💐अाज जन्मदिने भगवानरुपि अामाकाे मुख हेर्ने दिन💐""
"" हामी लाई याे अमुल्य जीवन दिने भगवान रुपि  हाम्रि पुजनिय अामा बैकुण्ठवासि मायाँ देबि खड्काका चरणकमलमा सादर प्रणाम 🙏श्रद्धा सुमन अर्पण""🙏🏵️
🌹अामा स्वर्गबाट हामीलाई सदा 
हजुरकाे अाशिर्बाद प्राप्त भैरहाेस🙏🌹 https://t.co/i1pdB7jb2u",75,7,5,2511,44007
1.6467E+18,NC,NCPurnaKhadka,Purna Bahadur Khadka,4/14/2023,8:12:32,"नयाँ बर्ष २०८० काे पावन अवसरमा सबैमा सुख,शान्ति,शुस्वास्थ्य, दिर्घायु एबं प्रगतिकाे 
धेरै धेरै शुभकामना🙏🌳💐 https://t.co/0UZDF7rgAx",125,12,36,7786,44007
1.64162E+18,NC,NCPurnaKhadka,Purna Bahadur Khadka,3/31/2023,7:27:41,"एसईई परिक्षामा सहभागी सबै बिध्यार्थी भाइ-बहिनिहरुमा सफलताकाे 
धेरै धेरै शुभकामना🙏🌳💐 https://t.co/UzJCNqcHEE",102,9,13,6085,44007
1.64148E+18,NC,NCPurnaKhadka,Purna Bahadur Khadka,3/30/2023,22:28:27,"सामाजिक संजालमा देखिय पछि प्रस्ट पार्नु राम्राे हाेला भन्ने लागेर .......?
अहिले सम्म पार्टीका तर्फबाट मन्त्रीहरुकाे फाईनल नाम  टुङ्गाे लागि सकेकाे छैन।जब सम्म अाैपचारिक निर्णय भएर सभापतिज्युकाे हस्ताक्षरित पत्र प्रधानमन्त्रीज्युकाेमा पुग्दैन ,तब सम्म निर्णय परिबर्तन हुन सक्छ 🌳? https://t.co/CLAXVgMc81",281,27,80,58297,44007
1.64126E+18,NC,NCPurnaKhadka,Purna Bahadur Khadka,3/30/2023,7:32:50,पवित्र श्री राम नवमीकाे शुभउपलक्षमा सबैमा सुखी जीवनकाे शुभकामना 🙏🌳💐 https://t.co/mxnTgJ8Ppb,91,9,13,4410,44007
1.64093E+18,NC,NCPurnaKhadka,Purna Bahadur Khadka,3/29/2023,9:43:48,"सबैमा पवित्र पर्वकाे  धेरै धेरै शुभकामना,शुस्वास्थ्य ,दिर्घायुु एबं उन्नति प्रगतिकाे कामना🙏🌳💐 https://t.co/co8x2ZitzO",133,13,19,12930,44007
1.63909E+18,NC,NCPurnaKhadka,Purna Bahadur Khadka,3/24/2023,7:47:36,"बिशेषगरि समाचार वाचनमा बर्षाै देखि सुनिदै अाएकाे कर्ण प्रिय शसक्त अावाज ""यो रेडियो नेपाल हो,अब कृष्णा ताम्राकारबाट समाचार सुन्नुहोस् "" उहाँको दुःखद निधन!स्तब्ध बनायाे!
 कृष्णाजि प्रति हृदयदेखिनै भावपूर्ण श्रद्धाञ्जली अर्पण🙏तथा शाेकाकुल परिवारजनमा गहिराे समबेदना ब्यक्त गर्द छु🙏 https://t.co/KttdXcD3vs",81,9,19,4946,44007
1.63817E+18,NC,NCPurnaKhadka,Purna Bahadur Khadka,3/21/2023,18:55:26,"नेपाली कांग्रेस तेह्रथुमका पुराना नेता, पार्टी पूर्व-सभापति एवं संविधान सभा सदस्य मित्र गणेश प्रसाद विमलीजिकाे निधनकाे दुखद खबरले अत्यन्त दुःखि बनायाे । बैकुण्ठवासि बिमलि प्रति हृदयदेखिनै भावपूर्ण श्रद्धाञ्जली अर्पण🙏तथा शाेकाकुल परिवारजनमा गहिराे सशबेदना ब्यक्त गर्दछु🙏 https://t.co/XN5enPkdFs",38,5,17,3299,44007
1.63804E+18,NC,NCPurnaKhadka,Purna Bahadur Khadka,3/21/2023,10:21:43,"घाेडेजात्राकाे सबैमा धेरै धेरै ;
 शुभकामना 🙏🌳💐 https://t.co/gqAjhR4fsq",92,15,11,4059,44007
1.63711E+18,NC,NCPurnaKhadka,Purna Bahadur Khadka,3/18/2023,20:49:14,"RT @ekantipur_com: नवनिर्वाचित उपराष्ट्रपतिकी श्रीमती चम्पादेवी यादव : म काठमाडाैं गए गाईवस्तु, खेतीपाती कसले हेर्छ ? https://t.co/WYNp4Bby…",0,133,0,0,44007
1.63698E+18,NC,NCPurnaKhadka,Purna Bahadur Khadka,3/18/2023,12:22:02,🌳💐 धेरै धेरै हार्दिक बधाई 🌳💐 https://t.co/1e1tApSGJC,75,7,10,3067,44007
1.63638E+18,NC,NCPurnaKhadka,Purna Bahadur Khadka,3/16/2023,20:54:04,नेपाली चलचित्र जगतका लाेकप्रिय बरिस्ठ निर्देशक प्रताप सुब्बाज्युकाे निधनकाे दुःखद खबरले अत्यन्त दुखित भएकाेछु। बैकुण्ठवासि प्रतापजि प्रति हृदयदेखिनै भावपूर्ण श्रद्धाञ्जली अर्पण 🙏तथा शाेकाकुल परिवारजनमा गहिराे समबेदना ब्यक्त गर्दछु🙏 https://t.co/fWfucW173U,31,6,9,1796,44007
1.63635E+18,NC,NCPurnaKhadka,Purna Bahadur Khadka,3/16/2023,18:42:55,"🌳धेरै धेरै बधाई नेपाल क्रिकेट टिमलाई💐🌳
नेपालकाे राजधानी काठमाडौकाे किर्तिपुर क्रिकेट रङ्गशालामा अाज भएकाे विश्वक्रिकेट लिग २ मा युएई लाई हराउँदै नेपाल जिम्बाबेमा हुने विश्वकपकाे ग्लाेबल छनाेटमा सिधै प्रवेश। ""ऐतिहासिक सफलता""
बधाई छ क्रिकेट प्रेमी,प्रशिक्षक र क्यान नेपाललाई 💐 https://t.co/LaGHbvZf2h",150,17,13,9966,44007
1.63624E+18,NC,NCPurnaKhadka,Purna Bahadur Khadka,3/16/2023,11:19:41,"नेपाल क्रिकेट टिमलाई अाजकाे महत्वपूर्ण खेलमा विजयकाे लागि ;
अग्रिम शुभकामना 🙏🌳💐 https://t.co/JLQ3FihSFI",96,19,7,3335,44007
1.6351E+18,NC,NCPurnaKhadka,Purna Bahadur Khadka,3/13/2023,7:58:00,"नवनिर्वाचित राष्ट्रपति सम्माननिय रामचन्द्र पाैडेलज्युका साथ भट्टराई अाश्रम 
बाँडेगाउँमा🌳💐 https://t.co/nofwxPSWNV",119,11,5,4349,44007
1.63473E+18,NC,NCPurnaKhadka,Purna Bahadur Khadka,3/12/2023,7:40:43,"पुस१०गते राति ७:३०बजेबाट सुरु गरिएकाे मिसनकाे संकल्प अनुरुप राष्ट्रपतिकाे निर्वाचनमा नेपाली काँग्रेसका बरिस्ठ नेता मा. रामचन्द्र पाैडेल अत्यधिक मतले विजय भए पश्चात् अाफ्नाे राजनीतिक एबं जीवन दर्शनका गुरु पुजनिय किशुनजिकाे शालिकमा पुजाअाजा गरि चरणस्पर्स गर्दाकाे;
ऐतिहासिक क्षण🌳💐 https://t.co/E2oSL0CwAp",198,17,30,11192,44007
1.63381E+18,NC,NCPurnaKhadka,Purna Bahadur Khadka,3/9/2023,18:41:59,https://t.co/M10aJALv3w,162,19,15,6750,44007
1.63328E+18,NC,NCPurnaKhadka,Purna Bahadur Khadka,3/8/2023,7:22:28,११३ अाैँ  अन्तर्राष्ट्रिय नारी दिवसकाे उपलक्षमा सबैमा धेरै धेरै शुभकामना 🙏🌳🌺 https://t.co/MIDWxZS8vd,108,12,12,4550,44007
1.63257E+18,NC,NCPurnaKhadka,Purna Bahadur Khadka,3/6/2023,7:59:34,हाेली पर्बकाे पावन अवसरमा सबैमा रङ्गिन शुभकामना 🙏💐 https://t.co/YH0FMLhles,167,14,29,6397,44007
1.63024E+18,NC,NCPurnaKhadka,Purna Bahadur Khadka,2/27/2023,21:39:51,पुस१०गते भत्काईएकाे गठबन्धनलाई पुन:स्थापित गर्ने त्यहि दिन राति गरेकाे संकल्पलाई लगभग पूरा गरिएकाेछ।अब मेराे दाबि कुनै कुरामा छैन।मेराे नाम अरु संग जाेडेर सरकारमा जाने दाबि गरेकाे भनेर कृपया मिडियामा र सामाजिक संजालमा बहसकाे बिषय बनाएर मलाई अन्याय नगरि दिनुहाेस सबैमा अनुराेध🙏🌳 https://t.co/VRxA5ZPV0Q,307,39,42,34287,44007
1.62911E+18,NC,NCPurnaKhadka,Purna Bahadur Khadka,2/24/2023,19:28:06,अहिले ६ बजे साँझ प्रधानमन्त्री निवास  बालुवाटारमा बसेकाे ८ दलकाे बैठकले राष्ट्रपतिकाे निर्वाचनमा नेपाली काँग्रेस पार्टीको उम्मेदवारलाई समर्थन गर्ने सर्बसम्मतिले निर्णय गर्याे🌳 https://t.co/SmCs0EJpK5,369,53,55,46088,44007
1.62786E+18,NC,NCPurnaKhadka,Purna Bahadur Khadka,2/21/2023,8:36:10,https://t.co/By2KzFPs91,70,9,5,4316,44007
1.62726E+18,NC,NCPurnaKhadka,Purna Bahadur Khadka,2/19/2023,16:27:12,https://t.co/tW6seexELV,74,9,8,3967,44007
1.62677E+18,NC,NCPurnaKhadka,Purna Bahadur Khadka,2/18/2023,8:20:34,पवित्र पर्व महाशिवरात्रिकाे पावन अवसरमा सबैमा मंगलमय धेरै धेरै शुभकामना🙏🌳 https://t.co/IZOZ7hyeJF,139,10,13,7298,44007
1.62625E+18,NC,NCPurnaKhadka,Purna Bahadur Khadka,2/16/2023,22:02:13,"चिकित्सकहरुकाे सबै काेशिसका बाबजुत अामा हजुरलाई बचाउन सकेनाैँ,
माफ दिनु हाेला🙏अामा प्रति भावपूर्ण श्रद्धाञ्जली अर्पण🙏तथा शाेकाकुल समस्त परिवारजनमा गहिराे समबेदना 
ब्यक्त गर्दछु🙏 https://t.co/RYWEEUvRTg",119,5,17,8009,44007
1.62609E+18,NC,NCPurnaKhadka,Purna Bahadur Khadka,2/16/2023,11:19:16,"प्रतिनिधिसभा सदस्य मेरा मित्र मा.डा.चन्द भन्डारि र उहाँको अामाकाे किर्तिपुर अस्पतालमा उपचार भैरहेकाेमा,डा.काे सल्लाहा बमाेजिम थप उपचारकाे लागि भारत लैजाने अन्तिम तयारि हुदैछ।मैले चन्द्रजि र अामालाई भेट गरेँ। चिकित्सकका अनुसार स्वास्थ्य स्थिति स्थिर छ।सिघ्र स्वास्थ्यलाभकाे कामना🙏 https://t.co/C3JtYEi3cu",136,6,11,13191,44007
1.62437E+18,NC,NCPurnaKhadka,Purna Bahadur Khadka,2/11/2023,17:25:55,दैलेख महाबु गाउपालिकाका अध्यक्ष लक्ष्मण गुरुङकाे निधनकाे दुःखद खबरले अत्यन्त दुखित बनाएकाे छ। बैकुण्ठवासि लक्ष्मणजि प्रति भावपुर्ण श्रद्धाञ्जली अर्पण🙏 तथा शोकाकुल समस्त परिवारजन प्रती गहिरो समवेदना ब्यक्त गर्दछु🙏 https://t.co/mCfJSpNI5n,34,1,6,2422,44007
1.62371E+18,NC,NCPurnaKhadka,Purna Bahadur Khadka,2/9/2023,21:25:39,निर्वाचन पछि सरकारकाे नेतृत्वकाे खाता खाेल्न सफल हुनु भएकाेमा सुदुरपश्चिम प्रदेश सभा नेपाली काँग्रेस संसदीय दलका नेता पृय भाइ मा.कमल बहादुर शाहलाई मुख्यमन्त्रीकाे जिम्मेवारिका लागि हृदयदेखिनै हार्दिक बधाई एबं कार्यकालकाे पूर्ण सफलताकाे मंगलमय शुभकामना 🙏🌳💐 https://t.co/5EB03ImJIP,124,12,26,10533,44007
1.6237E+18,NC,NCPurnaKhadka,Purna Bahadur Khadka,2/9/2023,20:50:44,"सार्वजनिक जीवन खुसि साथ राेजेका हामी राजनितीक कर्मिहरुले मतदाता,न्यायालय, नागरिक समाज र संचार जगतलाई हाम्रा बारेकाे भनाइमा सुन्न नसक्ने,हेर्न नसक्ने र गरिएकाे टिप्पणी लाई सहिष्णु भावका साथ प्रतिकृया दिने जिम्मेवार व्यवहार गर्न नसक्ने हाे भने लाेकतन्त्र हामी बाट लज्जित हुने छ🙏🌳 https://t.co/uiR5I8hiEt",78,8,5,4093,44007
1.62222E+18,NC,NCPurnaKhadka,Purna Bahadur Khadka,2/5/2023,18:31:27,"नेपाल राष्ट्र बैँकका संस्थापक गभर्नर ,अर्थबिद हिमालयशमशेर जबराजिकाे निधनकाे दुःखद खबरले अत्यन्त दुःखित भएकाे छु। बैकुण्ठवासि हिमालयशमशेर प्रति हृदयदेखिनै भावपूर्ण श्रद्धाञ्जली अर्पण गर्दै🙏 शाेकाकुल परिवारजन एबं अाफन्तहरुमा गहिराे समबेदना प्रकट गर्दछु🙏 https://t.co/UAMQEECkS0",59,4,10,5004,44007
1.62176E+18,NC,NCPurnaKhadka,Purna Bahadur Khadka,2/4/2023,12:22:51,"काेहि नेता लाेकप्रिय हाेलान्,काेहि कलाकार लाेकप्रिय हाेलान्,काेहि खेलाडि लाेकप्रिय हाेलान् ?याे बेग्लै कुरा हाे।तर बलात्कारकाे अभियाेग वा कुनै पनि अभियाेग लागेकाे ब्यक्तिलाई कुनै पनि खालकाे उन्मुक्ति दिने कुरा ग्राह्य हुन सक्तैन।सम्बन्धित संस्थाकाे तत्काल  गंभीर ध्यान जाअाेस🙏🌳 https://t.co/MYNF4NBlGd",104,23,25,9875,44007
1.62175E+18,NC,NCPurnaKhadka,Purna Bahadur Khadka,2/4/2023,12:02:42,नेपाली काँग्रेसका युवानेता प्रिय भाइ अमृत कुमार श्रेष्ठकाे अल्पायुमा भएकाे निधनकाे दुःखद खबरले स्तब्ध र अत्यन्त दुखित बनाएकाे छ। बैकुण्ठवासि अमृत प्रति हृदयदेखिनै भावपूर्ण श्रद्धाञ्जली अर्पण🙏 तथा शाेकाकुल परिवारजनमा गहिराे समबेदना ब्यक्त गर्दछु🙏 https://t.co/RkqP3uB7EH,26,2,9,1626,44007
1.62117E+18,NC,NCPurnaKhadka,Purna Bahadur Khadka,2/2/2023,21:27:09,"नबाेलुँ भनेकाे फेरि बाेल्नै पर्ने भयाे !
एमाले सम्मिलित बर्तमान सरकारमा नेपाली काँग्रेस सहभागी हुँने भन्ने कुरा सन्चार माध्यममा जहाँ जसरि सम्प्रेषण भएकाे भए पनि याे सम्भव छैन।काँग्रेस सहभागी हुदैन।
सबै ढुक्क हुनुस,यस्ता सबै खाले भ्रम बाट हामी सबै सम्बन्धितहरु मुक्त हुन जरुरि छ🌳 https://t.co/54YM9pt2wR",215,27,60,22880,44007
1.61995E+18,NC,NCPurnaKhadka,Purna Bahadur Khadka,1/30/2023,12:43:41,सम्पूर्ण वीर शहिदहरु प्रति हृदयदेखिनै श्रद्धा सुमन अर्पण 🙏💐 https://t.co/NfcjHyN6GP,93,6,11,5739,44007
1.61954E+18,NC,NCPurnaKhadka,Purna Bahadur Khadka,1/29/2023,9:05:48,"दायाँबायाँ नसाेचि,नहेरि !
निर्बाचन अायाेगले फागुन २८ अगावै सम्पन्न हुने गरि राष्ट्रपतिको निर्बाचनकाे मिति घाेषणा गरेर अहिले यश बिषयमा देखिन थालेकाे संसयकाे घेरा बाट अाफूलाई समयमै बाहिर निकाल्नु संबैधानिक संस्थाकाे गरिमाकाे लागि श्रेयस्कर हुनेछ🌳
यश तर्फ बेलैमा ध्यान जाअाेस 🙏🌳 https://t.co/Rr0f3D4MMf",100,22,4,6512,44007
1.61853E+18,NC,NCPurnaKhadka,Purna Bahadur Khadka,1/26/2023,14:40:46,सरस्वती पुजा तथा वसन्त पन्चमिकाे पावन अवसरमा सबैमा धेरै धेरै हार्दिक मंगलमय शुभकामना🙏🌳💐 https://t.co/wG9w6JkOYP,81,7,6,3284,44007
1.61699E+18,NC,NCPurnaKhadka,Purna Bahadur Khadka,1/22/2023,8:28:29,"सबैमा धेरै धेरै हार्दिक मंगलमय ;
शुभकामना🙏🌳💐 https://t.co/gqGDnrEiaY",72,7,8,4511,44007
1.61463E+18,NC,NCPurnaKhadka,Purna Bahadur Khadka,1/15/2023,20:18:22,"पाेखरामा अाज भएकाे यति एयरकाे जहाज दुर्घटनाकाे त्रासदी सम्झदा पनि कहालि लाग्दाे छ!ज्यान गुमाउने सबैमा हृदयदेखिनै भावपूर्ण श्रद्धाञ्जली🙏शाेकाकुल परिवारजनमा गहिराे समबेदना ब्यक्त गर्दछु🙏
यस्ताे त्रासदि फेरि नदाेहाेरियाेस,यसकालागि गहिराे अनुसन्धान र प्रतिबेदनकाे कार्यान्वयन जरुरि। https://t.co/qoIKg7AgTw",47,2,5,3987,44007
1.61448E+18,NC,NCPurnaKhadka,Purna Bahadur Khadka,1/15/2023,10:06:59,"सबैमा धेरै धेरै हार्दिक मंगलमय; 
शुभकामना 🌳💐 https://t.co/MiApsmGS0V",76,2,8,4491,44007
1.6136E+18,NC,NCPurnaKhadka,Purna Bahadur Khadka,1/13/2023,0:06:08,"RT @RajaneeOfficial: महाभारतबाट सिक्नु पर्ने पाठ :
जिबनमा “दुइ प्रकारका मित्रहरु” अबश्य बनाउनुपर्ने रहेछ।
एउटा “भगवान श्रीकृष्ण” जस्तो
यु…",0,26,0,0,44007
1.61248E+18,NC,NCPurnaKhadka,Purna Bahadur Khadka,1/9/2023,21:38:38,मा.प्रधानमन्त्री पुष्पकमल दाहाल प्रचण्ड र पार्टी सभापति पूर्ब प्रधानमन्त्री मा.शेरबहादुर देउवाकाे अाज साँझकाे भेटकाे साक्षी भएका कारणले बाेल्दै छु।प्र.म.ले बिश्वासकाे मतका लागि अनुराेध गर्नु भाे।सभापतिजिले भाेलि बिहाँन पदाधिकारि र संसदियदलमा छलफल गरेर निर्णय गर्छु भन्नू भाे। बस! https://t.co/U9VesIYBmL,256,14,53,33128,44007
1.78049E+18,NC,NPSaudnc,NP Saud,4/17/2024,12:58:10,"मर्यादापुरुष पुरुषोत्तम श्रीरामको जन्मोत्सब रामनवमीको शुभ अवसरमा स्वदेश तथा विदेशमा रहनु भएका सम्पूर्ण दिदीबहिनी तथा दाजुभाईको  सुख, शान्ति, समृद्धि र उत्तरोत्तर प्रगतिको हार्दिक मंगलमय शुभकामना व्यक्त गर्दछु। https://t.co/4EstQ2hdLG",47,4,3,1060,3246
1.77948E+18,NC,NPSaudnc,NP Saud,4/14/2024,17:55:32,https://t.co/wytilOxdyK,28,5,0,669,3246
1.77883E+18,NC,NPSaudnc,NP Saud,4/12/2024,22:52:00,RT @SherBDeuba: नेपाली कांग्रेसका निष्ठावान नेता खेमराज पौडेलजीको निधनको खबरले दुःखि भएको छु। दिवङ्गत पौडेलप्रति भावपूर्ण श्रद्धाञ्जली अर्प…,0,6,0,0,3246
1.77881E+18,NC,NPSaudnc,NP Saud,4/12/2024,21:12:08,"On the happy occasion of the New Year 2081, I extend best wishes and hearty greetings to all Nepali brothers and sisters living in the country and all over the world. May the new year bring us happiness, peace and prosperity!",21,2,2,795,3246
1.77878E+18,NC,NPSaudnc,NP Saud,4/12/2024,19:10:33,https://t.co/p2B67qZYgY,35,4,3,925,3246
1.77828E+18,NC,NPSaudnc,NP Saud,4/11/2024,10:36:20,"इस्लाम धर्मावलम्बीहरुको महानपर्व इद (इद–उल–फित्र) को अवसरमा स्वदेश तथा विदेशमा रहनुभएका सम्पूर्ण नेपाली दिदीबहिनी तथा दाजुभाइहरुमा सुख, शान्ति र समृद्धिको शुभकामना व्यक्त गर्दछु ।",32,4,1,1194,3246
1.76752E+18,NC,NPSaudnc,NP Saud,3/12/2024,17:44:53,RT @Vijaykarna: Thank you Minister Saud @NPSaudnc for agreeing to speak as chief guest at our discussion on Nepal's foreign policy.,0,2,0,0,3246
1.76701E+18,NC,NPSaudnc,NP Saud,3/11/2024,8:01:38,"ल्होसार नया बर्षको अबसरमा सबै दिदीबहिनी दाजुभाईहरुमा सुस्वास्थ्य, सफलता र समुन्नतिको मंगलमय शुभकामना ब्यक्त गर्दछु ।",15,3,0,942,3246
1.76595E+18,NC,NPSaudnc,NP Saud,3/8/2024,9:25:25,"As we mark the important occasion of International Women's Day, we celebrate the incredible achievements, resilience, and strength of women worldwide. Under the framework of a democratic and inclusive Constitution, Nepal has made significant strides in creating a society based on…",33,4,4,1965,3246
1.7649E+18,NC,NPSaudnc,NP Saud,3/5/2024,11:57:14,"Nearly one year in the government as the country's Foreign Minister remained a satisfying experience. In accomplishing this important responsibility, I received support and cooperation from political leadership, civil servants, diplomatic community, media fraternity and all…",104,11,20,9334,3246
1.76302E+18,NC,NPSaudnc,NP Saud,2/29/2024,7:20:22,"RT @KiranChopraLive: ""An honor to meet the Nepali Foreign Minister, Hon'ble Narayan Prakash Saud, and Senior VP of Vishwa Hindu Mahasangh,…",0,18,0,0,3246
1.7625E+18,NC,NPSaudnc,NP Saud,2/27/2024,21:13:42,"Blessed to have opportunity to visit and pay tribute at Lumbini, the birthplace of Lord Buddha, and the sacred site of peace, spirituality and humanity. Lighting a lamp in this divine place was a mesmerizing experience #buddhabirthplacelumbini https://t.co/rIGsgZtGtv",58,7,2,1693,3246
1.76164E+18,NC,NPSaudnc,NP Saud,2/25/2024,12:11:52,"Extremely pleased to receive the opportunity of Darshan at Ayodhya Ram Mandir, the revered birthplace of Lord Shri Ram and Darshan of Bajrangbali Hanuman at the ancient Hanuman Temple. I believe that our society will continue to receive strength and inspiration from Lord Shri… https://t.co/4EstQ2hLBe",211,26,18,10953,3246
1.76054E+18,NC,NPSaudnc,NP Saud,2/22/2024,11:18:30,"RT @vijai63: Yesterday, had a informal meeting with Foreign Minister of Nepal Shri @NPSaudnc in New Delhi. His efforts to strengthen India-…",0,44,0,0,3246
1.75988E+18,NC,NPSaudnc,NP Saud,2/20/2024,15:55:51,"RT @MofaNepal: Hon. Foreign Minister @NPSaudnc had a constructive discussion with H. E. Mr. Andrew Mitchell, Minister for Development and A…",0,11,0,0,3246
1.75988E+18,NC,NPSaudnc,NP Saud,2/20/2024,15:55:45,"RT @MofaNepal: On the occasion, views were exchanged on further strengthening age-old relations between Nepal and the UK and enhancing part…",0,5,0,0,3246
1.7594E+18,NC,NPSaudnc,NP Saud,2/19/2024,7:50:24,"राष्ट्रिय प्रजातन्त्र दिवस–२०८० को पावन अवसरमा स्वदेश तथा विदेशमा रहनुभएका सम्पूर्ण नेपाली दिदीबहिनी तथा दाजुभाइहरूमा हार्दिक शुभकामना व्यक्त गर्दछु ।

 साथै, नेपालमा प्रजातन्त्र प्राप्तिका लागि भएका आन्दोलनहरूका सहिदहरू प्रति हार्दिक श्रद्धाञ्जली अर्पण गर्दै यस शुभ दिनले…",43,4,2,3861,3246
1.75939E+18,NC,NPSaudnc,NP Saud,2/19/2024,7:09:27,"राजनीतिक स्थायित्व, रुपान्तरण र नविनता !
स्वतन्त्रता, न्याय र समानता !!
नेपाली कांग्रेसको नीतिगत प्रतिवद्धता !!! भन्ने मूल नाराकासाथ प्रजातन्त्र दिवसको अवसर पारेर आज फागुन ७ देखि १० गतेसम्म ललितपुरको गोदावरीमा संचालन हुने नेपाली कांग्रेसको महासमिति बैठकमा सहभागि हुन…",24,6,1,3298,3246
1.75801E+18,NC,NPSaudnc,NP Saud,2/15/2024,12:00:41,"महेन्द्रनगरबाट काठमाडौं जाँदै गरेको सुनौलो महाकाली यातायातको बस बुधबार राति १ बजे कपिलवस्तु जिल्लाको शिवराज नगरपालिका–१ सुरही पुल नजिकै बस दुर्घटना हुँदा १० जनाको मृत्यु र ३० जना घाईते भएको खबरले निकै मर्माहत र दु:खी बनाएको छ ।  

मृतकहरुप्रति भावपूर्ण श्रद्धाञ्जली अर्पण गर्दै…",8,3,0,1909,3246
1.75776E+18,NC,NPSaudnc,NP Saud,2/14/2024,19:16:28,"RT @MofaNepal: During the meeting, the two sides took stock of various aspects of bilateral relations and exchanged views on further promot…",0,2,0,0,3246
1.75776E+18,NC,NPSaudnc,NP Saud,2/14/2024,19:16:18,"RT @MofaNepal: Ms. Rita Dhital, Joint Secretary, South East Asia and the Pacific (SEAP) Division and Ms. Joanna Kempkers, Divisional Manage…",0,2,0,0,3246
1.75776E+18,NC,NPSaudnc,NP Saud,2/14/2024,19:16:08,"RT @MofaNepal: During the meeting, both sides expressed satisfaction over the excellent state of bilateral relations between Nepal and New…",0,5,0,0,3246
1.75776E+18,NC,NPSaudnc,NP Saud,2/14/2024,19:16:03,"RT @MofaNepal: Hon’ble Foreign Minister Mr. Narayan Prakash Saud @NPSaudnc held bilateral meeting with Rt. Hon. Winston Peters, Deputy Prim…",0,9,0,0,3246
1.75758E+18,NC,NPSaudnc,NP Saud,2/14/2024,7:28:17,"सरस्वती मया दृष्टा वीणा पुस्तक धारिणी।।
 हंस वाहन संयुक्ता विद्यादानं करोतु मे।।

माघ शुक्ल पञ्चमीका दिन सङ्गीत, ज्ञान अनि विद्याकी देवी सरस्वतीको पूजा गरी मनाइने वसन्त पञ्चमी  तथा सरस्वती पूजाको अवसरमा स्वदेश एवम् विदेशमा रहनु भएका सम्पूर्ण नेपाली दिदीबहिनी, दाजुभाइ तथा… https://t.co/feOom5hInF",70,3,4,2083,3246
1.75618E+18,NC,NPSaudnc,NP Saud,2/10/2024,10:44:33,"तामाङ समुदायको नयाँ वर्षको रूपमा मनाइने (मञ्जुश्री सम्बत २८६०औं गडुल बर्ष) सोनम ल्होसार पर्वको सुखद् अवसरमा स्वदेश तथा विदेशमा रहनुभएका सम्पूर्ण दिदीबहिनी तथा दाजुभाइहरूमा सुख, शान्ति र समृद्धिका लागि हार्दिक शुभकामना व्यक्त गर्दछु । https://t.co/SQkmSrfFAO",23,5,0,1386,3246
1.75616E+18,NC,NPSaudnc,NP Saud,2/10/2024,9:28:41,"I extend warmest greetings to everyone celebrating the Chinese Lunar New Year. As per Chinese tradition, this is the Year of Dragon, which embodies strength, wisdom and good luck. On this important occasion, I convey my best wishes for continued progress and prosperity of the…",34,6,0,5007,3246
1.75593E+18,NC,NPSaudnc,NP Saud,2/9/2024,17:53:08,"RT @SenatorWong: @DrSJaishankar @dfat An important meeting with Nepal FM Saud @NPSaudnc on his first official visit to Australia.

We witne…",0,12,0,0,3246
1.75231E+18,NC,NPSaudnc,NP Saud,1/30/2024,18:11:45,RT @MofaNepal: Foreign Minister Hon @NPSaudnc addresses today a seminar on 'Strengthening Nepal-India Cultural Cooperation' organized by Ce…,0,19,0,0,3246
1.75216E+18,NC,NPSaudnc,NP Saud,1/30/2024,8:35:36,"सहिद दिवस, २०८० को अवसरमा नागरिक स्वतन्त्रता, लोकतन्त्रको स्थापना र राष्ट्रियताको रक्षाका लागि आफ्नो अमूल्य जीवन उत्सर्ग गर्नुहुने सम्पूर्ण ज्ञात-अज्ञात अमर सहिदहरूप्रति भावपूर्ण श्रद्धाञ्जली अर्पण गर्दछु । https://t.co/GXbUDHgRJx",42,6,3,1858,3246
1.75111E+18,NC,NPSaudnc,NP Saud,1/27/2024,10:56:27,Congratulations to Nepali cricket team for advancing to Super 6 of ICC Under 19 World Cup! Entire country is proud of your superb performance. My best wishes for upcoming matches!! https://t.co/PxCHJ1DyxS,58,6,2,2234,3246
1.75072E+18,NC,NPSaudnc,NP Saud,1/26/2024,9:09:41,"On the occasion of the 75th Republic Day of India, I wish to extend warm greetings and felicitations to His Excellency @DrSJaishankar, External Affairs Minister of India. 

While India celebrates this special day, I convey my best wishes for its continued progress and prosperity…",189,29,8,46701,3246
1.74948E+18,NC,NPSaudnc,NP Saud,1/22/2024,23:05:55,"Jay Shree Ram! 
Inauguration of Ayodhya Ram Mandir by Honorable Prime Minister Shri @narendramodi Ji and accomplishment of sacred Prana Pratishtha ceremony today is a proud moment for all the followers of Sanatan Dharma. 

Maryada Purushottam Sri Rama and Mata Sita, daughter of… https://t.co/mrc3zp6BSG",997,131,22,61013,3246
1.74675E+18,NC,NPSaudnc,NP Saud,1/15/2024,10:01:42,थारू सम्वत् २६४७ ओ थारुन के बर्का तिहुवार माघ पर्व के सक्कु जहान शुभकामना !!!,54,8,0,3012,3246
1.74672E+18,NC,NPSaudnc,NP Saud,1/15/2024,8:07:45,माघे सङ्क्रान्ति तथा माघी पर्वको अवसरमा देश तथा देश बाहिर रहनु भएका सम्पूर्ण दाजुभाइ तथा दिदिबहिनीहरुमा  हार्दिक मंगलमय शुभकामना व्यक्त गर्दछु। https://t.co/Ck292bSDcg,105,10,13,6229,3246
1.74567E+18,NC,NPSaudnc,NP Saud,1/12/2024,10:19:47,"राष्ट्र निर्माता पृथ्वीनारायण शाहको ३०२औं जन्मदिवस (पृथ्वी जयन्ती) तथा राष्ट्रिय एकता दिवसको अवसरमा सम्पूर्ण नेपाली दाजुभाइ-दिदिबहिनीहरुमा हार्दिक शुभकामना व्यक्त गर्दछु । 
जय नेपाल!",47,7,0,2250,3246
1.74318E+18,NC,NPSaudnc,NP Saud,1/5/2024,13:29:10,"Wish you happy journey back home, Hon Minister @DrSJaishankar. Together, we successfully concluded the important meeting of Nepal-India Joint Commission and delivered positive outcomes for the mutual benefits of our countries. We will continue to work together to maintain this… https://t.co/z0pIndISUC",160,31,7,8514,3246
1.74316E+18,NC,NPSaudnc,NP Saud,1/5/2024,12:34:58,"Jointly inaugurated this morning with the External Affairs Minister of India H.E. @DrSJaishankar the new building of Tribhuvan University Central Library, constructed with Government of India's grant assistance.

We also inaugurated virtually 58 post earthquake reconstruction… https://t.co/wVGvc38t6n",93,14,5,3264,3246
1.74292E+18,NC,NPSaudnc,NP Saud,1/4/2024,20:15:51,"Great to witness the exchange of agreements alongside H.E. Dr. S. Jaishankar @DrSJaishankar , Minister for External Affairs of India. These agreements mark another step towards fostering stronger Nepal-India ties.  

1. Agreement Between the Government of Nepal and the Government… https://t.co/7PKM3QG1eq",129,30,6,8767,3246
1.74287E+18,NC,NPSaudnc,NP Saud,1/4/2024,17:14:09,RT @DrSJaishankar: Co-chaired with my counterpart FM @NPSaudnc a comprehensive and productive meeting of the 7th India-Nepal Joint Commissi…,0,472,0,0,3246
1.74283E+18,NC,NPSaudnc,NP Saud,1/4/2024,14:47:38,"Pleasure to have a bilateral meeting with Minister for External Affairs of India Dr. S. Jaishankar @DrSJaishankar , today. 

We also co-chaired the 7th Meeting of the Nepal-India Joint Commission. 

We discussed various aspects of Nepal-India relations, under the thematic areas… https://t.co/EK5Pxeir2U",182,40,13,9601,3246
1.74148E+18,NC,NPSaudnc,NP Saud,12/31/2023,21:26:52,"Wish you all Happy New Year 2024! 

May the year bring joy, peace and prosperity in everyone's life! As a fresh year dawns, it's time to make new beginning, set new goals and pursue aspirations with new determination. May we all succeed on this!",35,5,3,1968,3246
1.74128E+18,NC,NPSaudnc,NP Saud,12/31/2023,7:36:33,"तमु (गुरुङ्ग) समुदायको नयाँ वर्ष, तमु ल्होसारको सुखद्  अवसरमा देश तथा विदेशमा रहनुभएका आदरणीय तमु दाजुभाइ तथा दिदीबहिनीहरुका साथै सम्पूर्ण नेपालीहरुमा सु-स्वास्थ्य, सुख, शान्ति र समुन्नतिको शुभेच्छासहित हार्दिक मंगलमय शुभकामना व्यक्त गर्दछु । https://t.co/LkYzcTRx5a",36,4,1,1624,3246
1.73952E+18,NC,NPSaudnc,NP Saud,12/26/2023,11:29:41,"उधौली पर्व, धान्य पूर्णिमा, ज्यापु दिवस एवं योमरी पुन्हिको शुभ अवसरमा स्वदेश तथा विदेशमा रहनुभएका सम्पूर्ण नेपाली दाजुभाई दिदीबहिनीहरूमा सुख समृद्धिको लागि हार्दिक मंगलमय शुभकामना ब्यक्त गर्दछु।
सांस्कृतिक विविधताले सम्पन्न हाम्रो समाजमा यी चाडपर्वहरूले आपसी सद्भाव एवं भाइचारा… https://t.co/enjtzeTryN",32,5,1,1572,3246
1.7393E+18,NC,NPSaudnc,NP Saud,12/25/2023,20:39:33,"Wish all the followers of Christian religion Happy Christmas! This festival marks the birth of Jesus Christ and is also the celebration of the values of kindness, compassion and tolerance.   

May this day bring happiness, love and peace for us all ! https://t.co/spNHspTm9O",31,5,0,991,3246
1.73777E+18,NC,NPSaudnc,NP Saud,12/21/2023,15:32:05,"Pleasure to welcome the Minister of Foreign Affairs of Sri Lanka H. E. Mr. M. U. M. Ali Sabry @alisabrypc  in Kathmandu. 

Delighted to discuss with him key aspects of Nepal-Sri Lanka relations and identify potential areas for collaboration. 

We co-chaired the inaugural session… https://t.co/NLvKyFRbvD",77,14,1,4210,3246
1.73422E+18,NC,NPSaudnc,NP Saud,12/11/2023,20:04:36,"Pleased to participate in the panel discussion on the theme of 'Governing our Climate Future' at Doha Forum today. 

Emphasized Nepal's climate challenges and urged the international community to give due priority to addressing climate vulnerability in the Himalayas. 

Called for… https://t.co/RGTSQcReml",58,9,7,3429,3246
1.73421E+18,NC,NPSaudnc,NP Saud,12/11/2023,19:41:04,"Had a productive meeting with His Excellency Sheikh Mohammed bin Abdulrahman Al-Thani, Prime Minister of the State of Qatar today. 

We discussed trade, investment, cooperation through Qatar Fund for Development and exchange of high level visits. 

Requested the Prime Minister… https://t.co/pUd3MWHcsB",55,13,1,3549,3246
1.73417E+18,NC,NPSaudnc,NP Saud,12/11/2023,17:06:47,"RT @MofaNepal: Foreign Minister Hon @NPSaudnc held meeting with H.E. Sheikh Khalifa bin Jassim bin Mohammed Al Thani, Chairman of Qatar Cha…",0,13,0,0,3246
1.73417E+18,NC,NPSaudnc,NP Saud,12/11/2023,17:00:39,"RT @MofaNepal: The Prime Minister of Qatar informed that all efforts are being made for the release of Bipin Joshi.

@NPSaudnc
@sewa_lamsal…",0,5,0,0,3246
1.73234E+18,NC,NPSaudnc,NP Saud,12/6/2023,16:02:34,RT @MofaNepal: Hon. Foreign Minister @NPSaudnc received Special Assistant to the President and National Security Council Senior Director fo…,0,13,0,0,3246
1.73052E+18,NC,NPSaudnc,NP Saud,12/1/2023,15:32:40,RT @MofaNepal: A delegation of Nepal-USA Chamber of Commerce and Industry called on the Foreign Minister Hon @NPSaudnc today and briefed on…,0,7,0,0,3246
1.73007E+18,NC,NPSaudnc,NP Saud,11/30/2023,9:18:49,"I express heartfelt condolences on the demise of the former US Secretary of State Dr. Henry Kissinger. 
Dr. Kissinger will be remembered as one of world's finest diplomats and a prominent leader and scholar. May he rest in peace in the heavenly abode!",37,13,0,3415,3246
1.72609E+18,NC,NPSaudnc,NP Saud,11/19/2023,9:49:27,"नेपालको तराई तथा देशभर मनाइने छठ पर्वको अवसरमा स्वदेश तथा विदेशमा रहनुभएका सम्पूर्ण नेपाली दिदीबहिनी तथा दाजुभाइहरुमा सुख, शान्ति, समृद्धि, सुस्वास्थ्य, दिर्घायू, आपसी सद्भाव, एकता र उत्तरोत्तर प्रगतिको हार्दिक मंगलमय शुभकामना व्यक्त गर्दछु। https://t.co/tA5odCxrY0",69,6,6,2760,3246
1.72407E+18,NC,NPSaudnc,NP Saud,11/13/2023,20:06:39,"RT @MofaNepal: Our profound congratulation to Rt. Hon. @David_Cameron on his appoitment as Secretary of State for @FCDOGovUK today. 

We lo…",0,11,0,0,3246
1.72337E+18,NC,NPSaudnc,NP Saud,11/11/2023,21:26:34,"नेपालीहरुको महान चाड तिहार तथा नेपाल सम्वत् ११४४ को पावन अवसरमा मूलुक भित्र तथा मूलुक बाहिर रहनु भएका आदरणीय दाजुभाइ तथा दिदीबहिनीमा सुख, शान्ति, समृद्धि तथा उत्तरोत्तर प्रगतिको हार्दिक मंगलमय शुभकामना व्यक्त गर्दछु। https://t.co/5uPIc4om3w",65,6,2,1968,3246
1.72296E+18,NC,NPSaudnc,NP Saud,11/10/2023,18:41:19,RT @MofaNepal: Dean of Honorary Consul Corps Nepal (HCC-N) Mr. Vishnu Kumar Agrawal handed over a cheque of 1 million repees today to Hon F…,0,5,0,0,3246
1.72296E+18,NC,NPSaudnc,NP Saud,11/10/2023,18:39:43,RT @MofaNepal: Country Representative of FAO to Nepal Mr. Ken Shimizu paid a courtesy call on the Minister for Foreign Affairs Hon. Mr.  @N…,0,8,0,0,3246
1.72224E+18,NC,NPSaudnc,NP Saud,11/8/2023,18:45:54,"Thank you, Excellency @DrSJaishankar for the prompt and generous support at the time of difficulty. This is really helpful from a close neighbour!",105,16,5,12247,3246
1.72117E+18,NC,NPSaudnc,NP Saud,11/5/2023,19:54:01,"Thank you, Ambassador Sridhar Khatri and Embassy team, for all your coordination and contribution for our productive engagements in the USA. I wish to convey my sincere thanks to Ambassador Dean Thompson @USAmbNepal and his team, State Department and other US agencies for their…",81,6,1,6715,3246
1.72056E+18,NC,NPSaudnc,NP Saud,11/4/2023,3:37:28,"जाजरकोट केन्द्रबिन्दु बनाएर नेपालको पश्चिमी भागमा गएको भूकम्पबाट भएको धनजनको गम्भीर क्षति प्रति गहिरो दुख व्यक्त गर्दछु। भूकम्पमा परी ज्यान गुमाउनु भएकाहरूमा हार्दिक श्रद्धान्जलि व्यक्त गर्दै घाइतेहरूको शीघ्र स्वास्थ्यलाभको कामना गर्दछु। नेपाल सरकार तत्काल उद्धार, राहत र…",38,7,0,2849,3246
1.7204E+18,NC,NPSaudnc,NP Saud,11/3/2023,16:56:42,"We've achieved it! Nepal secures its spot in the T20 Cricket World Cup 2024, set to be hosted in the USA and West Indies. 

Immensely proud of our team, coaching staff, and everyone who contributed to this remarkable milestone. Progress, one step at a time! https://t.co/LQ8CKw3Jhj",73,7,5,2829,3246
1.7201E+18,NC,NPSaudnc,NP Saud,11/2/2023,21:01:52,RT @nepalembassyusa: Foreign Minister Hon @NPSaudnc held a productive meeting with CEO of Millennium Challenge Corporation H.E. Alice Albri…,0,17,0,0,3246
1.72001E+18,NC,NPSaudnc,NP Saud,11/2/2023,15:28:24,RT @nepalembassyusa: Press Release issued by the Embassy on the meeting between the Honorable Minister for Foreign Affairs of Nepal N.P. Sa…,0,18,0,0,3246
1.72001E+18,NC,NPSaudnc,NP Saud,11/2/2023,15:28:09,RT @nepalembassyusa: Hon. Minister for Foreign Affairs N.P. Saud today participated in a talk program ‘Nepal’s Foreign Policy Outlook’ host…,0,15,0,0,3246
1.72001E+18,NC,NPSaudnc,NP Saud,11/2/2023,15:27:54,RT @nepalembassyusa: Foreign Minister Hon @NPSaudnc continued his official engagements in Washington DC today with a productive meeting wit…,0,23,0,0,3246
1.72001E+18,NC,NPSaudnc,NP Saud,11/2/2023,15:27:48,RT @nepalembassyusa: Foreign Minister Hon @NPSaudnc held a meeting today with CEO of US Development Finance Corporation Mr. Scott Nathan an…,0,14,0,0,3246
1.72001E+18,NC,NPSaudnc,NP Saud,11/2/2023,15:27:39,RT @nepalembassyusa: Foreign Minister Hon @NPSaudnc witnessed the presentation of Accreditation of American Chamber of Commerce in Nepal by…,0,6,0,0,3246
1.72001E+18,NC,NPSaudnc,NP Saud,11/2/2023,15:27:26,"RT @nepalembassyusa: The interaction was focused on skill development in IT sector in Nepal, getting IT companies invest in Nepal and enabl…",0,9,0,0,3246
1.72001E+18,NC,NPSaudnc,NP Saud,11/2/2023,15:27:05,RT @nepalembassyusa: Foreign Minister Hon @NPSaudnc witnessed the presentation of Accreditation of American Chamber of Commerce in Nepal by…,0,6,0,0,3246
1.72001E+18,NC,NPSaudnc,NP Saud,11/2/2023,15:26:48,RT @nepalembassyusa: https://t.co/rbIGuBrfh1,0,3,0,0,3246
1.72001E+18,NC,NPSaudnc,NP Saud,11/2/2023,15:26:38,"RT @nepalembassyusa: Foreign Minister N. P. Saud’s official engagements in Washington, D.C. on Day 3 https://t.co/12XWtXSgui",0,4,0,0,3246
1.72001E+18,NC,NPSaudnc,NP Saud,11/2/2023,15:26:21,"RT @nepalembassyusa: The official engagements of the Foreign Minister @NPSaudnc continued on the 3rd day of his official visit, meeting Sen…",0,7,0,0,3246
1.72001E+18,NC,NPSaudnc,NP Saud,11/2/2023,15:25:03,RT @nepalembassyusa: Foreign Minister Hon @NPSaudnc held an interaction today with entrepreneurs of Nepali origin engaged in various busine…,0,8,0,0,3246
1.71924E+18,NC,NPSaudnc,NP Saud,10/31/2023,12:03:46,"RT @SecBlinken: I met with Nepali Foreign Minister Narayan Prakash Saud to highlight U.S. investment in Nepal, including a $500M compact fr…",0,338,0,0,3246
1.71872E+18,NC,NPSaudnc,NP Saud,10/30/2023,1:58:52,"Among the 10 innocent Nepali students killed in terrorist attack by Hamas in Israel on 7 October, mortal remains of 5 arrived earlier in Nepal. Dead bodies of 3 more have now been identified and the Government of Nepal is effortful to repatriate them at the earliest. The process…",39,12,2,2673,3246
1.71859E+18,NC,NPSaudnc,NP Saud,10/29/2023,16:54:53,RT @NPSaudnc: Pleased to welcome the Secretary General of the United Nations H.E. Mr. António Guterres @antonioguterres  at Ministry of For…,0,27,0,0,3246
1.71858E+18,NC,NPSaudnc,NP Saud,10/29/2023,16:14:27,"Pleased to welcome the Secretary General of the United Nations H.E. Mr. António Guterres @antonioguterres  at Ministry of Foreign Affairs, Singha Durbar. 

During the meeting , we exchanged views on different aspects of Nepal's engagements with the UN, including peacekeeping. We… https://t.co/itSt13M5UN",136,27,5,5186,3246
1.71854E+18,NC,NPSaudnc,NP Saud,10/29/2023,14:05:44,"RT @MofaNepal: H.E. Ahmed Khaleel, Minister of State for Foreign Affairs of the Republic of Maldives paid a courtesy call on Hon Foreign Mi…",0,14,0,0,3246
1.71835E+18,NC,NPSaudnc,NP Saud,10/29/2023,1:17:34,RT @MofaNepal: United Nations Secretary-General H E Mr @antonioguterres arrived in Kathmandu this morning on a four-days official visit to…,0,71,0,0,3246
1.71561E+18,NC,NPSaudnc,NP Saud,10/21/2023,11:49:28,"On the auspicious occasion of Badadashain, Tihar, Nepal Samvat and Chhath festivals, I convey my best wishes to all Nepalis, at home and abroad. 

These festivals are the symbols of harmony, unity and fraternity among us. May we all get the strength to realize our national… https://t.co/hmV4YK4uqU",74,7,8,3728,3246
1.71431E+18,NC,NPSaudnc,NP Saud,10/17/2023,21:43:24,"Your Excellency @DrSJaishankar , we appreciate this help in difficult time. Nepal and Nepali people are thankful.",192,31,11,20898,3246
1.71431E+18,NC,NPSaudnc,NP Saud,10/17/2023,21:41:38,"RT @DrSJaishankar: #OperationAjay update. 

286 more passengers are coming back to India.

Also carrying 18 Nepalese citizens. https://t.co…",0,1407,0,0,3246
1.71335E+18,NC,NPSaudnc,NP Saud,10/15/2023,6:22:05,"On the auspicious occasion of Ghatasthapana, the first day of Navratri, my best wishes to all Nepali, at home and abroad! 

May you find happiness, peace, and prosperity with the sacred blessings of Goddess Navadurga Bhavani! 
#Navratri #Ghatasthapana #Blessings https://t.co/Yvi72SLHgj",117,7,6,5717,3246
1.713E+18,NC,NPSaudnc,NP Saud,10/14/2023,7:15:38,RT @jyotshna_saud: Celebrating International day@Neeharika’s school 🇳🇵🇳🇵 https://t.co/LWruA97q5r,0,6,0,0,3246
1.713E+18,NC,NPSaudnc,NP Saud,10/14/2023,7:05:09,"RT @MofaNepal: Rescue aircraft has just taken off from Ben Gurion Airport Tel Aviv. 
The Ministry sincerely thanks the authorities of the S…",0,41,0,0,3246
1.7118E+18,NC,NPSaudnc,NP Saud,10/10/2023,23:48:26,"RT @NepalUNNY: Hon. Foreign Minister @NPSaudnc  had a fruitful meeting with former US Secretary of State Michael R. Pompeo today. 

The dis…",0,10,0,0,3246
1.7118E+18,NC,NPSaudnc,NP Saud,10/10/2023,23:47:35,RT @MofaNepal: The Foreign Minister of Israel thanked the Government of Nepal for expression of solidarity and assured Israel Government's…,0,6,0,0,3246
1.7118E+18,NC,NPSaudnc,NP Saud,10/10/2023,23:47:17,"RT @MofaNepal: Hon FM requested for Israeli Government's facilitation in early repatriation of mortal remains of deceased Nepalis, safety,…",0,5,0,0,3246
1.7118E+18,NC,NPSaudnc,NP Saud,10/10/2023,23:47:06,RT @MofaNepal: Foreign Minister Hon @NPSaudnc had telephone conversation today with the Minister of Foreign Affairs of the State of Israel…,0,17,0,0,3246
1.7118E+18,NC,NPSaudnc,NP Saud,10/10/2023,23:46:57,"RT @MofaNepal: प्रेस विज्ञप्ति

https://t.co/ViheE7QZaH

@NPSaudnc 
@PaudyalBR 
@sewa_lamsal",0,12,0,0,3246
1.71102E+18,NC,NPSaudnc,NP Saud,10/8/2023,20:00:19,"Regarding recent developments in Israel: 

The latest update on attack in Israel's southern region since 6:30 AM (Nepali Time), Oct. 7, 2023, and its repercussions on Nepalis in the affected area are as follows:  

At present, there are approximately 4,500 Nepali nationals…",278,99,31,84786,3246
1.71102E+18,NC,NPSaudnc,NP Saud,10/8/2023,19:32:40,"इजरायलको पछिल्लो घटनाक्रमका सम्बन्धमा:

नेपाली समयअनुसार हिजो विहान ६ः३० बजेदेखि इजरायलको दक्षिण क्षेत्रमा भएको आक्रमण र सोको कारण त्यहाँ रहेका नेपालीहरुमा परेको प्रभावका बारेमा पछिल्लो विवरणः

इजरायलमा हाल ४५०० नेपालीहरु केयरगिभरको रुपमा कार्यरत रहेका छन् । इजरायलमा हाल अध्ययन…",212,35,41,48691,3246
1.70954E+18,NC,NPSaudnc,NP Saud,10/4/2023,17:34:28,"RT @SherBDeuba: केही दिन यता बाँकेमा भएको द्वन्द्वले हाम्रो धार्मिक, सांस्कृतिक तथा सामाजिक एकता र सद्भावनामा खलल पुर्याउन सक्ने विषयप्रति…",0,18,0,0,3246
1.7088E+18,NC,NPSaudnc,NP Saud,10/2/2023,16:54:42,RT @MofaNepal: Hon. Foreign Minister @NPSaudnc  received the Chief Executive Officer of Millenium Challenge Corporation H.E. Alice Albright…,0,7,0,0,3246
1.70877E+18,NC,NPSaudnc,NP Saud,10/2/2023,14:46:04,"Remembering the great Mahatma Gandhi on his 154th Birth Anniversary. His profound message of  non-violence, equality and justice transcends borders, inspiring us all. His legacy continues to guide the succeeding generation on the path of truth. 

Good that the United Nations…",39,9,3,3066,3246
1.70737E+18,NC,NPSaudnc,NP Saud,9/28/2023,18:17:44,"Feel blessed to visit the revered Kailash Mansarovar, the divine abode of Lord Shiva and Goddess Parvati and worship. The spiritual richness of this sacred place is beyond words. https://t.co/gwjgUIxFCR",170,14,14,12048,3246
1.70506E+18,NC,NPSaudnc,NP Saud,9/22/2023,9:25:16,"Addressed the ministerial meeting of Landlocked Developing Countries (LLDCs) #UNGA78 

Financing is a key to meeting LLDCs infrastructure needs. 

Developing productive capacity &amp; expanding export base is also crucial. 

Improved trade facilitation is vital to address LLDCs trade… https://t.co/aiZWPzN2oR",58,12,3,4713,3246
1.70506E+18,NC,NPSaudnc,NP Saud,9/22/2023,8:54:34,"As the LDC Chair, convened the ministerial meeting of the LDCs at the sidelines of UNGA78. 

Expressed Nepal’s commitment to implementing Doha Programme of Action for LDCs (DPoA) &amp; to remain steadfast for protecting &amp; promoting LDCs’ interest in the UN and other int’l fora during… https://t.co/P6KwsnCAnd",52,8,1,4109,3246
1.70493E+18,NC,NPSaudnc,NP Saud,9/22/2023,0:21:31,"RT @MoFAmv: State Minister Khaleel met with Minister of Foreign Affairs of #Nepal, Narayan Prakash Saud, in the margins of #UNGA78. 

Excha…",0,19,0,0,3246
1.7047E+18,NC,NPSaudnc,NP Saud,9/21/2023,9:15:03,"Honoured to sign the Agreement on the conservation and sustainable use of marine biological diversity of areas beyond national jurisdiction (BBNJ Treaty) at the UN Headquarters today. 

With this, Nepal becomes one of the signatories from LLDCs to sign the Agreement during the… https://t.co/KaDiqOxBeS",44,8,5,3832,3246
1.59651E+18,NC,manishjhanepal,Manish Jha,11/26/2022,20:15:44,RT @nirab_argument: चित्त बुझ्दाे! https://t.co/X9ybq4ZVfV,0,35,0,0,49753
1.59645E+18,NC,manishjhanepal,Manish Jha,11/26/2022,15:52:37,"आदरणीय राम अशिस यादव ज्यू। 
बर्खरै दुई दिन भयो वहा प्रदेश सासंदको रूपमा (जसपाबाट) दोस्रो पटक निर्वाचित हुनुभएको। आज जनकपुर गंगासागरमा सरसफाइमा सहभागी हुन आउनु भयो। अरू सम्मान थाप्दैछन र सगुन खादै छन तर वहाँले काम थालीसक्नु भयो। जय होस। @RamAshi61242308 https://t.co/kTYbOluyhF",469,29,29,0,49753
1.59568E+18,NC,manishjhanepal,Manish Jha,11/24/2022,13:18:29,RT @hamrorabi: धन्यवाद।। https://t.co/j7LiP5BKPc,0,311,0,0,49753
1.59537E+18,NC,manishjhanepal,Manish Jha,11/23/2022,16:37:51,"RT @mahatsujit: दुई महिनाअघि शिशिरजीले @FACTSNepal मार्फत गरेको सर्भेले @shisir जी जित्ने आकलन गर्दा पत्यार लागेको थिएन, तर केही दिनयताको ख…",0,7,0,0,49753
1.59529E+18,NC,manishjhanepal,Manish Jha,11/23/2022,11:26:22,"तपाईँको सबै कुरामा मेरो सहमति छैन @drckraut जी। तर, भारतको बिहारमा ३ दशक पहिले असफल भैसकेको जातीय र स्वार्थपूर्ण राजनीति अहिले मधेसमा गरिरहेका उपेन्द्र यादव जी लाई हराउनु भएकोमा सम्मान छ। अब मधेसमा परिष्कृत राजनीतिक संस्कारको अभ्यास गरौँ। 
जय होस।",1246,89,29,0,49753
1.59525E+18,NC,manishjhanepal,Manish Jha,11/23/2022,8:58:48,RT @tikaramyatri: आत्मरति ! @AP1HDTV https://t.co/DubUm5p2H8,0,331,0,0,49753
1.59525E+18,NC,manishjhanepal,Manish Jha,11/23/2022,8:56:10,RT @hamrorabi: कुकर्मले तिमीले कमाएका तिम्रा मित्रहरु भन्दा सत्कर्मले मैले कमाएका मेरा दुश्मनहरु मलाई प्यारा छन्।,0,2731,0,0,49753
1.59524E+18,NC,manishjhanepal,Manish Jha,11/23/2022,7:58:58,That's why him.,885,84,16,0,49753
1.59505E+18,NC,manishjhanepal,Manish Jha,11/22/2022,19:34:09,बधाई छ @thapagk दाई । जय होस् !! https://t.co/U1LLvXSdlf,705,20,20,0,49753
1.59472E+18,NC,manishjhanepal,Manish Jha,11/21/2022,21:42:20,धन्यवाद  !!,80,0,9,0,49753
1.59434E+18,NC,manishjhanepal,Manish Jha,11/20/2022,20:41:27,"RT @FACTSNepal: Galaxy 4k सँगको सहकार्यमा,
FACTS Nepal द्वारा गरिएको एक्जिट पोल Galaxy 4k टेलिभिजनमा लाइभ हुँदैछ।

#FACTSNepal #Galaxy4K #b…",0,7,0,0,49753
1.59418E+18,NC,manishjhanepal,Manish Jha,11/20/2022,9:49:50,आफैंलाई मत दिए र परिवर्तनको पहल गरे । https://t.co/l8JWGexiuR,935,13,72,0,49753
1.59327E+18,NC,manishjhanepal,Manish Jha,11/17/2022,21:18:46,RT @viplobpratik: सबैसँग अन्तरङ्ग सम्बन्ध स्वस्फूर्त रहन जानु थोरै भाग्यमानीको तकदीरमा हुन्छ । मनीष त्यस्तै खालका भाग्यमानी हुन् । उनी गुणी…,0,14,0,0,49753
1.5931E+18,NC,manishjhanepal,Manish Jha,11/17/2022,10:25:29,उद्यमशिलताप्रति उत्साह र आवश्यकता https://t.co/Wc5yoXef2u,57,6,0,0,49753
1.59283E+18,NC,manishjhanepal,Manish Jha,11/16/2022,16:41:02,RT @ohmicalresist: आरजु देउवा र मञ्जु खाँणलाई सांसद बनाउन हामीले किन भोट प्रयोग गर्ने?” https://t.co/aQanBT5rKu,0,8,0,0,49753
1.59278E+18,NC,manishjhanepal,Manish Jha,11/16/2022,13:12:11,RT @agyawali: अब घिउ भात खाने हो https://t.co/u9Us1Q3Ead,0,7,0,0,49753
1.59239E+18,NC,manishjhanepal,Manish Jha,11/15/2022,11:21:07,मंसीर ४ https://t.co/lRdhsmnLYv,520,53,19,0,49753
1.59234E+18,NC,manishjhanepal,Manish Jha,11/15/2022,8:09:20,"RT @capitalnepal1: निर्णय प्रक्रियामा अनुसन्धान, तथ्यांक र सूचनाको महत्व  https://t.co/ElaBrZ6FJc",0,8,0,0,49753
1.59175E+18,NC,manishjhanepal,Manish Jha,11/13/2022,16:43:11,"चितवनमा राष्ट्रिय स्वतन्त्र पार्टीको घरदैलो कार्यक्रम दौरान गठबन्धन कार्यकर्ताबाट भएको आक्रमणको बिरोध गर्दै, घटनास्थलमा प्रहरी केवल मूकदर्शक रहेकोमा भर्त्सनासमेत गर्दछु। प्रचण्ड र देउवा भन्छन कि गठबन्धन संविधान र लोकतन्त्रको संरक्षणको लागी हो। हो र? 
@ECNOfficial @NepalPoliceHQ https://t.co/uiTZMm5ptn",783,211,91,0,49753
1.59143E+18,NC,manishjhanepal,Manish Jha,11/12/2022,19:54:42,RT @sujanjee: आँट ठूलो कुरा हो । @manishjhanepal दाईको आँट सत्य सावित हुने वाला देखियो। शुभकामाना दाई https://t.co/75BnB2b0yI,0,7,0,0,49753
1.59133E+18,NC,paudelpradipNC,Pradip Paudel,11/12/2022,13:01:14,https://t.co/nMbd86t6Gz,197,29,22,0,38543
1.59098E+18,NC,paudelpradipNC,Pradip Paudel,11/11/2022,13:58:43,सद्भावका लागि हार्दिक आभार दाई ।,48,3,3,0,38543
1.59088E+18,NC,paudelpradipNC,Pradip Paudel,11/11/2022,7:12:23,जवाफदेहिताका लागि.....। https://t.co/la40Vt4M4v,127,14,8,0,38543
1.59053E+18,NC,paudelpradipNC,Pradip Paudel,11/10/2022,8:01:13,"निष्ठा र त्यागका प्रतिमूर्ति, जन-आन्दोलनका कमाण्डर एवं प्रजातान्त्रिक आन्दोलनका योद्धा, लौह पुरूष श्रद्धय नेता स्व. गणेशमान सिंहको १०८ औँ जन्म जयन्तीको अवसरमा उहाँ प्रति भावपूर्ण श्रद्धासुमन अर्पण गर्दछु ।
जय नेपाल ! https://t.co/9v7n7Mstox",95,8,11,0,38543
1.59052E+18,NC,paudelpradipNC,Pradip Paudel,11/10/2022,7:39:39,https://t.co/k7aiQ4MgJX,105,22,12,0,38543
1.59033E+18,NC,paudelpradipNC,Pradip Paudel,11/9/2022,19:02:55,https://t.co/4PV1elS1mQ,87,16,5,0,38543
1.59018E+18,NC,paudelpradipNC,Pradip Paudel,11/9/2022,8:56:41,सुदूरपश्चिमको खप्तड क्षेत्र केन्द्रविन्दु बनाई गएको भूकम्पमा परि मृत्यु हुनेहरुप्रति भावपूर्ण श्रदाञ्जली व्यक्त गर्दै परिवारजनमा गहिरो समवेदना प्रकट गर्दछु। भूकम्प प्रभावित क्षेत्रमा राहत ताथा उद्दारमा खटिन र घाईतेहरुको तत्काल उचित उपचारको प्रबन्ध गर्न सरकारसंग जोडदार माग गर्दछु।,40,6,1,0,38543
1.59017E+18,NC,paudelpradipNC,Pradip Paudel,11/9/2022,8:07:19,https://t.co/v8JYAJTyvy,94,19,9,0,38543
1.58984E+18,NC,paudelpradipNC,Pradip Paudel,11/8/2022,10:31:56,https://t.co/ucT0tQPuxt,99,12,9,0,38543
1.58926E+18,NC,paudelpradipNC,Pradip Paudel,11/6/2022,20:07:17,#sustainabledevelopment https://t.co/vJfyf9LZsI,89,14,3,0,38543
1.58894E+18,NC,paudelpradipNC,Pradip Paudel,11/5/2022,23:00:55,"विचार र ज्ञान सधैं अमर रहन्छ भने जस्तै दिवंगत उज्वल थापाको आज सार्वजनिक भएको पुस्तक 'WHY NEPAL?'ले उहाँलाई सदासर्वदा जीवन्तता दिइरहने छ। उहाँले उठाउनु  भएको राजनीतिक र सामाजिक परिवर्तनको आवाज हामी माझ सधैं गुज्जिरहने  छ ।
#UjjwalThapa https://t.co/VbDsKqVeiP",163,22,3,0,38543
1.58851E+18,NC,paudelpradipNC,Pradip Paudel,11/4/2022,18:12:00,https://t.co/3XszozHFlh,161,30,16,0,38543
1.58817E+18,NC,paudelpradipNC,Pradip Paudel,11/3/2022,19:59:21,https://t.co/HHfNHYrVSs,223,28,26,0,38543
1.5871E+18,NC,paudelpradipNC,Pradip Paudel,10/31/2022,20:43:34,RT @sushil_bhatta2: नेपाल लोकतान्त्रिक खेलकुद सघद्दारा आदरणीय बौदीक नेता पुर्ब मन्त्री नरहरी आचार्य को प्रमुख आतिथ्यतामा र काठमाडौं ५का उमे…,0,3,0,0,38543
1.58698E+18,NC,paudelpradipNC,Pradip Paudel,10/31/2022,13:14:20,#BCD #stopBrainDrain #fightCorruption #sustainableDevelopment https://t.co/z5p9pdQlVE,142,26,14,0,38543
1.58568E+18,NC,paudelpradipNC,Pradip Paudel,10/27/2022,23:08:42,"राज्यले राजधानीको जनताले पाउनु पर्ने सेवा सुविधा दिएको छ त ?
अन्जुलीमा बिष्णुमतीको जल हातमा लिएर चढाउदा के हुन्छ ? बागमतीको जल चढाउदा के हुन्छ ? https://t.co/3clo7zI4UM",176,18,30,0,38543
1.58525E+18,NC,paudelpradipNC,Pradip Paudel,10/26/2022,18:16:56,"#BCD
#stopBrainDrain https://t.co/Y2QCrjKwkf",115,19,7,0,38543
1.58524E+18,NC,paudelpradipNC,Pradip Paudel,10/26/2022,17:49:01,"चुनावी अभियानका क्रममा आज वरिष्ठ चिकित्सक  डाक्टर भोला रिजालको निवास चक्रपथमा उहाँकाे परिवारसंग छलफल र अन्तरक्रियामा । उहाँबाट प्राप्त शुभकामना र आशिर्वाद प्रति हार्दिक आभार व्यक्त गर्दछु ।
#PradipForKTM5 #KTM5
#BCD #stopBrainDrain #fightCorruption #sustainableDevelopment https://t.co/pjkVmPdeJk",104,13,5,0,38543
1.5851E+18,NC,paudelpradipNC,Pradip Paudel,10/26/2022,8:26:43,"नेपालीहरुको महान चाड तिहार, नेपाल सम्वत् ११४३ (न्हूदँया भिंन्तुना), छठ तथा ल्होसार पर्व २०७९ को सुखद् उपलक्ष्यमा यहाँ तथा यहाँको परिवारमा सुख, शान्ति, समृद्धि, सुस्वास्थ्य एवं दीर्घायुको हार्दिक मंगलमय शुभकामना व्यक्त गर्दछु ।",64,5,8,0,38543
1.5851E+18,NC,paudelpradipNC,Pradip Paudel,10/26/2022,8:25:17,पार्टीलाई सुधार्ने अनि देशलाई पनि सुधार्ने मान्छे यहाँ छन भनेर यहाँहरुले बुझिदिनु पर्छ । https://t.co/uesoB0DtGK,259,31,22,0,38543
1.58477E+18,NC,paudelpradipNC,Pradip Paudel,10/25/2022,10:51:26,I extend warm congratulations to @RishiSunak on being chosen as the Leader of the Conservative Party and the next Prime Minister of the UK.I wish him all the best for this important responsibility.,117,7,14,0,38543
1.58405E+18,NC,paudelpradipNC,Pradip Paudel,10/23/2022,11:13:29,#BCD #stopBrainDrain #fightCorruption #sustainableDevelopment https://t.co/j8smF4Z3rH,170,25,18,0,38543
1.58405E+18,NC,paudelpradipNC,Pradip Paudel,10/23/2022,11:03:10,"चुनावी अभियानका क्रममा आज स्व. उज्ज्वल थापाकाे निवासमा उहाँकाे परिवार सङ्ग लामो अन्तरकृया भयो । उज्ज्वलले उठाउनु भएका राजनीतिक एजेण्डाहरुलाई अघि बढाउने प्रतिवद्धता व्यक्त गरे । आमाले आशीर्वाद र शुभकामना व्यक्त गर्नुभयो ।
आमा प्रति हार्दिक आभार व्यक्त गर्दछु। 
जय नेपाल ! https://t.co/i8lCJibV1F",114,15,4,0,38543
1.58271E+18,NC,paudelpradipNC,Pradip Paudel,10/19/2022,18:15:06,"नेपाली हास्य ब्यङ्ग्य र फ्लिमी जगतका सफल एवं प्रसिद्ध व्यक्तित्व आदरणिय हरीवंश आचार्य ज्यू सङ्ग चुनावी अभियानका क्रममा भेट भयो।प्रेमपूर्वक स्नेह र शुभकामना व्यक्त गर्नु भयो।उहाँ प्रति हार्दिक आभार व्यक्त गर्न चाहन्छु।
#BCD #stopBrainDrain #fightCorruption
#sustainableDevelopment https://t.co/JZJmKD4h6T",220,23,15,0,38543
1.5826E+18,NC,paudelpradipNC,Pradip Paudel,10/19/2022,10:57:46,"I have lived &amp; worked around Kathmandu-5 for most of my life.I have been fortunate to have known &amp; met friends from Newari community &amp; understood the cultural aspects of local community. My candidacy is for all of us together,leaving no one &amp; nothing behind.🇳🇵
VC: #imagechannel https://t.co/q2GozlGixh",135,20,18,0,38543
1.58238E+18,NC,paudelpradipNC,Pradip Paudel,10/18/2022,20:40:29,"#BCD
#stopBrainDrain
#fightCorruption
#sustainableDevelopment
#VotePradipPaudel
#PradipForKTM5 https://t.co/WzBvOQBck2",275,55,33,0,38543
1.57987E+18,NC,paudelpradipNC,Pradip Paudel,10/11/2022,22:05:28,"नेपाली कांग्रेसकालागि काठमाण्डौं क्षेत्र न. ५ निष्ठा, इमान र वौद्धिकताको विरासत हो । निष्ठा र इमानको यो विरासतलाई कत्तिपनि डगमगाउन नदिइ स्थानीय नागरिकसँगको संवाद तथा सहकार्यमा देश, समुदाय र आम नागरिकको हितकालागि नीति निर्माण तहमा सार्थक हस्तक्षेप गर्ने मेरो प्रण रहनेछ ।",657,49,108,0,38543
1.57749E+18,NC,paudelpradipNC,Pradip Paudel,10/5/2022,8:28:39,"विजया दशमी-२०७९ को पावन अवसरमा देश विदेशमा रहनुहुने सम्पूर्ण नेपाली बुबाआमा, दाजुभाइ,दिदीबहिनीहरुमा सुख,शान्ति,समृद्धि, सु-स्वास्थ्य,दिर्घायु एवं उत्तरोत्तर प्रगतिको हार्दिक मंगलमय शुभकामना व्यक्त गर्दछु साथै
 डेंगी रोग सँग लडिरहनु भएका सबैको  शिघ्र स्वास्थ्यलाभको कामना गर्दछु। https://t.co/59TUEpdpqF",49,2,3,0,38543
1.57431E+18,NC,paudelpradipNC,Pradip Paudel,9/26/2022,13:50:12,बडादशैं तथा बिजया दशमीको पहिलो दिन घटस्थापनाको पवित्र अवसरमा स्वदेश तथा विदेशमा रहनुभएका सम्पूर्ण नेपाली दिदीवहिनी तथा दाजुभाइहरूमा हार्दिक मंगलमय शुभकामना व्यक्त गर्दछु । https://t.co/p4m1ii3VZz,46,3,3,0,38543
1.57248E+18,NC,paudelpradipNC,Pradip Paudel,9/21/2022,12:48:21,सार्वभौम संसदले पुनर्विचार गरेर पठाएको विषय राष्ट्रपतिले अस्वीकार गर्न मिल्दैन । जन-प्रतिनिधित्वको उपल्लो थलोलाई आलंकारिक राष्ट्रपतीले अवमूल्यन गर्नु भनेको नागरिकको म्यान्डेट र सर्वोच्चतालाई अपमान गर्नु हो । यस्तो असंवैधानिक र स्वेच्छाचारी कदम घोर निन्दनीय छ ।,161,14,74,0,38543
1.5717E+18,NC,paudelpradipNC,Pradip Paudel,9/19/2022,9:04:21,"संविधान दिवसको अवसरमा सम्पूर्ण नेपाली आमाबुबा दाजुभाइ तथा दिदीबहिनीहरुमा हार्दिक शुभकामना । 
संविधानको रक्षा र अक्षरश: पालना गर्न, यसले निर्देशन गरे बमोजिम नीति नियमको निर्माण गर्दै कानुनी राज्यको थिति बसाउन सम्पूर्ण लोकतान्त्रिक शक्ति एकै ठाउँमा उभिन सक्नुपर्दछ ।",51,2,8,0,38543
1.56811E+18,NC,paudelpradipNC,Pradip Paudel,9/9/2022,11:29:38,"राजनीतिक रूपमा प्रजातन्त्र र आर्थिक क्षेत्रमा गरीब जनतालाई न्याय दिने विकास हाम्रो लक्ष्य हो।विपी
१०९ औं जन्मजयन्तिको अवसरमा भावपूर्ण श्रद्धासुमन।
बिपीका विचार सधैं भुइमान्छेका पक्षमा छन्। जीवन्त र नेपाली माटो सुहाउँदो छ।उहाँका विचारले मार्ग निर्देशित भएर हामी सबै सङ्गै उभिन सकौं https://t.co/RILDsKu1Pb",47,3,10,0,38543
1.56681E+18,NC,paudelpradipNC,Pradip Paudel,9/5/2022,21:29:18,"नेपाल र केन्याबीच भएको एकदिवसीय अभ्यास सिरिजका तीनवटै खेलमा सानदार जित हासिल गर्न सफल भएकोमा नेपाली क्रिकेट टिम, प्रशिक्षक लगायत सम्पूर्ण खेलप्रेमी साथीहरूमा हार्दिक बधाई । आउदा दिनहरूमा अझ बढी सफलता मिलोस्, हार्दिक शुभकामना । https://t.co/dtklw8cblp",25,0,2,0,38543
1.56638E+18,NC,paudelpradipNC,Pradip Paudel,9/4/2022,16:27:40,"चाड पर्वको मौका छोपेर कालोबजारी र कृतिम अभाव सिर्जना गर्ने प्रवृतिले आम नागरिकको जीवन कष्ठकर बन्दै गएको छ।चौतर्फी मूल्य वृद्धिले खाद्यान,लत्ताकपडा लगायत दैनिक आवश्यकीय वस्तुको मूल्य आकासिएको छ।यथाशक्य प्रभावकारी अनुगमन गरी कालोबजारी र महङ्गी नियन्त्रण गर्न सरकार गम्भीर बनोस् ।",66,9,10,0,38543
1.56448E+18,NC,paudelpradipNC,Pradip Paudel,8/30/2022,10:39:43,नेपाली महिलाहरूको महान् पर्व हरितालिका तिजको अवसरमा सम्पूर्ण दिदीबहिनीहरुमा हार्दिक मंगलमय शुभकामना व्यक्त गर्दछु ।,45,2,1,0,38543
1.56114E+18,NC,paudelpradipNC,Pradip Paudel,8/21/2022,5:42:17,अलविदा प्रदीप गिरी दाई https://t.co/vE81bAIWYf,156,8,10,0,38543
1.56066E+18,NC,paudelpradipNC,Pradip Paudel,8/19/2022,21:37:04,"श्रद्देय प्रदीप दाइ,भारि मनका साथ भर्खर अस्पतालबाट फर्कदै छु।
तपाईं सङ्ग हाम्रो पुस्ताले लिनुपर्ने ज्ञान र विवेक, सिक्नुपर्ने शिक्षा धेरै बाँकी छ।अस्पतालको बेडबाट उठेर फेरि राजनीतिमा प्रतिपक्षी औंला देखाउँदै खबरदारी गर्न आइपुग्नुहुनेछ भन्ने विश्वास छ।स्वास्थ्य लाभको कामना गर्दछु। https://t.co/XKXDo3qpSi",310,36,55,0,38543
1.55882E+18,NC,paudelpradipNC,Pradip Paudel,8/14/2022,20:03:32,"काठमाण्डौ महानगरको फोहोर व्यवस्थापनमा बारम्बार अवरोध हुनु अत्यन्त्यै दुःखद छ । महानगरमा लामो समय नउठेको फोहोर उठ्न थालेको केही घण्टा नहुँदै फेरि अवरोध सिर्जना हुने विषय स्वभाविक छैन।फोहोरको विषयलाई गीजोलेर झन् फोहोरी नबनाऔ,व्यवस्थापनमा सबैले सहयोग गरौं ।",135,16,12,0,38543
1.55802E+18,NC,paudelpradipNC,Pradip Paudel,8/12/2022,14:53:10,"जनै पूर्णिमा (ऋषितर्पणी), क्वाँटी पुन्ही तथा रक्षाबन्धनको पावन अवसरमा सम्पूर्ण नेपाली दिदीबहिनी तथा दाजुभाइहरुमा सु–स्वास्थ्य, दीर्घायु तथा उत्तरोत्तर प्रगतिको हार्दिक शुभकामना व्यक्त गर्दछु ।",55,1,5,0,38543
1.5556E+18,NC,paudelpradipNC,Pradip Paudel,8/5/2022,22:30:03,RT @RONBupdates: Achievement: DSP of Nepal Police Mohan Mani Adhikari from Tanahun becomes the first Police Officer from Nepal to be assign…,0,9,0,0,38543
1.55519E+18,NC,paudelpradipNC,Pradip Paudel,8/4/2022,19:23:31,सरकारले यही मंसिर ४ गते सम्पन्न गर्नेगरी प्रतिनिधि सभा तथा प्रदेश सभा निर्वाचनको मिति घोषणा गरेको छ । सरकारको यस घोषणालाई सहृदय स्वागत । यस घोषणाले विधि र पद्धतिमा विश्वास राख्ने लोकतान्त्र पक्षधर सबैलाई थप बलियो बनाएको छ ।,75,4,5,0,38543
1.55463E+18,NC,paudelpradipNC,Pradip Paudel,8/3/2022,6:34:34,इन्धन खरिदबिक्रीका लागि नेपालले अन्तराष्ट्रिय मूल्य समायोजनमा आधारित स्वचालित प्रक्रिया अपनाएको छ।अन्तराष्ट्रिय बजारमा मूल्य घटेको तथ्यहरु सार्वजनीक भइरहँदा सोही आधारमा मूल्य किन घटेन?डिजेल पेट्रोल साथै महँगी नियन्त्रण लगायतका नागरिकका जीवनका अति आवश्यक कुरामा सरकार गम्भीर बनोस्।,136,15,18,0,38543
1.55119E+18,NC,paudelpradipNC,Pradip Paudel,7/24/2022,18:40:43,"अहिले श्रीलंकाले भोगिरहेको संकट जुनसुकै मुलुकमा आउन सक्छ।सार्क सदस्य मुलुकका नाताले श्रीलंकाको आर्थिक संकट समाधानको लागि क्षेत्रिय स्तरबाट के गर्न सकिन्छ भन्नेबारे सार्कका अन्य मुलुकहरु पनि गम्भिर हुन जरुरी छ।यस्तोबेला नयाँ
राष्ट्रपतिलाई दिइने शुभकामना मात्र पर्याप्त हुदैँन:",88,6,6,0,38543
1.55034E+18,NC,paudelpradipNC,Pradip Paudel,7/22/2022,10:07:22,"सम्झनामा विपी;४० औं स्मृति दिवसको अवसरमा उहाँ प्रति गहिरो स्मरण र श्रद्धा व्यक्त गर्दछु ।
नेपालको राजनीति,कला-साहित्य र समाज परिवर्तनका लागि आफ्नो सम्पूर्ण जीवन समर्पण गर्नुभएको बीपीले हामीलाई दिएर जानु भएको सामाजिक,आर्थिक,साहित्यिक र राजनैतिक दर्शन हाम्रो जमीनको यथार्थ हो। https://t.co/YDcn4ew0Mi",60,2,5,0,38543
1.55014E+18,NC,paudelpradipNC,Pradip Paudel,7/21/2022,21:24:30,"Democracy is a beautiful system in which even an ordinary person can become the head of a country.
Heartiest congratulations and best wishes to Draupadi Murmu for being elected to the prestigious post of President of India. https://t.co/euDLhkWhCd",68,2,2,0,38543
1.54797E+18,NC,paudelpradipNC,Pradip Paudel,7/15/2022,21:47:12,RT @rajkpradh: @paudelpradipNC त्रि-चन्द्र क्याम्पसमा HPC (High performance computing (HPC) को लागि पहल नि गरियोस् न! अनुसन्धान गर्ने वि…,0,1,0,0,38543
1.54789E+18,NC,paudelpradipNC,Pradip Paudel,7/15/2022,16:19:10,RT @pawanpoudel0: वाम शक्तिसँग सम्बन्ध बढाउन सहज महसुस गर्ने चीनले शक्तिशाली नेतालाई पठाएर 'एक चीन नीति'मा नेपालको प्रतिबद्धता खोज्नुका सा…,0,1,0,0,38543
1.54786E+18,NC,paudelpradipNC,Pradip Paudel,7/15/2022,13:53:26,"दक्ष प्राज्ञ,प्रशासक,वैज्ञानिक,राजनीतिज्ञ,साहित्यकारहरु जन्माउदै आएको मुलुककै एतिहासिक ज्ञानकेन्द्र त्रिचन्द्रको पुननिर्माणलाई उपेक्षा गर्नु प्राज्ञिक जगतकै उपहास गर्नु हो।हाम्रो शिक्षाको गौरवपूर्ण इतिहासलाई जीवन्त राखिराख्न मौलिक शैलीमा पुरातन भौतिक संरचनाहरूको संरक्षण गर्नुपर्छ",25,8,3,0,38543
1.54714E+18,NC,paudelpradipNC,Pradip Paudel,7/13/2022,14:11:51,"महाप्रसाद गभर्नर हुन् भने एम अधिकारी को हुन्? एमालेले सार्वजिक गरोस्।कार्यकर्ता भएर ल्याइने मौद्रिक नीतिले लक्ष्य भेटाउन सक्दैन,यो तथ्य पछिल्लो एमाले सरकारको काम हेरेर पुष्टि हुन्छ।चुलिँदो आर्थिक तरलतालाई फास्ट ट्रयाकमा हल गर्न र नागरिकका दैनिक समस्या सम्बोधन गर्न लचक हुनुपर्दछ।",205,25,33,0,38543
1.54712E+18,NC,paudelpradipNC,Pradip Paudel,7/13/2022,13:26:59,"गुरुब्रह्मा गुरुर्विष्णुः गुरुर्देवोमहेश्वरः ।
गुरुःसाक्षात् परब्रह्म तस्मै श्री गुरवेनमः ।।
अखण्ड मण्डलाकारं व्याप्तं येन चराचरं ।
तत्दपदं दर्शितं येन तस्मै श्री गुरुवे नमः
जीवनलाई सत्मार्गनमा डोर्याउन बाटो देखाउनु हुने सम्पूर्ण आदरणीय गुरुजनहरुमा सप्रेम नमन गर्दछु !",22,0,1,0,38543
1.54666E+18,NC,paudelpradipNC,Pradip Paudel,7/12/2022,6:23:25,सेन्टर फर एक्सिलेन्स बनाउने घोषणा गरिएको त्री वि राजनीतिक भागवण्डाको मात्रै सेन्टर भएको छ । वर्षौं देखिका अनेकौं समस्याहरूको ठूलो चाङ्गले त्री वि ले आफ्नो गरिमा गुमाईसक्न लाग्दा पनि यस बारे कसैको ध्यान जान सकेको छैन । विश्वविद्यालय सुधारका निर्णायक कदम चाल्न जरुरी छ ।,100,11,10,0,38543
1.54647E+18,NC,paudelpradipNC,Pradip Paudel,7/11/2022,18:18:36,"अघिल्लो सरकारले अध्यादेश ल्याएर संवैधानिक सौन्दर्यता समाप्त पार्न खोज्यो,त्यस विरुद्ध हामीले डटेर प्रतिवाद गर्यौ ।आज आफै सरकारमा हुँदा उही प्रकृतिको विधेयक ल्याउन कसरी मिल्छ? संवैधानिक परिषद सम्बन्धी विधेयक अविलम्ब फिर्ता हुनुपर्दछ।",283,20,47,0,38543
1.54642E+18,NC,paudelpradipNC,Pradip Paudel,7/11/2022,14:47:08,चीनसङ्ग ऋण नलिने तर अनुदान मात्र लिने प्र म को  रणनीति समयानुकुल छ।आर्थिक अवस्था तरल भएको बेला देशलाई थप भार वहन गर्न अफ्ठ्यारो पर्ने स्थितिलाई रोक्न पक्कै मद्दत पुग्नेछ । यो तरलता कम गर्न फजुल खर्च कटौती गरेर उत्पादनमा जोड दिनुपर्दछ ।,65,6,8,0,38543
1.54606E+18,NC,paudelpradipNC,Pradip Paudel,7/10/2022,15:13:30,"प्रदेश सरकारले बजेट विनियोजन गर्ने प्राथमिकताको फेहरिस्तले संघीयताको ध्वजी उडेको छ।व्यक्तिका नाममा आफूखुसी बजेट विनियोजन गर्ने,पहुँचका आधारमा आफ्ना निहित स्वार्थ पूरा गर्न सधैं बजेटलाई कनिका जस्तो छर्ने।यस्तै निरन्तरता हुने हो भने सयौं वर्षमा पनि आर्थिक विकास हासिल गर्न सकिँदैन।",100,9,12,0,38543
1.54596E+18,NC,paudelpradipNC,Pradip Paudel,7/10/2022,8:28:57,ठूला ठूला संरचना निर्माण गर्नु मात्रै विकास र संवृद्धि होइन भन्ने श्रीलंकाको उदाहरणले प्रष्ट पारेको छ।आर्थिक संकट चुलिदैँ गएको अवस्थामा मुलुकलाई आर्थिक रुपान्तरणतिर लैजानु छ भने हामीले निर्माण गर्ने पुर्वाधारहरु कत्तिको उत्पादनमुलक छन् भन्ने विषयमा पनि त्यत्तिकै सचेत हुनुपर्छ।,66,4,7,0,38543
1.54538E+18,NC,paudelpradipNC,Pradip Paudel,7/8/2022,18:05:27,शान्ति रअहिंसा अंगालेको जापानले आफ्नो पूर्व प्रधानमन्त्रीको गोली हानी हत्या भएको घटना व्यहोर्नु परेको छ।घटनाले विश्वव्यापी रुपमै सुरक्षाको विषय चुनौतीको रूपमा रहेको इंगित गर्दछ।लामो समय जापानको प्रधानमन्त्री रहेका सिन्जो आवेको निधन प्रति दुःख व्यक्त गर्दै हार्दिक श्रद्धाञ्जली। https://t.co/7UReyhb9Ia,48,5,7,0,38543
1.5446E+18,NC,paudelpradipNC,Pradip Paudel,7/6/2022,14:03:09,सी सी टिभी फुटेजबारे अर्थ मन्त्रालयले दिएको अविव्यक्तिले प्रसस्तै संका गर्ने ठाउँ उब्जिएको छ। बिषय अब सरकार संग पनि जोडिन्छ।त्यसैले सरकारले न्यायिक र संसदीय छानविन गरी सत्य-तथ्य सार्वजनिक गरोस् ।अर्थमन्त्रीले तत्काल राजीनामा दिएर छानबिनका लागि मार्ग प्रसस्त गर्नुपर्छ ।,106,8,14,0,38543
1.54213E+18,NC,paudelpradipNC,Pradip Paudel,6/29/2022,18:33:35,"मा मन्त्री महेन्द्रराय यादवका अनुसार मन्त्रालयसँग रहेको २७ अर्ब मौजाद रकमले साडे दुई लाख मेट्रिक टन मल किन्न सकिनेरहेछ।अहिलेको संवेदनशिलतालाई विशेष ध्यान दिदैँ छरितो र पारदर्शी प्रक्रियाबाट सकेजति मल खरिद गरियोस्,असार मसान्त अगावै कृषकको हातमा मल पुगोस्।शुभकामनाले पुगेन मलचाहियो https://t.co/NWLHGOT1s3",75,8,4,0,38543
1.54075E+18,NC,paudelpradipNC,Pradip Paudel,6/25/2022,23:11:41,"पेट्रोलियम पदार्थको मूल्य घट्नुले मूल्यवृद्धिको श्रृंखला नियन्त्रण र सरकारको उपस्थितिको बोध गरायो तर पेट्रोलियम पदार्थको मूल्य घट्नु उर्जाको दिर्घकालिन समस्याको समाधान होइन,हामीले यथासक्य छिटो आयातित पेट्रोलियम पदार्थको सट्टा विकल्पलाई  व्यावहारिक रुपमा लागु गर्न सक्नुपर्छ ।",76,6,8,0,38543
1.53925E+18,NC,paudelpradipNC,Pradip Paudel,6/21/2022,20:11:08,संसारको जुनसुकै कुनामा रहेपनि मत हाल्न पाउनु नागरिकको अधिकार हो।त्यसको वातावरण तयार पार्नु राज्यको जिम्मेवारी हो।यसलाई सुनिश्चित गर्दै विदेशमा रहेका नागरिकलाई मतदाता नामावली दर्ताका लागि आवश्यक प्रवन्ध गर्ने र निर्वाचनमा गोप्य मतदान गर्न आवश्यक प्रवन्ध निर्वाचन आयोगले मिलाउनुपर्छ,95,11,6,0,38543
1.53742E+18,NC,paudelpradipNC,Pradip Paudel,6/16/2022,18:27:46,"कार्यकारी प्रमुख लगायत सबैको एसपिपी सम्झौता गर्नु हुन्न भने समान धारणाले मुलुकका गम्भिर विषयमा हामी एकै ठाउँमा उभिन सक्छौं भन्ने देखाएको छ । तर, यदि नेपालबाटै एसपिपी सम्झौताको  प्रस्ताव अमेरिका समक्ष लगिएको हो भने कसको पालामा, कसले र किन त्यसो गर्यो भन्ने अर्को गम्भिर विषय हो ।",105,9,5,0,38543
1.5356E+18,NC,paudelpradipNC,Pradip Paudel,6/11/2022,18:24:28,साहुकर तथा मिटरब्याज असुली गर्नेहरुबाट तराईका ग्रामिण इलाकाका विपन्न परिवारको उठीवास लगाउने क्रम आजसम्मपनि नरोकिनु गम्भिर विषय हो । प्रधानमन्त्री स्वयमले विषयको गम्भिरतालाई मध्यनजर गर्दै साहुकर र मिटरब्याजीलाई तत्कालै पक्राउ गरेर अनुसन्धान अघि बढाउन निर्देशन दिनु एकदमै सराहनीय छ।,78,9,9,0,38543
1.53472E+18,NC,paudelpradipNC,Pradip Paudel,6/9/2022,8:05:22,"फेरि उहि समस्या तत्काललाई जसरीपनि बिउ र मल उपलव्ध गराउनुपर्छ।मल र बिउको दिर्घकालीन समाधानको लागि आफ्नै रैथाने बिउबिजनको उत्पादकत्व वृद्धि गर्नुपर्छ,मुलुकभित्रै आवश्यक मल उत्पादन गर्नुपर्छ ।सकिन्छ भने रसायनिक मलको सट्टा जैविक मल उत्पादन तथा प्रवर्धन गर्नतिर लाग्नुपर्छ।",66,7,9,0,38543
1.53419E+18,NC,paudelpradipNC,Pradip Paudel,6/7/2022,20:31:26,"महानगरको फोहोरको समस्या सबैको समस्या हो,यसले पार्ने वातावरणीय प्रभावको असरबाट कोहि मुक्त छैन।फोहर व्यावस्थापनमा जसले जहाँबाट जति सकिन्छ सहयोग गरौं।फोहरको प्रकृति हेरेर वर्गिकरण गरौं,यो हामीहरूकै लागी हो।व्यावस्थापन स्थलका स्थानियहरुको समस्याहरुको समाधान गरौं,सम्झौताहरु पालना गरौं",92,7,2,0,38543
1.53123E+18,NC,paudelpradipNC,Pradip Paudel,5/30/2022,16:33:00,तारा एयरको ट्वीनअटर विमान दुर्घटनामा चालक दलका सदस्य तथा यात्रुको मृत्युले स्तव्ध बनाएको छ । दिवंगत प्रति श्रद्धासुमन अनि परिवारजन प्रति हार्दिक समवेदना । दुर्घटनाको कारण पत्ता लगाई भविष्यमा यस्ता घटना दोहोरिन नदिने उपायहरु अवलम्बन गरिनुपर्छ । सुरक्षित उडान मुलुककै दायित्व हो ।,32,1,0,0,38543
1.53079E+18,NC,paudelpradipNC,Pradip Paudel,5/29/2022,11:55:27,गणतन्त्र दिवसको शुभकामना।गणतन्त्र प्राप्तिका लागि प्राणको आहुति दिने सहिदहरुप्रति भावपूर्ण श्रद्धाञ्जलीअनवरत संघर्षबाट नागरिकले प्राप्त गरेको ब्यावस्थाप्रति अपनत्व महसुस गराउन हरेक नागरिकलाई समान अवसर र न्यायको प्रत्याभूति गराउँदै समुन्नत मुलुक निर्माणतर्फ अग्रसर हुने संकल्प गरौं,56,1,1,0,38543
1.53011E+18,NC,paudelpradipNC,Pradip Paudel,5/27/2022,14:49:16,बालेन्द्र शाहको सफलताले भन्छ - महानगरका मतदाता जनप्रतिनिधिको रुपमा स्पष्ट विचार र भिजन  सहितको सहयात्री चाहन्छन् । वहाँलाई सफल कार्यकालको अग्रिम शुभकामना । नेपाली कांग्रेस पनि आगामी दिनहरुमा अझ परिस्कृत हुदैँ आम मतदाताहरुको चाहनाको उच्च कदर गर्दै तपाईँहरुसँगै सहकार्य गरिरहनेछ ।,101,6,4,0,38543
1.52977E+18,NC,paudelpradipNC,Pradip Paudel,5/26/2022,16:18:48,जनमत संकलनको अहिलेसम्मको सबैभन्दा भरपर्दो प्रकृया नै निर्वाचन हो।सधैँ सबै ठाउँमा आफू अनुकुलको परिणाम आउदैँन।जनमत नै सर्वोपरी हुने हुँदा आफू प्रतिकुलको परिणामलाई उत्तिकै सम्मान गर्दै आफूभित्रका कमिकमजोरी मुल्याङ्कन गर्नु र आत्मालोचित हुनु नै लोकतान्त्रिक संस्कार हो ।,60,3,1,0,38543
1.52934E+18,NC,paudelpradipNC,Pradip Paudel,5/25/2022,11:37:58,अर्थतन्त्रको वर्तमान आर्थिक संकटलाई सम्बोधन गर्ने प्रकारको नीति तथा कार्यक्रम आउनु एकदमै स्वागतयोग्य छ।यद्दपि यो चुनावी चटारोको वर्ष भएका कारण नीति तथा कार्यक्रमको अपेक्षाकृत कार्यन्वयन गर्न भने चुनौतिपूर्ण नै छ।आशा छ वर्तमान सरकारले परिस्थितिप्रतिको संवेदनशिलतालाई ख्याल राख्नेछ।,51,7,3,0,38543
1.52898E+18,NC,paudelpradipNC,Pradip Paudel,5/24/2022,11:41:08,इन्धनको मूल्यबृद्धीसँगै सार्वजनिक सवारीदेखि ढुवानी भाडा र उपभोग्यदेखि निर्माण सामग्री सम्मको मूल्य अकासिन्छ।यसबाट आम नागरिकहरु थप पिडित बन्नेछन्। इन्धन करमा केहि कटौति गरेरै भएपनि तत्काललाई सहुलियत दरमा इन्धन उपलव्ध गराउनु पर्छ।मूल्यबृद्धी नियन्त्रण गर्न सरकारको ध्यान जान जरूरी छ,61,4,8,0,38543
1.52865E+18,NC,paudelpradipNC,Pradip Paudel,5/23/2022,14:14:10,"एकातिर पर्याप्त पूँजिगत खर्च हुन सकिरहेको छैन।हाम्रो आयात खर्च आकासिदोँ छ।तत्काल कार्यान्वयन गर्न सकिने परियोजनामा जोड दिनुपर्नेछ ताकी उत्पादनशिल क्षेत्रमा तत्कालै पूँजिगत लगानी हुन सकोस।आयात प्रतिस्थापन,आत्मनिर्भर कृषि,निर्यातमुलक वस्तुहरूको उत्पादन वजेटको प्राथमिकतामा पर्नुपर्छ",36,2,3,0,38543
1.52755E+18,NC,paudelpradipNC,Pradip Paudel,5/20/2022,13:08:32,"मुलुकी अपराध संहिता २०७४,बालबालिकासम्बन्धी ऐनमा बलात्कार कसुरबारे उजुरीको हदम्याद तोकेको छ।प्पिडितहरु प्रताडनाबाट गुज्रने गरेको पाइएको छ।बलात्कारका पुराना घटनाको उजुरी नलिदाँ पीडितले हरेश खाने तथा अपराधिले सहजै उन्मूक्ति पाउने अवस्था छ।यस्ता अपराधमा समयसिमाको हदम्याद तोकिनुहुन्न।",65,11,1,0,38543
1.52684E+18,NC,paudelpradipNC,Pradip Paudel,5/18/2022,13:58:17,"नौं महिनासम्म संसदलाई घेराबन्दी गर्दा महत्वपूर्ण विधेयक रोकिएका थिए,अहिलेपनि कुल ५७ विधेयक विचाराधीन छन् ।एमालेले लामो समयसम्म जुन माग,नियत राखेर संसद् अवरुद्ध गरेको थियो,त्यो संसदीय मर्यादाविपरीत थियो।पुनरागमन स्वागतयोग्य छ तर एक जिम्मेबार राजनीतिक दल हो भने जवाफदेयिता हुनैपर्छ",67,2,9,0,38543
1.52608E+18,NC,paudelpradipNC,Pradip Paudel,5/16/2022,11:55:19,"बुद्धलाई आश्थासँग जोड्यौं,विभूति बनाउँदै राष्ट्रियतासँग गास्यौं,उनको सहिष्णुतालाई जीवन पद्धति बनायौं।बुद्ध नेपाल र नेपालीको पहिचान बनिसकेका छन्।दर्शनको अध्ययन,अनुसन्धान र बुद्ध तथा नेपालबीचको अटुट सम्बन्ध वैश्विक जगतमा प्रचुर प्रचार भएमा बुद्ध सर्किटको पर्यटकिय लाभ उठाउन सक्नेछौं",38,1,0,0,38543
1.52514E+18,NC,paudelpradipNC,Pradip Paudel,5/13/2022,21:49:36,"छिटपुट घटना बाहेक निर्वाचन समग्रमा शान्तिपूर्ण वातावरणमा सम्प्पन भयो।आम नागरिकको उत्साहमूलक सहभागिताले संघिय लोकतान्त्रिक आस्थालाई थप उजागर गरेको छ।यस निर्वाचनले विधि र पद्धतिमा विश्वास राख्ने शक्तिलाई नै अनुमोदन गरेको छ, यो विश्वास दिर्गकालिन रुपमा जोगाइराख्न सबै एक जुट हुनपर्छ। https://t.co/VgFpwNu7tA",41,0,1,0,38543
1.52493E+18,NC,paudelpradipNC,Pradip Paudel,5/13/2022,7:44:21,आज देशैभरी सम्पन्न हुन गईरहेको स्थानिय तह निर्वाचनमा कसैको डर  त्रासमा नपरी निर्धक्क भएर मतदान गरौं।लोकतान्त्रिक गणतन्त्र प्राप्ति पछि सम्पन्न हुन गइरहेको दोश्रो स्थानीय तहको निर्वाचनलाई शान्तिपूर्ण वातावरणमा सफल पारौ ।सम्पूर्ण मतदाताहरूमा हादिंक अनुरोध ।,42,3,1,0,38543
1.52436E+18,NC,paudelpradipNC,Pradip Paudel,5/11/2022,17:48:38,निष्पक्ष निर्वाचन लोकतन्त्रको आधारभूत शर्त हो । त्यसैले कुनैपनि मतदातालाई कुनैपनि प्रकारको प्रलोभन तथा दवाव दिएर प्रभावित गर्ने हर्कत अवान्छनिय छ।पटक–पटकका राजनीतिक रुपान्तरणमा अग्रणी भूमिका खेलेका आम नेपाली नागरिक मतदानमा आफ्नो स्वविवेकको प्रयोग गर्न सक्षम छन्।,68,7,5,0,38543
1.52253E+18,NC,paudelpradipNC,Pradip Paudel,5/6/2022,16:28:26,दुईतिहाइ बहुमतलाई राजनीतिक प्रणाली नै ध्वंस गर्न खर्चिएका ओलीमा असक्षमता मात्र थिएन बरु प्रणालीलाई नै भत्काइदिने  बदनियत पनि थियो । यस्तो प्रवृति प्रणाली माथिको सर्वकालिन चुनौति हो । त्यसैले आसन्न निर्वाचनमा यो प्रवृति पूर्णत अश्विकृत हुनुपर्छ।,193,21,47,0,38543
1.51967E+18,NC,paudelpradipNC,Pradip Paudel,4/28/2022,19:15:53,"महिलामाथि खुलम खुल्ला अपशब्द प्रयोग गर्ने व्यक्ति स्तृद्वेषी हुन्।यस्ता व्यक्ति जो कोही हुन्,हिंसा र विभेदकारी मानसिकता बोकेकाहरु निर्वाचनबाट अनुमोदित हुनुहुँदैन।आरोपबारे जानकारी लिन खोज्दा उल्टै उत्तेजित हुने,गलिगौलज गर्नेले तिनै नागरिकका मुद्धालाई कसरी सम्बोधन गर्न सक्छ ?",285,40,33,0,38543
1.5192E+18,NC,paudelpradipNC,Pradip Paudel,4/27/2022,11:56:10,कांग्रेस घोषणापत्रको बारेमा ओलिको मनगढन्ते टिप्पणी जनता झुक्याउन र लाज छोप्न रचिएको निन्जा टेक्निक हो।राजनीतिक मर्यादाको सामान्य हेक्का नराखी खर्चिएका शब्द कुण्ठाका पराकाष्टा हुन्।आफ्नो सरकारले गरेका काण्डहरुलाई जति बचाउँ गर्छन् उति नाङ्गिदै जान्छन्।सस्ताकुराले रक्षात्मक बनाउछ।,176,15,11,0,38543
1.77907E+18,NC,PMSinghNC,Prakash Man Singh,4/13/2024,14:17:55,नयाँ वर्ष २०८१ सालको देश विदेशमा रहनुहुने सम्पूर्ण नेपालीहरुमा हार्दिक शुभकामना । https://t.co/wpoJmVGKA5,31,5,3,1232,23636
1.77829E+18,NC,PMSinghNC,Prakash Man Singh,4/11/2024,11:14:34,इस्लाम धर्मावलम्बीहरुको महान पर्व ईद -उल फित्र (ईद)को अवसरमा सबैमा हार्दिक शुभकामना व्यक्त गर्दछु। https://t.co/HvF15Zoz5O,15,1,1,482,23636
1.778E+18,NC,PMSinghNC,Prakash Man Singh,4/10/2024,15:33:01,"RT @revoltjagan: कांग्रेसलाई संसदीय अभ्यासकाे पाठ नपढाउन @PMSinghNC ले सुझाव दिनुभएछ-
https://t.co/nzZJbSoyRY",0,4,0,0,23636
1.77729E+18,NC,PMSinghNC,Prakash Man Singh,4/8/2024,16:35:51,"RT @12khari: प्रतिबन्धित कांग्रेसले जब राष्ट्रिय सम्मेलन गर्ने निर्णय लियो । सरकारले सार्वजनिक ठाउँमा कतै पनि कार्यक्रम गर्न दिएन ।
त्यसपछि…",0,8,0,0,23636
1.77729E+18,NC,PMSinghNC,Prakash Man Singh,4/8/2024,16:35:18,RT @uplamichane: जित काे शुभकामना।  ईलाम डम्बर खडका  जिताउने काम @Sirjana_Singh @PMSinghNC https://t.co/G6p2sdesbH,0,7,0,0,23636
1.77416E+18,NC,PMSinghNC,Prakash Man Singh,3/31/2024,1:09:28,RT @PMS_Secretariat: गणेशमान सिंह फाउन्डेसन द्वारा आयोजित ६ औ वीर गणेशमान सिंह राष्ट्रिय बक्सिङ प्रतियोगिता (चैत्र १३-१७ सम्म) समापन कार्य…,0,3,0,0,23636
1.77416E+18,NC,PMSinghNC,Prakash Man Singh,3/31/2024,1:09:25,"RT @PMS_Secretariat: आज बानेश्वर महादेवस्थान परिसरमा थपना गरिएको संकटा तथा महांकालको विशेष होम तथा प्राणप्रतिस्थापन कार्यक्रम ।
काठमाडौँ…",0,1,0,0,23636
1.77173E+18,NC,PMSinghNC,Prakash Man Singh,3/24/2024,8:36:07,फागु पुर्णिमा हार्दिक शुभकामना । https://t.co/Vq83agfDOJ,26,5,1,879,23636
1.76709E+18,NC,PMSinghNC,Prakash Man Singh,3/11/2024,13:24:17,"ग्याल्पो ल्होछारको हार्दिक शुभकामना।
जय नेपाल । https://t.co/ZhtAKiiqI9",8,0,0,272,23636
1.76252E+18,NC,PMSinghNC,Prakash Man Singh,2/27/2024,22:51:55,RT @ekantipur_com: गणेशमान सिंह राष्ट्रिय बक्सिङ चैतमा https://t.co/McqSgoEZnr,0,3,0,0,23636
1.76174E+18,NC,PMSinghNC,Prakash Man Singh,2/25/2024,18:48:28,"RT @risal_raj: Chief Guest Prakashman Singh, Mayor Tirtha Bhattarai, Mountain Climber Lakpa Sherpa are at an art exhibition program organiz…",0,7,0,0,23636
1.76174E+18,NC,PMSinghNC,Prakash Man Singh,2/25/2024,18:48:17,"RT @PMS_Secretariat: शंखमुल त्रिवेणिधाम आरती समुहको वाषिर्कोत्सव कार्यक्रम 
शंखमुल, काठमाडौँ क्षेत्र नं.१ 
@PMSinghNC @Sirjana_Singh https:…",0,3,0,0,23636
1.7594E+18,NC,PMSinghNC,Prakash Man Singh,2/19/2024,8:04:25,"प्रजातन्त्र दिवसको सम्पूर्णमा हार्दिक शुभकामना ।
जय नेपाल । https://t.co/DhUHjvO5pM",30,3,2,971,23636
1.75778E+18,NC,PMSinghNC,Prakash Man Singh,2/14/2024,20:20:30,"RT @PMS_Secretariat: पदमकन्या विद्याश्रम माध्यामिक विद्यालयको ७६ औ वार्षिकोत्सब कार्यक्रम ।
काठमाडौँ क्षेत्र नं.१
@PMSinghNC @Sirjana_Singh…",0,2,0,0,23636
1.75778E+18,NC,PMSinghNC,Prakash Man Singh,2/14/2024,20:20:28,RT @PMS_Secretariat: बहुआयामिक व्यक्तित्व ललितजंग सिजापती ज्युको जीवनका विभिन्न आयामहरुको बारेमा प्रा.डा. गोविन्दमान सिंह कार्की ज्यु द्वा…,0,2,0,0,23636
1.75766E+18,NC,PMSinghNC,Prakash Man Singh,2/14/2024,12:33:13,वसन्त पन्चमी (श्री पन्चमी) / सरस्वती पुजाको अवसरमा शुभकामना व्यक्त गर्द्छु । जय नेपाल । https://t.co/yrdvobx0gd,11,1,0,532,23636
1.75624E+18,NC,PMSinghNC,Prakash Man Singh,2/10/2024,14:44:40,"सोनाम ल्होछारको हार्दिक शुभकामना ।
जय नेपाल । https://t.co/vb2rfUf4Fd",16,1,2,472,23636
1.75595E+18,NC,PMSinghNC,Prakash Man Singh,2/9/2024,19:16:24,"RT @PMS_Secretariat: नेपालको संविधान २०७२ निर्माणको लागि नेतृत्वदायी भुमिका निर्वाह गर्नुभएका, पुर्व प्रधानमन्त्री एव्म नेपाली कांग्रेसका…",0,5,0,0,23636
1.75595E+18,NC,PMSinghNC,Prakash Man Singh,2/9/2024,19:16:16,"RT @PMS_Secretariat: नेपाली काँग्रेस काठमाडौँ जिल्ला सम्मेलन उद्घाटन समारोह राष्ट्रिय सभा गृह, काठमाडौँ ।
@PMSinghNC @Sirjana_Singh @SherBD…",0,3,0,0,23636
1.7547E+18,NC,PMSinghNC,Prakash Man Singh,2/6/2024,8:42:02,"नेपाली कांग्रेसका केन्द्रीय सदस्य एवं पुर्वमन्त्री केशबकुमार बुढाथोकी ज्यु प्रति भावपूर्ण श्रद्धाञ्जली व्यक्त गर्दछु। साथै, यस दु:खद घडीमा शोक सन्तप्त परिवारजनमा गहिरो समवेदना प्रकट गर्दछु। https://t.co/ONtZmo3Jvi",10,1,2,458,23636
1.75444E+18,NC,PMSinghNC,Prakash Man Singh,2/5/2024,15:20:10,RT @uplamichane: रास्टिय सभामा निर्वाचित हुनु भएकाेमा किरण बाबू श्रेष्ठ लाई बधाई दिनु हुँदै कांग्रेस नेता प्रकाश मान सिह चाकसिबारि काठमाडौ…,0,4,0,0,23636
1.75413E+18,NC,PMSinghNC,Prakash Man Singh,2/4/2024,18:56:13,"RT @PMS_Secretariat: ""समुदायमा कांग्रेस"" कार्यक्रम अन्तर्गत आदरणीय नेता प्रकाशमान सिंह ज्यु सिन्धुली जिल्लाको विभिन्न स्थानमा संवाद गर्नु…",0,3,0,0,23636
1.75413E+18,NC,PMSinghNC,Prakash Man Singh,2/4/2024,18:56:07,"RT @PMS_Secretariat: ""समुदायमा कांग्रेस"" कार्यक्रम अन्तर्गत आदरणीय नेता प्रकाशमान सिंह ज्यु सप्तरी जिल्लाको विभिन्न स्थानमा संवाद गर्नु हु…",0,4,0,0,23636
1.75413E+18,NC,PMSinghNC,Prakash Man Singh,2/4/2024,18:55:59,"RT @PMS_Secretariat: समुदायमा कांग्रेस अभियान अन्तर्गत सिराहा जिल्लामा राजनितिक विश्लेषक, चिन्तक, नेता स्व. प्रदिप गिरि ज्युको प्रतिमामा…",0,6,0,0,23636
1.75342E+18,NC,PMSinghNC,Prakash Man Singh,2/2/2024,19:38:54,"RT @PMS_Secretariat: ""समुदायमा कांग्रेस"" कार्यक्रम अन्तर्गत आदरणीय नेता प्रकाशमान सिंह ज्यु मकवानपुर जिल्लाको विभिन्न स्थानमा संवाद गर्नु…",0,5,0,0,23636
1.75225E+18,NC,PMSinghNC,Prakash Man Singh,1/30/2024,14:22:20,"माघ १६ 
समुन्न्त नेपाल र नेपाली जनको अधिकारको सुनिश्चितता, व्यवस्था स्थापनाको लागि आफ्नो जीवन समर्पित गर्नु हुने वीर शहिदहरु प्रति भावपुर्ण श्रद्धाञ्जली अपर्ण गर्द्छु । https://t.co/7mIyeKB3G1",12,3,0,418,23636
1.75077E+18,NC,PMSinghNC,Prakash Man Singh,1/26/2024,12:20:37,"७८ औं स्थापना दिवसको अवसरमा संस्थापक नेताज्युहरु, पार्टीको नेतृत्वमा भएका लोकतान्त्रिक आन्दोलनमा आफ्नो जीवन समर्पित गर्नु पार्टीका साथीहरु प्रती कृतज्ञता व्यक्त गर्दै सबैमा स्थापना दिवसको हार्दिक शुभकामना व्यक्त गर्द्छु। 
जय नेपाल ।",6,1,0,366,23636
1.75057E+18,NC,PMSinghNC,Prakash Man Singh,1/25/2024,23:10:56,"हार्दिक बधाई !!
नेपाली कांग्रेसको तर्फबाट
राष्ट्रिय सभा सदस्यमा निर्वाचित  हुनुहुने सम्पूर्णमा हार्दिक बधाई एवं शुभकामना https://t.co/AKw50k3W8z",15,4,5,1014,23636
1.75053E+18,NC,PMSinghNC,Prakash Man Singh,1/25/2024,20:20:40,"RT @PMS_Secretariat: नेपाली कांग्रेस जिल्ला कार्यसमिति मकवानपुर द्वारा आयोजित स्वागत तथा चियापान कार्यक्रम ।
जय नेपाल ।
@PMSinghNC @Sirjana…",0,5,0,0,23636
1.75053E+18,NC,PMSinghNC,Prakash Man Singh,1/25/2024,20:20:32,RT @PMS_Secretariat: बागमति प्रदेशबाट राष्ट्रिय सभाका नवनिर्वाचित माननिय सदस्यज्युहरुलाई बधाइ तथा शुभकामना व्यक्त गर्नु हुँदै @PMSinghNC @S…,0,5,0,0,23636
1.74819E+18,NC,PMSinghNC,Prakash Man Singh,1/19/2024,9:22:15,हार्दिक श्रद्दान्जली !!,13,1,7,2688,23636
1.74687E+18,NC,PMSinghNC,Prakash Man Singh,1/15/2024,17:46:23,"मकर संक्रान्ति/माघे संक्रान्ति र माघी पर्वको हार्दिक शुभकामना।
जय नेपाल। https://t.co/uKHnboKNNS",16,1,0,398,23636
1.74647E+18,NC,PMSinghNC,Prakash Man Singh,1/14/2024,15:28:40,"RT @PMS_Secretariat: नेपाली कांग्रेस गण्डकी प्रदेश कार्यलयमा भेटघाट तथा नेपाली कांग्रेस कास्की द्वारा आयोजित भेटघाट कार्यक्रम ,पोखरा।
जय ने…",0,3,0,0,23636
1.7436E+18,NC,PMSinghNC,Prakash Man Singh,1/6/2024,17:48:38,RT @PMS_Secretariat: नेपाली कांग्रेस ललितपुर जिल्ला क्षेत्र नं.३(२) कार्यसमिती द्वारा आयोजित संगठन सुदृढीकरणको  लागि परिकल्पना प्रशिक्षण का…,0,4,0,0,23636
1.74358E+18,NC,PMSinghNC,Prakash Man Singh,1/6/2024,16:22:20,"RT @PMS_Secretariat: थापाथली जनकल्याण परिवारको ३३ औ साधारणसभा @PMSinghNC @Sirjana_Singh
बबरमहल, काठमाडौँ  क्षेत्र नं. १ https://t.co/AlYm7A…",0,5,0,0,23636
1.74129E+18,NC,PMSinghNC,Prakash Man Singh,12/31/2023,8:37:39,"तमु ल्होसारको उपलक्ष्यमा हार्दिक शुभकामना ।
जय नेपाल । https://t.co/cQFdtAlebE",20,1,3,900,23636
1.74064E+18,NC,PMSinghNC,Prakash Man Singh,12/29/2023,13:17:45,नागार्जुन नगरपालिका द्वारा आयोजित अन्तर विद्यालय नगर स्तरीय राष्ट्रपति रनिङ शिल्ड प्रतियोगिता -२०८० को उद्घघाटन समारोह । https://t.co/UEJoNsn1AT,6,1,0,366,23636
1.73958E+18,NC,PMSinghNC,Prakash Man Singh,12/26/2023,15:33:30,"२० औ राष्ट्रिय ज्यापू दिवस समारोह-११४४ !
वसन्तपुर, काठमाडौँ । https://t.co/ao8FnSRFqn",0,2,0,319,23636
1.73953E+18,NC,PMSinghNC,Prakash Man Singh,12/26/2023,12:13:23,"RT @PMS_Secretariat: उघौली पर्व , ज्यापु दिवस , यो:मरी पुन्हि र धान्य पुर्णिमा को अवसरमा सबैमा हार्दिक शुभकामना।
@PMSinghNC @Sirjana_Singh…",0,6,0,0,23636
1.73953E+18,NC,PMSinghNC,Prakash Man Singh,12/26/2023,12:13:14,RT @uplamichane: नेपाल जेसीजको अध्यक्षमा रविन पोखरेल लाई हार्दिक बधाई  @PMSinghNC @Sirjana_Singh https://t.co/rcSstPlWnD,0,2,0,0,23636
1.73947E+18,NC,PMSinghNC,Prakash Man Singh,12/26/2023,8:14:12,"उघौली पर्व , ज्यापु दिवस , यो:मरी पुन्हि र धान्य पुर्णिमा को अवसरमा सबैमा हार्दिक शुभकामना।",13,2,1,733,23636
1.73921E+18,NC,PMSinghNC,Prakash Man Singh,12/25/2023,14:59:16,"इसाई धर्मावलम्बीहरुको महान पर्व क्रिसमसको , सम्पूर्ण नेपाली इसाई दाजुभाइ तथा दिदीबहिनीहरुमा हार्दिक मंगलमय शुभकामना व्यक्त गर्दछु ।",10,4,0,825,23636
1.73895E+18,NC,PMSinghNC,Prakash Man Singh,12/24/2023,21:17:08,"RT @PMS_Secretariat: नेपाली कांग्रेस बागमती  प्रदेश कमिटी द्वारा काठमाडौँमा आयोजित प्रथम प्रदेश सम्मेलन 
@PMSinghNC @Sirjana_Singh @reecase…",0,3,0,0,23636
1.73584E+18,NC,PMSinghNC,Prakash Man Singh,12/16/2023,7:36:45,"RT @PMS_Secretariat: का.म.पा. वडा नं. २९ बाट तिर्थाटनको लागि स्ल्यानटार, नर्सिङ धाम प्रस्थान गर्नु अघि ज्येष्ठ नागरिक बुवा आमाहरुलाई टिपि र…",0,3,0,0,23636
1.73528E+18,NC,PMSinghNC,Prakash Man Singh,12/14/2023,18:14:00,RT @uplamichane: https://t.co/QSm847Up59देशमा केहि गर्न सकिदैन भन्ने भाष्यलाई इच्छा र कामबाट गलत सावित गर्नुपर्छ -प्रकाशमान सिंह @Sirjana_S…,0,3,0,1,23636
1.73202E+18,NC,PMSinghNC,Prakash Man Singh,12/5/2023,18:39:33,RT @PMS_Secretariat: श्री रत्न राज्य माध्यमिक विद्यालयमा डेक्स बेन्च हस्तान्तरण तथा नव निर्मित विज्ञान ल्याब अवलोकन गर्नु हुँदै @PMSinghNC…,0,3,0,1,23636
1.72733E+18,NC,PMSinghNC,Prakash Man Singh,11/22/2023,19:47:29,"RT @PMS_Secretariat: नेपाल संवत न्हु दँ राष्ट्रिय समारोह समिती  र थि थि खल: पुच: द्वारा शंखधर दिवसको अवसरमा आयोजित कार्यक्रम 
@PMSinghNC @S…",0,3,0,0,23636
1.72605E+18,NC,PMSinghNC,Prakash Man Singh,11/19/2023,6:58:03,"छठ पर्वको हार्दिक मंगलमय शुभकामना ।
जय नेपाल ! https://t.co/kNIgFK2dyN",32,1,2,1090,23636
1.72517E+18,NC,PMSinghNC,Prakash Man Singh,11/16/2023,20:45:07,"नेपाली कांग्रेस काठमाडौं क्षेत्र नं ७ का कार्यवाहक सभापति,का.म.न.पा. प्रवक्ता एवं वडा नं.१७का अध्यक्ष नविन मानन्धरज्यू को पुजनिय पिता भगवानदास मानन्धरको देहवसान भएको खवरले स्तब्ध बनाएको छ।श्रद्धेय बुवा प्रती हार्दिक श्रद्धान्जली सन्तप्त परिवारजनमा समवेदना व्यक्त गर्दछु। https://t.co/gWAYPTVnhz",9,1,7,1584,23636
1.72449E+18,NC,PMSinghNC,Prakash Man Singh,11/14/2023,23:42:10,"RT @PMS_Secretariat: का.म.पा. वडा नं. १६ नंया बजारमा नेपाल सम्वत ११४४ को उपलक्ष्यमा आयोजित शुभकामना आदान प्रदान कार्यकम, न्हु दँ ११४४ या भि…",0,2,0,0,23636
1.72449E+18,NC,PMSinghNC,Prakash Man Singh,11/14/2023,23:41:59,"RT @PMS_Secretariat: का.म.पा. वडा नं. १०  बुद्धनगरमा नेपाल सम्वत ११४४ को अवसरमा आयोजित भेटघाट कार्यक्रम 
निर्वाचन क्षेत्र नं. १
@PMSinghNC…",0,3,0,0,23636
1.72449E+18,NC,PMSinghNC,Prakash Man Singh,11/14/2023,23:41:48,RT @PMS_Secretariat: नेपाल सम्वत न्हु दँ राष्ट्रिय समारोह समिति ११४४ द्वारा वसन्तपुरमा आयोजित न्हु दँ नेपाल सम्वत ११४४ या लसताय भिंतुना सभा…,0,3,0,0,23636
1.72434E+18,NC,PMSinghNC,Prakash Man Singh,11/14/2023,14:09:10,"RT @PMS_Secretariat: शुभदिपावली, नेपाल सम्वत् तथा छठ पर्वको हार्दिक मंगलमय शुभकामना व्यक्त गर्दछु ।
जय नेपाल !
@PMSinghNC @Sirjana_Singh ht…",0,3,0,0,23636
1.724E+18,NC,PMSinghNC,Prakash Man Singh,11/13/2023,15:30:32,"RT @PMS_Secretariat: थापागाँउ टोल सुधार समिती द्वारा आयोजित गाई पुजा कार्यक्रम 
निर्वाचन क्षेत्र नं.१
@PMSinghNC @Sirjana_Singh https://t.c…",0,2,0,0,23636
1.72354E+18,NC,PMSinghNC,Prakash Man Singh,11/12/2023,9:08:08,"नेपाली साहित्य जगतका शिखर व्यक्तित्व महाकवि लक्ष्मी प्रसाद देवकोटा ज्युको ११५ औ जन्मजयन्तीको अवसरमा भावपुर्ण श्रद्धाञ्जली अर्पण गर्द्छु । साथै, सम्पुर्ण साहित्यप्रेमीहरुमा लक्ष्मी जयन्तीको शुभकामना व्यक्त गर्द्छु । https://t.co/GxlA3nfLMc",32,3,2,1500,23636
1.72335E+18,NC,PMSinghNC,Prakash Man Singh,11/11/2023,20:40:52,"RT @PMS_Secretariat: गणेशमान सिंह फाउन्डेसन,गणेशमान सिंह स्पोर्ट्स कमिटीको आयोजना तथा नेपाल टेनिस संघको प्राविधिक सहयोगमा सातदोबाटो स्थित…",0,4,0,0,23636
1.72335E+18,NC,PMSinghNC,Prakash Man Singh,11/11/2023,20:40:36,RT @PMS_Secretariat: नाग बहाल टोल सुधार समिती नाग बाह: यल १९ द्वारा तिहार र नेपाल सम्वत ११४४ को अवसरमा आयोजित भिन्तुना कालबिल व चियापान…,0,3,0,0,23636
1.72335E+18,NC,PMSinghNC,Prakash Man Singh,11/11/2023,20:40:31,RT @PMS_Secretariat: का.म.पा वडा नं. ८ ज्यापू पुच: पशुपती द्वारा तिहार तथा नेपाल सम्वत ११४४ को अवसरमा आयोजित भेटघाट तथा शुभकामना आदान प्रदा…,0,3,0,0,23636
1.72335E+18,NC,PMSinghNC,Prakash Man Singh,11/11/2023,20:40:26,"RT @PMS_Secretariat: आलोकनगर टोल सुधार समिती द्वारा आयोजित देउसी भैलो कार्यक्रम २०८०
@PMSinghNC @Sirjana_Singh 
निर्वाचन क्षेत्र नं१ https:…",0,2,0,0,23636
1.72297E+18,NC,PMSinghNC,Prakash Man Singh,11/10/2023,18:57:27,१०८ औ जन्म जयन्तीको अवसरमा सर्वमान्य नेता गणेशमान सिंह ज्यु प्रती हार्दिक श्रद्धाञ्जली अर्पण गर्द्छु । https://t.co/IqxszOOnrO,25,1,2,833,23636
1.72297E+18,NC,PMSinghNC,Prakash Man Singh,11/10/2023,18:56:38,नेपाली कांग्रेसका संस्थापक नेता सुवर्ण शमशेर ज्युको ४६ औ स्मृति दिवसको अवसरमा हार्दिक श्रद्धाञ्जली अर्पण गर्दछु । https://t.co/CPBfMu1Kj0,25,1,2,778,23636
1.72259E+18,NC,PMSinghNC,Prakash Man Singh,11/9/2023,18:03:54,RT @uplamichane: भाेलि बिहान 8 बजे  २०४६ का सर्बोच्च कमान्डर सर्वमान्य- नेता  गणेशमान सिंह काे 108 ओै  जन्म जयन्तीकाे अवसरमा माल्यापर्ण का…,0,3,0,0,23636
1.72076E+18,NC,PMSinghNC,Prakash Man Singh,11/4/2023,16:35:30,"RT @PMS_Secretariat: नेपाली कांग्रेस नागार्जुन नगर समिती द्वारा आयोजित दोस्रो नगर सम्मेलन 
@PMSinghNC @Sirjana_Singh https://t.co/00r1whoSEp",0,3,0,0,23636
1.72076E+18,NC,PMSinghNC,Prakash Man Singh,11/4/2023,16:35:28,"RT @PMS_Secretariat: ज्येष्ठ नागरिक समाज काठमाडौँ जिल्लाको ११ औ साधारण सभा तथा अधिवेशन कार्यक्रम २०८०
@PMSinghNC @Sirjana_Singh @KhadgiHari…",0,3,0,0,23636
1.72062E+18,NC,PMSinghNC,Prakash Man Singh,11/4/2023,7:18:24,"जाजरकोटको केन्द्रविन्दु बनाएर शुक्रबार राति गएको भूकम्पमा परी निधन हुनु भएका महानुभावप्रति हार्दिक श्रद्धाञ्जली एवं परिवारजनमा समवेदना व्यक्त गर्दछु।घाइतेहरूको उपचार र भुकम्प प्रभावितहरूको राहत एवं उद्धारका लागि नेपाल  सरकार, तथा सबै मा हार्दिक अपिल  गर्दछु ।",10,2,0,539,23636
1.72037E+18,NC,PMSinghNC,Prakash Man Singh,11/3/2023,15:03:42,"टि-२० क्रिकेट एसिया क्वालिफार्यस प्रतियोगितामा युएई लाई सेमिफाइनलमा हराउदै  टि-२०  क्रिकेट विश्वकप २०२४ मा छनोट भएकोमा नेपाली टिमलाई हार्दिक बधाइ साथै फाइनल खेलको शुभकामना ।जय नेपाल ।
Photo: Cricket Association of Nepal-CAN https://t.co/WaonsvfiyC",14,3,0,553,23636
1.71974E+18,NC,PMSinghNC,Prakash Man Singh,11/1/2023,21:02:08,"RT @PMS_Secretariat: दशैँ, तिहार, नेपाल सम्वत ११४४ तथ छठ पर्व को अवसरमा नेकपा एमाले @umlcpn द्वारा आयोजित शुभकामना तथा चियापान कार्यक्रम
@P…",0,2,0,0,23636
1.71786E+18,NC,PMSinghNC,Prakash Man Singh,10/27/2023,16:47:41,"नेपाल तरुण दलको ७१औ स्थापना दिवसको अवसरमा सम्पुर्ण तरुण युवा साथीहरुमा बधाइ तथा शुभकामना व्यक्त गर्द्छु।राष्ट्रियताको संरक्षण,लोकतन्त्रको स्थापना,समाजवादको अनवरत यात्रा र तरुण एकताको लागि  सधैं  प्रेरणा मिलिरहोस साथै,नेपाल र नेपालीजनको हक,हित र समृद्धिको पथमा सादा झै अघि बढी रहोस https://t.co/u5wliQtC5j",29,2,1,1323,23636
1.71757E+18,NC,PMSinghNC,Prakash Man Singh,10/26/2023,21:51:10,"RT @PMS_Secretariat: टीका २०८०
@PMSinghNC @Sirjana_Singh https://t.co/WYxlKlsF2y",0,2,0,0,23636
1.71757E+18,NC,PMSinghNC,Prakash Man Singh,10/26/2023,21:51:07,"RT @PMS_Secretariat: टीका २०८०
@PMSinghNC @Sirjana_Singh https://t.co/XivG9GfALt",0,3,0,0,23636
1.71757E+18,NC,PMSinghNC,Prakash Man Singh,10/26/2023,21:50:50,"RT @PMS_Secretariat: बडा दशैँ २०८० को टीका कार्यक्रम 
@PMSinghNC @Sirjana_Singh
Thread 1 https://t.co/QkoiEGnvOO",0,2,0,0,23636
1.7172E+18,NC,PMSinghNC,Prakash Man Singh,10/25/2023,21:17:56,RT @PMS_Secretariat: Tika 2080 @PMSinghNC @Sirjana_Singh https://t.co/MCZs4YIjty,0,2,0,0,23636
1.7172E+18,NC,PMSinghNC,Prakash Man Singh,10/25/2023,20:56:23,बैकिंङ क्षेत्रका अग्रज व्यक्तित्व एवं एभरेष्ट बैंकका अध्यक्ष बिके श्रेष्ठ ज्यू को निधनले अत्यन्तै दुखी बनाएको छ ।  परिवारमा हार्दिक समवेदना  स्व. श्रेष्ठप्रति भावपुर्ण श्रद्धाञ्जली ब्यक्त गर्दछु । https://t.co/D6LklIS3E7,13,1,0,597,23636
1.7172E+18,NC,PMSinghNC,Prakash Man Singh,10/25/2023,20:55:33,"RT @PMS_Secretariat: अशोक विनायक गुठी खल: धिमे बाजासहित 
दशैँको टीका ग्रहण 
@PMSinghNC @Sirjana_Singh https://t.co/Txkm7eDiSD",0,3,0,0,23636
1.7172E+18,NC,PMSinghNC,Prakash Man Singh,10/25/2023,20:55:19,"RT @PMS_Secretariat: दशैँ टीका २०८० 
@PMSinghNC @Sirjana_Singh https://t.co/KGFnm1ir6N",0,2,0,0,23636
1.71613E+18,NC,PMSinghNC,Prakash Man Singh,10/22/2023,22:31:19,"RT @PMS_Secretariat: किंगकम स्पोर्ट्स क्लब द्वारा महाअष्टमीको दिनमा नियमित आयोजना भैरहेको पुजा तथा प्रसाद ग्रहण कार्यक्रम
काठमाडौँ क्षेत्र…",0,2,0,0,23636
1.71613E+18,NC,PMSinghNC,Prakash Man Singh,10/22/2023,22:31:14,RT @PMS_Secretariat: का.म.पा. वडा नं. २९ डिल्लीबजार पिपलबोटमा राधाकृष्ण मन्दिर समिती र स्थानीय साथीहरु संग दशैँको अवसरमा भेटघाट तथा शुभकाम…,0,1,0,0,23636
1.71613E+18,NC,PMSinghNC,Prakash Man Singh,10/22/2023,22:29:02,"RT @PMS_Secretariat: वाणगंगा समाज सुधार समिती द्वारा बडा दशैँ, शुभ दिपावली, नेपाल संम्वत तथा छठ पर्वको अवसरमा आयोजित शुभकामना आदान प्रदान त…",0,2,0,0,23636
1.71572E+18,NC,PMSinghNC,Prakash Man Singh,10/21/2023,19:06:42,बडादशैंको शुभकामना ! https://t.co/4isw9rnvbu,60,8,12,2440,23636
1.71504E+18,NC,PMSinghNC,Prakash Man Singh,10/19/2023,21:58:00,RT @uplamichane: माेरङ समाझ काठमाडौ काे भेटघाट चाकसिबारि काठमाडौ @Sirjana_Singh @PMSinghNC https://t.co/N14R3CzM89,0,2,0,0,23636
1.71504E+18,NC,PMSinghNC,Prakash Man Singh,10/19/2023,21:57:54,"RT @PMS_Secretariat: श्री रत्न पुस्तकालय, बानेश्वर महादेवस्थान संरक्षण तथा व्यवस्थापन समाज तथा श्री रत्नराज्य विद्यालय व्यवस्थापन समिती…",0,1,0,0,23636
1.71338E+18,NC,PMSinghNC,Prakash Man Singh,10/15/2023,8:21:59,हिन्दुहरूको महान चाड बडादसैं को पहिलो दिन घटस्थापनाको शुभ अवसरमा हार्दिक मगंलमय शुभकामना । https://t.co/Ew6EcULZ14,3,0,0,390,23636
1.71338E+18,NC,PMSinghNC,Prakash Man Singh,10/15/2023,8:20:54,"RT @PMS_Secretariat: नेपाली कांग्रेस काठमाडौँ क्षेत्र १ द्वारा बडा दशैँ, शुभ दिपावली, छठ पर्व एव्म नेपाल सम्वतको उपलक्ष्यमा आयोजित शुभकामना…",0,3,0,0,23636
1.71338E+18,NC,PMSinghNC,Prakash Man Singh,10/15/2023,8:20:29,RT @uplamichane: https://t.co/K93QmC5bgb,0,1,0,0,23636
1.71338E+18,NC,PMSinghNC,Prakash Man Singh,10/15/2023,8:20:28,RT @uplamichane: https://t.co/GFzlUbodUz,0,2,0,0,23636
1.71288E+18,NC,PMSinghNC,Prakash Man Singh,10/13/2023,22:52:02,"RT @PMS_Secretariat: आज राष्ट्रिय सभामा आयोजित  ""राजनीतिक उपलब्धी र आजको चुनौती"" विष्यक विचार गोष्ठी कार्यक्रम । थप केही तस्बिरहरु 
@PMSing…",0,6,0,0,23636
1.71283E+18,NC,PMSinghNC,Prakash Man Singh,10/13/2023,19:26:32,"RT @PMS_Secretariat: ""नमो तस्स भगवते अरहतो सम्मासम्बुद्धस्स""
का.म.पा. वडा नं. २९ स्थित घट्टेकुलो महाप्रज्ञा  आश्रम (विहार) को शिलान्यास का…",0,6,0,16,23636
1.71251E+18,NC,PMSinghNC,Prakash Man Singh,10/12/2023,22:41:51,"RT @PMS_Secretariat: शंखमुल त्रिवेणिधाम आरती समूह द्वारा दसैं, दिपावली, छ्ठ तथा नेपाल संम्वत ११४४ को अवसरमा आयोजित शुभकामना आदान प्रदान का…",0,2,0,0,23636
1.71131E+18,NC,PMSinghNC,Prakash Man Singh,10/9/2023,15:22:43,"इजरायलको सिमा क्षेत्रमा द्वन्द्व चर्किएको समाचारले दुखित छु।अझ  नेपाली नागरिकहरुको मृत्यु,घाइते र विद्रोही समुहको नियन्त्रणमा रहेको खबरले चिन्तित छु।नेपाल सरकारलाई दूतावास मार्फत आफ्ना नागरिकहरु अफ्ठयारो अवस्थामा रहनुभएकाहरूको तत्काल उद्धार र सहयोगको लागि पहल गर्न अनुरोध गर्द्छु।",20,6,2,1385,23636
1.71089E+18,NC,PMSinghNC,Prakash Man Singh,10/8/2023,11:18:43,"RT @PMS_Secretariat: का.म.पा. वडा नं. ११ अवस्थित लुमधि अजिमा (भद्रकाली) मन्दिर परिसरमा रहेको  जिर्ण संरचनाहरुको जिर्णाद्वार बारेमा गुठियार,…",0,2,0,0,23636
1.71084E+18,NC,PMSinghNC,Prakash Man Singh,10/8/2023,8:12:20,RT @PMS_Secretariat: किंगकम स्पोर्ट्स क्लब द्वारा आयोजित दोस्रो डा. ठाकुरनाथ स्मृति भेट्रान फुटबल टुर्नामेन्ट उद्घाटन कार्यक्रम  @PMSinghNC…,0,3,0,0,23636
1.71084E+18,NC,PMSinghNC,Prakash Man Singh,10/8/2023,8:05:26,चीनमा जारी एसियाली खेलकुद २०२३ को कराँते ६८ केजि तौल समुहको स्पर्धामा रजत पदक विजेता एरिका गुरुङ र  कांस्य पदक विजेता  कब्बडी टिमलाई हार्दिक बधाई एवम ल शुभकामना व्यक्त गर्द्छु । https://t.co/2WS1yZYgMw,13,1,1,671,23636
1.71033E+18,NC,PMSinghNC,Prakash Man Singh,10/6/2023,22:14:43,RT @PMS_Secretariat: नेपाली काँग्रेस काठमाडौँ महानगरपालिका द्वारा आयोजित छलफल कार्यक्रम । https://t.co/ryvRm36XuK,0,2,0,0,23636
1.71033E+18,NC,PMSinghNC,Prakash Man Singh,10/6/2023,22:14:36,RT @PMS_Secretariat: Center for Democratic Engineers Nepal(CDEN) Bagmati Province द्वारा आयोजित Ganeshman Singh Memorial Futsal Tournament…,0,1,0,0,23636
1.71033E+18,NC,PMSinghNC,Prakash Man Singh,10/6/2023,22:14:27,RT @PMS_Secretariat: सिडेन बागमति प्रदेश कमिटी द्वारा आयोजित Ganeshman Singh Memorial Futsal Tournament 2080 को उद्घाटन गर्नु हुँदै @PMSing…,0,2,0,0,23636
1.71033E+18,NC,PMSinghNC,Prakash Man Singh,10/6/2023,22:14:20,"RT @PMS_Secretariat: का.म.पा. वडा नं. ९ मा अवस्थित लक्ष्मी नारायण मन्दिरमा आयोजित विशेष पुजा तथा आरती कार्यक्रममा सहभागी हुनुहुँदै 
@PMSing…",0,2,0,0,23636
1.7074E+18,NC,PMSinghNC,Prakash Man Singh,9/28/2023,20:18:13,वर्षा र सहकालका देवता इन्द्रको पूजाआराधना गरी मनाइने इन्द्रजात्रा को यहाँहरू सम्पूर्णमा शुभकामना । जय नेपाल । https://t.co/bp76nx4IoQ,9,0,0,320,23636
1.70688E+18,NC,PMSinghNC,Prakash Man Singh,9/27/2023,9:24:53,"चीनमा आयोजना भै रहेको १९ औ एसियायी खेलकुद प्रतियोगिता अन्तर्गत क्रिकेटमा नेपालले मंगोलिया विरुद्ध ब्याटिङ गर्दै तीन विश्व कीर्तिमान बनाउन सफल भएकोमा टिम नेपाल उच्च स्कोर,कम बलमा शतक प्रहार गर्ने कुशल मल्ल र कम बलमा अर्ध शतक प्रहार गर्ने दीपेन्द्र सिंह ऐरि लाई हार्दिक बधाई । https://t.co/4gQPF8K8a5",19,0,1,861,23636
1.70553E+18,NC,PMSinghNC,Prakash Man Singh,9/23/2023,16:16:34,"RT @PMS_Secretariat: ब्रहमकुमारी राजयोगको Global Summit 2023 ""Divine Wisdom for New Era"" को उद्घाटन कार्यक्रम
@PMSinghNC @Sirjana_Singh htt…",0,1,0,0,23636
1.70553E+18,NC,PMSinghNC,Prakash Man Singh,9/23/2023,16:16:32,RT @uplamichane: ब्रमकुमारि राजयाेग सेवा केन्द्रकाे आयाेजनामा सुरु भएकाे   वैदिक सिखर समेलन  काे उदघाटन समाराेह लाई सम्बाेधन गर्नु हुँदै…,0,1,0,0,23636
1.70506E+18,NC,NPSaudnc,NP Saud,9/22/2023,8:54:34,"As the LDC Chair, convened the ministerial meeting of the LDCs at the sidelines of UNGA78. 

Expressed Nepal’s commitment to implementing Doha Programme of Action for LDCs (DPoA) &amp; to remain steadfast for protecting &amp; promoting LDCs’ interest in the UN and other int’l fora during… https://t.co/P6KwsnCAnd",52,8,1,4109,3246
1.70493E+18,NC,NPSaudnc,NP Saud,9/22/2023,0:21:31,"RT @MoFAmv: State Minister Khaleel met with Minister of Foreign Affairs of #Nepal, Narayan Prakash Saud, in the margins of #UNGA78. 

Excha…",0,19,0,0,3246
1.7047E+18,NC,NPSaudnc,NP Saud,9/21/2023,9:15:03,"Honoured to sign the Agreement on the conservation and sustainable use of marine biological diversity of areas beyond national jurisdiction (BBNJ Treaty) at the UN Headquarters today. 

With this, Nepal becomes one of the signatories from LLDCs to sign the Agreement during the… https://t.co/KaDiqOxBeS",44,8,5,3832,3246
1.7047E+18,NC,NPSaudnc,NP Saud,9/21/2023,8:59:58,"Nepal attaches high priority to regional processes, including the Asian Cooperation Dialogue. 

Nepal stands ready to work together with all ACD members in realizing the objectives of ACD &amp; in successful implementation of the adopted core instruments. 

Addressed ACD Ministerial… https://t.co/veaHCtub9g",52,7,0,2963,3246
1.70469E+18,NC,NPSaudnc,NP Saud,9/21/2023,8:52:03,"Pleasure to meet former US Secretary of State Michael R. Pompeo today in New York. 

We exchanged views on various matters of Nepal-US relations. https://t.co/Gcj16WhyqZ",74,5,6,3995,3246
1.70469E+18,NC,NPSaudnc,NP Saud,9/21/2023,8:35:39,RT @vijai63: Wishing my all Nepali friends a very Happy Constitution Day of Nepal. Praying to Pashupatinath for prosperous and peaceful Nep…,0,18,0,0,3246
1.70461E+18,NC,NPSaudnc,NP Saud,9/21/2023,3:20:04,"RT @NepalUNNY: Nepal attaches high priority to regional processes, including the ACD.

We stand ready to work together with all ACD member…",0,11,0,0,3246
1.70461E+18,NC,NPSaudnc,NP Saud,9/21/2023,3:00:36,"RT @NPSaudnc: Had a fruitful meeting with H.E. Ville Tavio @VilleTavio, Finland's Foreign, Trade &amp; Development Cooperation Minister, during…",0,5,0,0,3246
1.70434E+18,NC,NPSaudnc,NP Saud,9/20/2023,9:24:59,"नवौं संविधान दिवसको अवसरमा देश भित्र र बाहिर रहनु भएका समस्त नेपालीमा हार्दिक शुभकामना व्यक्त गर्दै राष्ट्रियताको संरक्षण, जनहितको संवर्द्धन र मुलुकको सम्बृद्धिलाई केन्द्रमा राखेर कृयाशिल हुन आजको दिनले हामी सबैलाई उत्प्रेरणा दिनेछ भन्ने विश्वास लिएको छु।

लोकतन्त्रको आन्दोलनमा… https://t.co/pMjBzPpJgL",104,11,18,14593,3246
1.70426E+18,NC,NPSaudnc,NP Saud,9/20/2023,3:58:01,RT @Lacroix_UN: Very glad to continue our exchanges w/ Minister Narayan Prakash Saud @NPSaudnc following my visit to Nepal in June. I reite…,0,16,0,0,3246
1.70426E+18,NC,NPSaudnc,NP Saud,9/20/2023,3:53:24,"RT @NepalUNNY: In the margins of the #UNGA78, Hon. Foreign Minister @NPSaudnc had a meeting with CTBTO Executive Secretary @_RobFloyd today…",0,7,0,0,3246
1.70418E+18,NC,NPSaudnc,NP Saud,9/19/2023,23:01:32,"RT @NepalUNNY: The General Debate of the #UNGA78 begins today under the theme👇

 “Rebuilding trust &amp;reigniting global solidarity: accelerat…",0,9,0,0,3246
1.70408E+18,NC,NPSaudnc,NP Saud,9/19/2023,16:09:04,"During #UNGA78, I had a productive meeting with H.E. Luminiţa-Teodora Odobescu @Odobes1Luminita , Romania's Minister for Foreign Affairs. 

We exchanged views on promoting bilateral relations as well as cooperation in multilateral forums. https://t.co/xliUFYMMqO",72,8,2,3264,3246
1.70407E+18,NC,NPSaudnc,NP Saud,9/19/2023,15:46:46,"Had a fruitful meeting with H.E. Ville Tavio @VilleTavio, Finland's Foreign, Trade &amp; Development Cooperation Minister, during #UNGA78. 

We discussed matters of mutual interest and explored ways to enhance our bilateral relations and cooperation. https://t.co/5Jzi8h7qzj",28,5,0,1106,3246
1.70389E+18,NC,NPSaudnc,NP Saud,9/19/2023,3:37:11,"RT @Odobes1Luminita: Fruitful meeting with @NPSaudnc #UNGA78, celebrating #55 years of bilateral diplomatic relations. Emphasized the need…",0,10,0,0,3246
1.70389E+18,NC,NPSaudnc,NP Saud,9/19/2023,3:36:50,"RT @NepalUNNY: On the sidelines of the #UNGA78, Hon. Foreign Minister @NPSaudnc met with USG @Lacroix_UN  today.

Matters related to Nepal-…",0,10,0,0,3246
1.70387E+18,NC,NPSaudnc,NP Saud,9/19/2023,2:07:15,"RT @NepalUNNY: Hon. FM @NPSaudnc had a fruitful meeting with H.E. Ville Tavio the Foreign, Trade &amp; Development Cooperation Minister of Finl…",0,11,0,0,3246
1.70386E+18,NC,NPSaudnc,NP Saud,9/19/2023,1:57:15,"RT @NepalUNNY: On the sidelines of the #UNGA78, Hon. Foreign Minister @NPSaudnc had a meeting with H.E. Luminiţa- Teodora Odobescu, Ministe…",0,8,0,0,3246
1.70382E+18,NC,NPSaudnc,NP Saud,9/18/2023,23:03:23,"Had a productive bilateral meeting at the @UN HQ in New York with H.E. Dr. Ivica Dačić, First Deputy Prime Minister and Foreign Minister of Serbia. 

Exchanged views on further strengthening the bilateral relations between Nepal and Serbia.
 #UNGA #Diplomacy #NepalSerbiaRelations https://t.co/ZqDQ3SGfMf",99,11,3,4681,3246
1.7036E+18,NC,NPSaudnc,NP Saud,9/18/2023,8:32:51,"Pleased to deliver the keynote address at the Global Parliamentarians’ Inquiry on the Progress of Fossil Fuels Phase Out. 

As LDC Chair, I stress a fossil fuel-free future as an aspiration and moral obligation for all. 

Let's lead #ClimateAction and fund the #LossAndDamage… https://t.co/Y4ou1ctQcz",84,13,8,6693,3246
1.70308E+18,NC,RamhariKhatiwa,Ramhari Khatiwada,9/16/2023,21:57:32,आज ओखलढुंगा  यसम सेवा समाजको कार्यक्रममा सहभागी । https://t.co/82v44xvIRZ,23,2,2,760,32443
1.70217E+18,NC,RamhariKhatiwa,Ramhari Khatiwada,9/14/2023,9:26:51,आज  बुबाको  साथमा  काठमाडौं । https://t.co/911aW0Ro6R,108,1,14,3313,32443
1.70213E+18,NC,RamhariKhatiwa,Ramhari Khatiwada,9/14/2023,7:20:57,एक पटक  राम्रोसँग  पढ्न  मन लाग्यो ।,9,2,3,1368,32443
1.7014E+18,NC,RamhariKhatiwa,Ramhari Khatiwada,9/12/2023,7:02:08,"बिहान ४ बजे मेरो प्रियभाइ राजनको फोन आयो।
समाचार दु:खद थियो ।
मलाई ल क्याम्पसमा पढाउने गुरु जो संविधान  सभाको अध्यक्ष र सभामुख हुनुहुन्थ्यो।
एमालेमा सालिन र भद्र नेता उपाध्यक्ष समेत हुनुहुन्थ्यो।
 सुवासचन्द्र नेम्वाङको राति  हृदयघातबाट निधन भएको छ।उहाँप्रति हार्दिक श्रद्धाञ्जली। https://t.co/ZXVBgUHvBH",32,2,14,2253,32443
1.7007E+18,NC,RamhariKhatiwa,Ramhari Khatiwada,9/10/2023,8:41:05,राजनेता  बि पी कोइराला  प्रति  हार्दिक श्रद्धाञ्जली । https://t.co/uHuKvz6KnL,49,3,12,2109,32443
1.70041E+18,NC,RamhariKhatiwa,Ramhari Khatiwada,9/9/2023,13:04:16,"२०४८ सालमा  भौतिक  योजना  मन्त्रालयमा संगै  काम  गर्नु  भएको  इ शशी ब थापा र माननीय  सकलदेब सुतियार ।
थापा  सरले  फोहोरमहिला  ब्याबस्थापन र  २०४५को भुकम्प पछी  पुनः  निर्माणकार्य  कार्य  राम्रो  गर्नु भएको थियोे ।
आज भेटघाट । https://t.co/CmFFs3SauV",14,3,2,674,32443
1.69936E+18,NC,RamhariKhatiwa,Ramhari Khatiwada,9/6/2023,15:41:46,"नेपाली  काङ्ग्रेसका सह  महामन्त्री  महेन्द्र  यादव  माथि भएको सांघातिक आक्रमणको घोर निन्दा गर्दछु । 
अपराधी  लाई  कडा  कारबाहीको माग गर्दछु । https://t.co/vAZeinegXH",171,21,173,34250,32443
1.69932E+18,NC,RamhariKhatiwa,Ramhari Khatiwada,9/6/2023,13:16:14,हार्दिक  शुभकामना । https://t.co/Kq4CdFUadp,21,5,8,1058,32443
1.69826E+18,NC,RamhariKhatiwa,Ramhari Khatiwada,9/3/2023,14:34:33,आज ओखलढुंगा  सि.न .पा.को नब निर्मित  भवनको उद्घाटन कार्यक्रम मा। https://t.co/5RpLmqBOS7,17,5,1,593,32443
1.69716E+18,NC,RamhariKhatiwa,Ramhari Khatiwada,8/31/2023,14:06:33,आदरणीय  रक्षा  तथा  उपप्रधानमन्त्री  पुर्ण  ब खड्कालाई   स्वस्थलाभको शुभकामना । https://t.co/DaZAHwzbpO,61,5,28,4360,32443
1.69544E+18,NC,RamhariKhatiwa,Ramhari Khatiwada,8/26/2023,20:01:53,"म आठौं  महाधिवेशन  बाट  निरन्तर  ओखलढुंगा  बाट  प्रतिनिधि  छु ।
यो नबौ  महाधिवेशन को फोटो  आज पाए ।
अशोक   कार्की   म  अनि प्रदीप  सुनुवार ।
प्रदीप जि नबौ बाट हो।
अशोक  र म आठौं  बाट । https://t.co/XtsB6zUdkz",35,4,11,2264,32443
1.6954E+18,NC,RamhariKhatiwa,Ramhari Khatiwada,8/26/2023,17:24:22,आज  काठमाडौं  ३ मा।,18,4,3,1357,32443
1.69255E+18,NC,RamhariKhatiwa,Ramhari Khatiwada,8/18/2023,20:56:24,"बुबाको  स्वास्थमा अलि समस्या  छ।
तर  कडा  हुनुहुन्छ । https://t.co/LuaFd3nZfZ",149,1,53,11518,32443
1.69148E+18,NC,RamhariKhatiwa,Ramhari Khatiwada,8/15/2023,21:46:55,"नेपाल सांस्कृतिक महासंघ, कोशी प्रदेशको कार्यक्रम ।
अनि  प्रदेश  मुख्य मन्त्री  र आफ्नै  ओखलढुंगा क र ख प्रदेश बाट  बिजय दुबै जना प्रदेश माननीय मन्त्री संग भेट  ।
पैरे खोलामा पुल र टोक्सेलमा प्रदेशिक अस्पताल  राक्न भनेको  छु। https://t.co/4GvUNBPzvS",12,1,0,562,32443
1.69133E+18,NC,RamhariKhatiwa,Ramhari Khatiwada,8/15/2023,12:00:20,सभामुख  दलको  हुनु हुन्न।,8,4,2,692,32443
1.69022E+18,NC,RamhariKhatiwa,Ramhari Khatiwada,8/12/2023,10:20:01,"प्रयाप्त कारण बिना पक्राउ गर्नु सर्वथा गलत थियो !
 र गलत  हुन्छ।
 माननीय सुनिल शर्मालाई अदालतले थुनामा राख्न अस्वीकार गर्यो !
नेपालमा न्यायपालिका  सधैं  स्वतन्त्र र  निस्पक्ष छ।
सधैं  रहि रहनेछ ।
जय नेपाल ।",28,2,9,3476,32443
1.69022E+18,NC,RamhariKhatiwa,Ramhari Khatiwada,8/12/2023,10:16:30,"प्रयाप्त कारण बिना पक्राउ गर्नु सर्वथा गलत थियो ! 
माननिय सुनिल शर्मालाई अदालतले थुनामा राख्न अस्वीकार गर्यो !
नेपालमा न्यायपालिका  स्वतन्त्र  र निस्पक्ष  छ सधैं  रहि रहनेछ ।",77,4,36,10593,32443
1.68916E+18,NC,RamhariKhatiwa,Ramhari Khatiwada,8/9/2023,12:14:43,हार्दिक  शुभकामना https://t.co/ImxZW3RG7k,9,3,1,566,32443
1.68911E+18,NC,RamhariKhatiwa,Ramhari Khatiwada,8/9/2023,8:40:29,"राज्यका  सबै कानुनी  संयन्त्रलाइ बिश्वास नगर्ने  र आफ्नो  अनुकूलतामा आयोग गठनले मात्रै  मुलुक  कस्तो  बनाउन खोजेको  हो ?
सदनलाई अबिश्वास  ,न्यायलयलाइ अबिश्वास , सेनालाई अबिश्वास , प्रहरी  र प्रशासन  प्रति  अबिश्वास अनि कसलाई  बिश्वास गर्ने ?
प्रमुख प्रतिपक्षी  दलको जिद्दी ?",115,16,54,12833,32443
1.68822E+18,NC,RamhariKhatiwa,Ramhari Khatiwada,8/6/2023,21:51:10,"के यो सत्य  होला ?
प्रजातन्त्रमा यो भन्दा मजाको  निर्णय  सायद  यो दसकमा हुन गाह्रो  छ।  
आदर्शको कुरा  गर्ने  पर्यटन  मन्त्री झनै  बधाईको पात्र  हुनुहुन्छ ।
अब लकरमा बन्दुक  र गोलि  होइन  बुद्ध  भेटिने  छ्न।
नागरिकता  धेरै  देशका हुनेछन् । https://t.co/WoGUOZYQ96",75,15,72,27074,32443
1.68582E+18,NC,RamhariKhatiwa,Ramhari Khatiwada,7/31/2023,7:12:33,"आज श्रावण  १५ ।
खीर खाने दिन  ।
सम्पुर्णलाई  शुभकामना । https://t.co/zNYVk5zF5b",25,2,8,1917,32443
1.68496E+18,NC,RamhariKhatiwa,Ramhari Khatiwada,7/28/2023,22:01:58,"ओलि सरकारलाइ प्रचण्डले हिसाब  बुझाउनु  भएको  रहेनछ ।
ईश्वर ,  बिष्णु ,गोकुल , बालुवाटार ,वाइड्बडि, एनसेल र  सेक्युरिटीले पहिलेनै बुझाएको  रहेछ !
भर्खरै  पनि होलि वाइनले कम्बोडियामा हिसाब  बुझाएछ्न।",379,34,134,51911,32443
1.68262E+18,NC,RamhariKhatiwa,Ramhari Khatiwada,7/22/2023,10:53:11,"नेपाली कांग्रेसका संस्थापक नेता, प्रजातान्त्रीक समाजवादका प्रवर्तक,नेका का पूर्व सभापति तथा प्रथम जन निर्वाचित प्रधानमन्त्री जननायक बीपी कोइरालाको ४१ औं स्मृति दिवसको उपलक्ष्यमा वहाँ प्रति हार्दीक सम्मान साथ श्रद्धाञ्जली व्यक्त गर्दछु। https://t.co/Mvu3KXjGI0",72,11,16,4735,32443
1.67973E+18,NC,RamhariKhatiwa,Ramhari Khatiwada,7/14/2023,11:22:52,भानु जयन्तिको हार्दिक  शुभकामना । https://t.co/6UGtL8mfCO,35,1,2,1321,32443
1.67898E+18,NC,RamhariKhatiwa,Ramhari Khatiwada,7/12/2023,10:00:27,"प्रधानमन्त्री पुष्पकमल दाहाल पत्नी सीता दाहालज्यू को निधनको खबरले स्तब्ध बनायो,प्रधानमन्त्री प्रचण्ड लगायत परिवारजनमा परेको यो वियोगमा सहन सक्ने शक्ति श्री पशुपतिनाथले प्रदान गरुन, स्वर्गीय सीता दाहाल प्रति भावपूर्ण श्रद्धान्जलीl https://t.co/kkw7CYtp75",19,0,8,1061,32443
1.67876E+18,NC,RamhariKhatiwa,Ramhari Khatiwada,7/11/2023,19:27:35,"सम्पत्ति  शुद्धिकरण बिभाग बाट विभिन्न  ब्यापारीलाई अनाहकमा  तर्साउने काम भएको  समाचार आउन थालेका छ्न।
 संविधान अनुसार देश र नियम ,कानुन अनुसार शासन  चलोस।",67,11,22,16223,32443
1.67794E+18,NC,RamhariKhatiwa,Ramhari Khatiwada,7/9/2023,12:51:02,"ओखलढुंगाको भुकम्प पीडितले नपाएको  दोस्रो  र तेस्रो  किस्ताको १३ करोड आज अर्थ मन्त्रालयबाट निकासा भएको छ।
अब जिल्ला बाटनै यो रकम घर  निर्माण गरेको  सरोकारवालाले पाउनु  हुनेछ ।
धेरै  समय पछी  घर  निर्माण  गरेर रकम नपाउने लाई  राहत भएकोछ।",26,3,2,1666,32443
1.67758E+18,NC,RamhariKhatiwa,Ramhari Khatiwada,7/8/2023,13:01:32,आज बिहान  सिनामंगलस्थित  एक  घरको छत  बाट  लिएको  काठमाडौं शहर । https://t.co/oAfNAOwpH5,34,1,7,2149,32443
1.67736E+18,NC,RamhariKhatiwa,Ramhari Khatiwada,7/7/2023,22:23:34,"नेपाली  काङ्ग्रेसको  नेतृत्वमा बनेको कोसि   सरकारलाई बधाई  र शुभकामना छ ।
तर  कोसी सभामुखलाई सरकार निर्माण गर्न हस्ताक्षर प्रयोग गर्नु गलत हो,
 अनि सभामुखले पनि  सरकार बनाउन आफैं प्रयोग हुनु  संविधानको मर्म बिपरित हो।",122,11,70,22425,32443
1.6746E+18,NC,RamhariKhatiwa,Ramhari Khatiwada,6/30/2023,7:46:57,हार्दिक  शुभकामना । https://t.co/5qEGT4HDU5,31,1,4,1605,32443
1.6743E+18,NC,RamhariKhatiwa,Ramhari Khatiwada,6/29/2023,12:06:11,हार्दिक  शुभकामना । https://t.co/Udm2xJtyrl,12,1,0,605,32443
1.67041E+18,NC,RamhariKhatiwa,Ramhari Khatiwada,6/18/2023,18:33:09,आज।,10,1,1,723,32443
1.66931E+18,NC,RamhariKhatiwa,Ramhari Khatiwada,6/15/2023,17:29:43,यो  पनि  तुरुन्तै  छानबिन  होस।,23,4,10,2065,32443
1.66713E+18,NC,RamhariKhatiwa,Ramhari Khatiwada,6/9/2023,17:00:55,https://t.co/BBBdO1BVqV,52,13,27,7566,32443
1.6643E+18,NC,RamhariKhatiwa,Ramhari Khatiwada,6/1/2023,22:00:09,यो  आउनु पर्थ्यो तर गलत  तरिका बाट आयो l,18,3,4,1922,32443
1.66287E+18,NC,RamhariKhatiwa,Ramhari Khatiwada,5/28/2023,22:44:31,"सरकार  टिकाउन रेशम  छुट्ने  भए ,
तर सरकार संग जनता  टुट्ने भए ।",480,48,173,42424,32443
1.65922E+18,NC,RamhariKhatiwa,Ramhari Khatiwada,5/18/2023,21:20:01,"आज किन पहिलो देखि सदनमाबोल्छु भनेर  केपी  ओलि सदनमा आउनु भएन ?
बिमारी हुनु भएछ , 
सिघ्र स्वस्थ  लाभको शुभकामना ।
राजनीतिक बिरामी  त होईन  होला  नि? https://t.co/WYHkwzBMnU",278,8,109,36362,32443
1.65877E+18,NC,RamhariKhatiwa,Ramhari Khatiwada,5/17/2023,15:19:03,"म सधैं  सदन गए ।
रामहरि खतिवडा: संसद्‍का सबै बैठकमा उपस्थित हुने सांसद https://t.co/nC9CUH4qve",511,24,92,44880,32443
1.65871E+18,NC,RamhariKhatiwa,Ramhari Khatiwada,5/17/2023,11:29:16,"स्व . मदन भण्डारी र जिवराज आश्रीत को स्मृति दिवसको अवसरमा हार्दिक श्रद्धासुमन व्यक्त गर्दछु !!!
एक दलिय कम्युनिस्ट राजनीतिलाई  प्रजातान्त्रिक  करण वहाँहरुको योगदान  थियोे । https://t.co/sRePT51OzP",19,2,0,820,32443
1.65519E+18,NC,RamhariKhatiwa,Ramhari Khatiwada,5/7/2023,18:09:50,मेरो  कुरा ।,43,5,41,8480,32443
1.65517E+18,NC,RamhariKhatiwa,Ramhari Khatiwada,5/7/2023,17:11:16,"म कहिँ  कतै  संलग्न छैन  
कसैले  प्रमाण  प्रस्तुत  गरे म सजाय  भोग्न तयार  छु।
चरित्र हत्या  गर्ने  गलत  समाचार  प्रकाशित  गरेर  
जनतालाई  भ्रममा  नपारौ। https://t.co/FxzsqNz9mh",40,6,7,2836,32443
1.65517E+18,NC,RamhariKhatiwa,Ramhari Khatiwada,5/7/2023,16:49:37,"भुटानी शरणार्थी प्रकरणमा मेरो नाम काहीं  कतै समलग्न भएको  प्रमाण भए  म सजाय  भोग्न  तयार छु।
तर चरीत्र  हत्या  गर्ने  उदेश्यले कसैले समाचार  प्रकाशित  नगरौं ।",246,28,123,47003,32443
1.65285E+18,NC,RamhariKhatiwa,Ramhari Khatiwada,5/1/2023,7:38:02,"आज ओखलढुंगा ।
केहि  दिन जिल्लामा  रहने  छु। https://t.co/80QH7pA1Qf",151,1,25,9846,32443
1.65235E+18,NC,RamhariKhatiwa,Ramhari Khatiwada,4/29/2023,22:31:19,"लुम्बिनी  प्रदेशमा मन्त्रालय बढाउने कुरा बजारमा आएको छ,
 कृपया यो दुस्साहस नगर्नु हुन मुख्यमन्त्री लगायत  सबैलाई अनुरोध छ।
अब त आफ्नो मात्रै होईन ,समाज र समय अनि  देश र जनता हेरौं न।
लाजै लाग्ने लाजमर्दो काम नगरौं ।
सबै जनताले नजिकबाट हामीलाई  हेरेका छ्न भन्ने बुझौं न।",119,12,31,8899,32443
1.64981E+18,NC,RamhariKhatiwa,Ramhari Khatiwada,4/22/2023,22:06:34,"नेपालको कम्युनिस्ट  आन्दोलनमा  अबसर पाएर  असफल  नेता  केपी  ओलि  हुन ।
अरुलाई आलोचना  र गाली  गर्ने , कुरा  मिठा गर्ने   काम  नगर्ने  नेता उनै  हुन।
अहिलेको  राजनीति  बिचलनको नायक  पनि उनै  हुन।
कहिले  माओवादी  र रास्वपा , कहिले  काङ्ग्रेस ।तर उनी सच्चा  सत्ताबादी नेता हुन।",240,17,234,45937,32443
1.64756E+18,NC,RamhariKhatiwa,Ramhari Khatiwada,4/16/2023,17:13:01,आज पार्टीको  निर्देशनमा जित नारायण श्रेष्ठ जिताउन   चितवन । https://t.co/7wFtCoF3Bo,241,7,146,32639,32443
1.64655E+18,NC,RamhariKhatiwa,Ramhari Khatiwada,4/13/2023,22:22:50,नयाँ  बर्ष  २०८० को  सम्पुर्ण  नेपाली लाई हार्दिक  शुभकामना । https://t.co/mJfaQOqn7K,170,10,48,20677,32443
1.64473E+18,NC,RamhariKhatiwa,Ramhari Khatiwada,4/8/2023,21:22:55,चितवन  र तनहुँमा  नेपाली  काङ्ग्रेसका जिल्ला  प्रिय  र जनप्रिय  जित नारायण  श्रेष्ठ  र गोविन्द  भट्टराई लाई  बिजय गराउन  सबै एक भएर लागौं । https://t.co/1K8TvpuQTT,138,16,80,17017,32443
1.64464E+18,NC,RamhariKhatiwa,Ramhari Khatiwada,4/8/2023,15:43:42,आज ओखलढुंगा  बाट  काठमाडौं  आउनु  भएर  बसोबास  गर्ने  जिल्लाका  बासिन्दासंग विभिन्न  कार्यक्रममा। https://t.co/TkVdeqHscB,44,2,2,1446,32443
1.64163E+18,NC,RamhariKhatiwa,Ramhari Khatiwada,3/31/2023,8:17:16,आजबाट शुरू भएको माध्यमिक शिक्षा परीक्षा (एसईई) मा सहभागी सम्पूर्ण विद्यार्थी भाईबहिनीहरुलाई  हार्दिक  सफलताको शुभकामना ।,32,3,2,2008,32443
1.64149E+18,NC,RamhariKhatiwa,Ramhari Khatiwada,3/30/2023,22:52:27,कुरा  येस्तो  आयो त ।,78,7,43,18412,32443
1.64112E+18,NC,RamhariKhatiwa,Ramhari Khatiwada,3/29/2023,22:28:57,एमाले सांसद कोइरी हराएको भन्दै कांग्रेस सांसद खतिवडाको कटाक्ष (भिडिओ) https://t.co/owISXorNdo,51,13,23,12855,32443
1.63991E+18,NC,RamhariKhatiwa,Ramhari Khatiwada,3/26/2023,14:44:27,धन्यवाद  मेरा  कुरा ।,27,4,6,2874,32443
1.63959E+18,NC,RamhariKhatiwa,Ramhari Khatiwada,3/25/2023,17:06:48,आज विभिन्न  फरक  कार्यक्रममा । https://t.co/NivtVJwT0c,65,1,5,4102,32443
1.63843E+18,NC,RamhariKhatiwa,Ramhari Khatiwada,3/22/2023,12:35:18,"लोकतन्त्रमा ब्याक्तीगत स्वतन्त्र पनि हुन्छ, कुनै  बहानामा नितान्त व्यक्तिगत फोन ट्याप गर्ने कार्य स्वीकार्य छैन।
विगतमा विरोधका कारण रोकिएको विधेक अहिले  अगाडि वढाउनुपर्ने आबस्यक छैन।
यस प्रकारकाकुरामा ,मानवअधिकारकर्मी,नागरिक समाज र प्रेसको समेत ध्यान जाओस।
हामी सदनमा छलफल गर्छौ",121,15,37,11443,32443
1.6371E+18,NC,RamhariKhatiwa,Ramhari Khatiwada,3/18/2023,20:01:35,खुसी  लाग्यो ।,16,4,0,1119,32443
1.63709E+18,NC,RamhariKhatiwa,Ramhari Khatiwada,3/18/2023,19:35:28,"""किसुन जी म र मेरो  राजनीति  बारे "" । https://t.co/HU2WZbD6BM",137,17,39,24202,32443
1.63708E+18,NC,RamhariKhatiwa,Ramhari Khatiwada,3/18/2023,19:03:05,मेरो सुझाव  मधेस प्रदेशले २ जना क्रीकेट खेलाडिलाई मात्र दिने भनेको प्रोत्साहन रकमलाई सच्याउदै सबै खेलाडिलाई दिने निर्णय गर्दैछ।उक्त सुझावलाई सुनेर सबै रास्ट्रीय खेलाडिलाई प्रोत्साहित गर्ने निर्णय गर्नु भएकोमा सम्पुर्ण मधेस प्रदेशको मन्त्रीमन्डललाई हार्दिक धन्यवाद ज्ञापन गर्दछु।,160,19,26,11747,32443
1.63635E+18,NC,RamhariKhatiwa,Ramhari Khatiwada,3/16/2023,18:49:53,हार्दिक  बधाई  छ ।,29,7,4,1609,32443
1.63635E+18,NC,RamhariKhatiwa,Ramhari Khatiwada,3/16/2023,18:42:57,नेपाल  र नेपालीले जितेको  दिन।,26,2,4,1912,32443
1.63635E+18,NC,RamhariKhatiwa,Ramhari Khatiwada,3/16/2023,18:40:05,"RT @SherBDeuba: बधाई टिम नेपाल! 

आईसीसी क्रिकेट विश्वकप लिग टूको अन्तिम खेलमा यूएईलाई हराउँदै नेपाल एकदिवसीय विश्वकप छनोटमा पुगेकोमा हा…",0,45,0,0,32443
1.63629E+18,NC,RamhariKhatiwa,Ramhari Khatiwada,3/16/2023,14:21:53,"अहिलेसम्म जीत  निकाल्ने  क्षमता  छ।
सबैको समर्थन  छ।
उच्च मनोबलका साथमा खेल्नु होस ,जित्नु हुनेछ । https://t.co/Oelps1NcD5",46,6,5,2273,32443
1.63482E+18,NC,RamhariKhatiwa,Ramhari Khatiwada,3/12/2023,13:00:10,"ओखलढुङ्गाबाट काठमाडौं आउँदै गरेको बस दुर्घटनामा मृत्यु हुनेहरु प्रति श्रद्धाञ्जली। घाइतेहरुको शीघ्र स्वास्थ्यलाभको कामना गर्द्छु।
खुर्कोटमा रहेका बिमारीको लागि प्रधानमन्त्री ज्युका सल्लाहकार संग समन्वय  गरि नेपाली  सेना को हेलिकप्टर पठाउने काम भै  रहेको  छ। https://t.co/j9ksFG9kEQ",59,6,12,7584,32443
1.63411E+18,NC,RamhariKhatiwa,Ramhari Khatiwada,3/10/2023,14:09:55,"आज नेपाली  काङ्ग्रेसका उप सभापतिको साथमा
 आदरणीय  नेता किसुन जि आश्रम  बाडेगाउँ   । https://t.co/hRizQeAOce",91,10,13,5761,32443
1.63379E+18,NC,RamhariKhatiwa,Ramhari Khatiwada,3/9/2023,17:01:34,माननीय  रामचन्द्र   पौडेल  सम्मानिय रास्ट्रपति  हुनु  भएकोमा हार्दिक  बधाई  छ। https://t.co/JKn59jdAxW,190,14,19,8545,32443
1.63334E+18,NC,RamhariKhatiwa,Ramhari Khatiwada,3/8/2023,11:00:51,अन्तरास्ट्रिय नारी दिवसको हार्दिक शुभकामना । https://t.co/Mids479Huo,49,13,7,2227,32443
1.63258E+18,NC,RamhariKhatiwa,Ramhari Khatiwada,3/6/2023,8:43:23,"फागु पूर्णिमाको, होलीको हार्दिक शुभकामना।
उत्साह, उमङ्ग, सद्भावका उज्याला रङहरूको उत्सव हो यो।
मनाऔँ, प्रसन्न रहौँ। प्रसन्नता बाडौँ।
शुभ होस्, सबैलाई  शुभकामना । https://t.co/E7GcTnVr4F",117,7,24,9081,32443
1.63168E+18,NC,RamhariKhatiwa,Ramhari Khatiwada,3/3/2023,21:26:06,आज ओखलढुंगा   चम्पादेबी हुदै  मोलि र ओखलढुंगा  सदरमुकाम । https://t.co/J6NeOzp50Z,47,3,9,2723,32443
1.63081E+18,NC,RamhariKhatiwa,Ramhari Khatiwada,3/1/2023,11:43:35,"आज नेपाली कांग्रेसका संस्थापक, मन्त्रीपरिषदका पूर्वअध्यक्ष प्रजातान्त्रिक आन्दोलनका अगुवा,निर्वाचित सरकारको पहिलो  अर्थमन्त्री  स्वर्गीय सुवर्ण शमशेर राणाको जन्मजयन्ती । उहाँप्रति हार्दिक श्रद्धासुमन । https://t.co/nHlrJe3aLu",37,8,5,1781,32443
1.63081E+18,NC,RamhariKhatiwa,Ramhari Khatiwada,3/1/2023,11:31:01,नेपाली  काङ्ग्रेसका उप  सभापति  आदरणीय  पुर्ण  खड्कालाई जन्म दिनको  हार्दिक  शुभकामना । https://t.co/BNk2AaKmWP,111,9,21,8979,32443
1.62941E+18,NC,RamhariKhatiwa,Ramhari Khatiwada,2/25/2023,14:44:38,"माननीय रामचन्द्र पौडेललाई हार्दिक शुभकामना ।
पार्टीको  निर्णय  ठिक  छ।
पौष १० देखि आज मेहनत गर्ने सबैलाई धन्यवाद ।
सभापति  र उप सभापति ज्युलाई अझ धन्यवाद । https://t.co/MzEe0jysOL",229,11,83,25584,32443
1.62843E+18,NC,RamhariKhatiwa,Ramhari Khatiwada,2/22/2023,22:18:42,"नेपालमा  नेपालका कम्युनिस्ट  भन्दा  बढी  सक्रियता  चीनका  राजदूतको देखिन्छ ।
रास्ट्रपतिमा   नेपाली  नेतालाई  भन्दा  चीनका  राजदूतलाई  बढी  चासो  देखिने  थालेको  छ।",392,29,250,62934,32443
1.62806E+18,NC,RamhariKhatiwa,Ramhari Khatiwada,2/21/2023,21:40:23,"बधाइ छ।
हाम्रो राष्ट्रीय क्रिकेट टीमको  गज्जबको जित नेपाल र नेपालीको जित।
डिभिजन टु वर्ल्ड क्रिकेट लिगमा 
नेपालले नामिबिया र स्कटल्याण्ड जस्ता 
वर्ल्ड कप टीमका बिरूद्ध राम्रो प्रदर्शन।
टीम क्याप्टेन रोहित पौडेल, 
सिंगो राष्ट्रीय टीम र 
क्रिकेट संघ, नेपाललाई हार्दिक बधाई । https://t.co/KsmV3kzWN2",74,2,6,5169,32443
1.62795E+18,NC,RamhariKhatiwa,Ramhari Khatiwada,2/21/2023,14:05:57,शुभकामना। https://t.co/BMUzlXNJXD,44,4,6,3337,32443
1.62711E+18,NC,RamhariKhatiwa,Ramhari Khatiwada,2/19/2023,6:37:29,"आज नेपाली  जनताले  आफ्ना  प्रतिनिधि  मार्फत  शासन  गर्ने अधिकार  स्थापना  गरेको  दिन २००७ साल फाल्गुन  ७, 
एकतन्त्रीय  शासन  समाप्त  भएको  दिन।
 सबैलाई प्रजातन्त्र  दिवसको  शुभकामना । https://t.co/R4qOjGRCh0",82,8,10,5526,32443
1.62688E+18,NC,RamhariKhatiwa,Ramhari Khatiwada,2/18/2023,15:30:20,आज ओखलढुंगा  मानेभञ्ज्याङमा। https://t.co/Eiy8hM7nVc,43,2,0,1757,32443
1.62681E+18,NC,RamhariKhatiwa,Ramhari Khatiwada,2/18/2023,10:30:21,हार्दिक  शुभकामना । https://t.co/Rt6neWZYyN,60,1,6,3616,32443
1.62662E+18,NC,RamhariKhatiwa,Ramhari Khatiwada,2/17/2023,22:01:59,"पुगियो  ओखलढुंगा ,
  भोलि   २०७९ फल्गुण  ६ ओखलढुंगा  सदरमुकाम  र मानेभञ्ज्याङमा रास्ट्रपति कप कार्यक्रम ।
७ गते   नेपाली  काङ्ग्रेसले आयोजना गरेको प्रजातन्त्र  दिवसको  कार्यक्रममा सहभागी  हुनेछु। https://t.co/1yc34kM6gu",82,2,14,8959,32443
1.62603E+18,NC,RamhariKhatiwa,Ramhari Khatiwada,2/16/2023,7:09:03,माननीय डा चन्द्र कान्त भण्डारी र वहाँको आमाको सिघ्र स्वास्थ लाभको काममा  गर्दछु । https://t.co/kticduzoiA,72,3,12,5802,32443
1.62574E+18,NC,RamhariKhatiwa,Ramhari Khatiwada,2/15/2023,12:14:38,"सरकार  भएको  अनुभुति  भएन ।
दोषीलाई  तुरुन्तै  कारबाही  होस ।
क्षतिपूर्तिको ब्याबस्था होस। https://t.co/bnAjZ6mIDr",98,11,41,15814,32443
1.77894E+18,NC,Shekharnc,Shekhar Koirala,4/13/2024,5:41:17,नयाँ वर्ष २०८१ को शुभकामना https://t.co/ROQglSTBhX,103,5,14,5219,68316
1.77824E+18,NC,Shekharnc,Shekhar Koirala,4/11/2024,7:24:48,इस्लाम धर्मावलम्बीहरुको पर्व ईद उल फित्र (ईद) को अवसरमा सबैमा शुभकामना । https://t.co/6OKPiwTgQ2,98,6,4,4341,68316
1.77547E+18,NC,Shekharnc,Shekhar Koirala,4/3/2024,16:07:41,"मेरो भाइ, पुर्वाञ्चल बिश्वविध्यालयको प्राध्यापक एवं बिराटनगरको धरोहर सन्जेस कोइरालाको निधनले म लगायत सिंगो बिराटनगरलाई स्तब्ध बनाएको छ।
सन्जेसको निधनबाट बिराटनगरले एक बौद्धिक ब्यक्तित्व एवं धर्म संस्कृतिका अभियन्ता गुमाउन पुगेको छ ।  स्व. सन्जेसप्रती भावपुर्ण श्रद्धाञ्जली। https://t.co/u7KNgYN6KT",86,7,41,6697,68316
1.77317E+18,NC,Shekharnc,Shekhar Koirala,3/28/2024,7:32:56,"मेरा बाल्यकालदेखी चिकित्सक पेशासम्मका अनन्य मित्र डा रामेश्वरलाल कार्वाको निधनले स्तब्ध र मर्माहत बनाएको छ ।
कार्वासँगको स्मरण मेरो मानसपटलमा सधै ताजै रहिरहनेछ।
स्व. कार्वाप्रती भावपुर्ण श्रद्धाञ्जली तथा परिवारजनमा हार्दिक समवेदना । https://t.co/cvaKj804zo",30,5,1,1117,68316
1.77316E+18,NC,Shekharnc,Shekhar Koirala,3/28/2024,6:53:21,"उज्जवल,सुन्दर र अनुशासित भविष्यको कामना सहित आजवाट सुरु हुन गईरहेको एसईई परीक्षामा सामेल हुने सवै भाइबहिनीहरुमा सफलताको शुभकामना व्यक्त गर्दछु।",40,6,0,2179,68316
1.7728E+18,NC,Shekharnc,Shekhar Koirala,3/27/2024,7:39:21,"बिराटनगरका अग्रज विद्धान व्यक्तित्व एवं साहित्यकार दधिराज सुवेदीको निधनले स्तब्ध र दु:खी बनाएको छ ।
सुवेदीको निधनबाट बिराटनगर र सिंगो साहित्य क्षेत्रमा अपुर्णिय क्षती पुगेको छ । स्व. दधिराज सुवेदीप्रति भावपुर्ण श्रद्धाञ्जली र समस्त सुवेदी परिवारमा हार्दिक समवेदना । https://t.co/lZhozCeHcr",39,6,10,1504,68316
1.77247E+18,NC,Shekharnc,Shekhar Koirala,3/26/2024,9:47:30,निर्वाचन भएको डेढ बर्षमै पटक-पटक प्रदेश सरकारहरु बन्नु र ढल्नु विकास र संघीयताको स्थायीत्वका लागि बेठिक हुन् ।....... https://t.co/zfVv5MOXHM,107,12,31,8294,68316
1.77172E+18,NC,Shekharnc,Shekhar Koirala,3/24/2024,7:47:18,हिन्दुहरुको पर्व होलीको अवसरमा सबैमा शुभकामना । https://t.co/hXYv14TREh,115,7,7,4219,68316
1.77099E+18,NC,Shekharnc,Shekhar Koirala,3/22/2024,7:40:53,"सरकारले गृह मन्त्रालयको निर्देशन मार्फत अधिनायकबादको अभ्यास गर्न राजनीतिक दल, सञ्चार जगत र नागरिक समाजको नाडी छाम्न खोजेको हो ?....... https://t.co/sFmSsEpMOh",106,10,15,6146,68316
1.76991E+18,NC,Shekharnc,Shekhar Koirala,3/19/2024,7:49:35,"बरिष्ठ पत्रकार प्रतिक प्रधानका बुवा तथा साहित्यकार एवं कथाकार परशु प्रधानको निधनले दुःखी बनाएको छ ।
प्रधानले नेपाली साहित्यको क्षेत्रमा पुर्याउनु भएको योगदान सधै अविस्मरणीय रहिरहनेछ । शोकाकुल यस समयमा स्व. परशु प्रधानप्रति श्रद्धाञ्जली र प्रतिकजी लगायत परिवारमा समवेदना । https://t.co/afZNOGG4Jf",26,4,5,1829,68316
1.76483E+18,NC,Shekharnc,Shekhar Koirala,3/5/2024,7:41:16,"राजनीतिमा गठबन्धन वन्नु,तोडिनु र फेरि बन्नु सामान्य हो तर हिजोको घटना सामान्य होईन। कमजोर,अस्थिर र सत्ताको लागि जे पनि गर्न तयार पार्टीसँगको गठबन्धन आज नेपाली कांग्रेसलाई महङ्गो सावित भयो। यस घटनामा कतै हाम्रा व्यक्तिगत हठ पनि केही हदसम्म जिम्मेवार भए कि? भविष्यको लागि सजग बनौं ।",503,39,92,45617,68316
1.7621E+18,NC,Shekharnc,Shekhar Koirala,2/26/2024,18:45:43,"नेपाली संगीत क्षेत्रका शिखर व्यक्तित्व, गायक एवं संगीतकार भक्तराज आचार्यको निधनले दुःखी बनाएको छ ।
आचार्यले नेपाली सांगीतिक क्षेत्रमा पुर्याउनु भएको योगदान सधै अविस्मरणीय रहिरहनेछ । शोकाकुल यस समयमा स्व. आचार्यप्रति श्रद्धाञ्जली र परिवारमा समवेदना । https://t.co/Fx4a4YNaDO",55,7,7,2365,68316
1.7562E+18,NC,Shekharnc,Shekhar Koirala,2/10/2024,12:08:48,"तामाङ समुदायको पर्व ""सोनाम ल्होसार"" को अवसरमा सबैमा हार्दिक शुभकामना व्यक्त गर्दछु।",37,4,2,2909,68316
1.75467E+18,NC,Shekharnc,Shekhar Koirala,2/6/2024,6:44:47,"नेपाली कांग्रेसका केन्द्रीय सदस्य एवं पुर्वमन्त्री केशबकुमार बुढाथोकीको  निधनले स्तब्ध बनाएको छ ।
कांग्रेस पार्टी संगठनमा उहाँले पुर्याउनुभएको योगदान उदाहरणीय र महत्त्वपूर्ण छ। शोकाकुल यस समयमा समस्त परिवारमा हार्दिक समवेदना तथा स्व. केशबकुमार बुढाथोकोप्रति भावपूर्ण श्रद्धाञ्जली। https://t.co/2BX1xCN9ft",33,4,12,3012,68316
1.75214E+18,NC,Shekharnc,Shekhar Koirala,1/30/2024,7:11:49,"देश, जनता र लोकतन्त्रका लागि आफ्नो बलिदानी दिनुहुने महान शहिदहरुप्रति भावपुर्ण श्रद्धाञ्जली ।",31,4,4,2684,68316
1.75068E+18,NC,Shekharnc,Shekhar Koirala,1/26/2024,6:05:52,"On the special occasion of  the 75th Republic Day of India,I would like to extend heartiest greetings and best wishes to the friendly people and Government of India.Our very best wishes for continued success for peace,progress and prosperity of the people and Government of India.",35,5,4,2643,68316
1.74668E+18,NC,Shekharnc,Shekhar Koirala,1/15/2024,5:46:01,हिन्दुहरुको मकर (माघे) सक्रान्ती तथा थारु समुदायको माघी पर्वको अवसरमा सबैमा शुभकामना ।,78,6,7,6164,68316
1.74435E+18,NC,Shekharnc,Shekhar Koirala,1/8/2024,19:23:30,"साथीहरु, 
राष्ट्रिय सभा सदस्यको आसन्न निर्वाचनका लागि नेपाली कांग्रेसको तर्फबाट आज १० जना साथीहरुले उम्मेदवारी दर्ता गराउनु भयो । पार्टी निणर्यबाट छानिएका सबै उम्मेदवार साथीहरुलाई भारी मतले जिताउने जिम्मेवारी हामी सबैको काँधमा आएको छ । ....... https://t.co/II6hEVPbBf",69,7,58,16994,68316
1.7428E+18,NC,Shekharnc,Shekhar Koirala,1/4/2024,12:14:56,https://t.co/iGdsPmDyIC,251,49,23,15040,68316
1.74273E+18,NC,Shekharnc,Shekhar Koirala,1/4/2024,7:49:35,हिजो कोशीमा एमालेको सहयोगमा सरकार बनाउँदा केन्द्रको गठवन्धन नै धरापमा पर्यो भनेर रोइलो गर्नेहरु नै आज राष्ट्रिय सभा निर्वाचनमा एमालेसँग मिल्न थालेछन् । कारण स्पष्ट छः सत्ता गठवन्धनका कुनै दललाई टिआरसी विधेयकमा र कुनै दललाई विभिन्न काण्डबाट बच्न एमालेको साथ चाहिएको छ । अनि एमाले ?,628,121,76,55122,68316
1.74165E+18,NC,Shekharnc,Shekhar Koirala,1/1/2024,8:27:13,https://t.co/X0jEZjWmfE,70,5,21,5697,68316
1.74147E+18,NC,Shekharnc,Shekhar Koirala,12/31/2023,20:36:55,अंग्रेजी नयाँ बर्ष सन् २०२४ को अवसरमा सबैलाई शुभकामना ।,52,7,4,5049,68316
1.74126E+18,NC,Shekharnc,Shekhar Koirala,12/31/2023,6:41:50,"गुरुङ समुदायको पर्व ""तमु ल्होसार"" -२०८० को अवसरमा सबैलाई शुभकामना ।",33,5,0,2705,68316
1.73912E+18,NC,Shekharnc,Shekhar Koirala,12/25/2023,8:37:21,ईसाइ धर्मावलम्बीहरुको पर्व क्रिसमसको अवसरमा सबैमा शुभकामना ।,25,5,0,2174,68316
1.72913E+18,NC,Shekharnc,Shekhar Koirala,11/27/2023,19:30:47,"नेपाली कांग्रेस झापाका पुर्व सभापति तथा प्रजातन्त्र सेनानी पुर्णानन्द शर्माको निधनले स्तब्ध बनाएको छ।
नेपालको प्रजातान्त्रिक आन्दोलन तथा पार्टी संगठनमा उहाँले पुर्याउनुभएको योगदान उदाहरणीय र महत्त्वपूर्ण छ। शोकाकुल यस समयमा समस्त परिवारमा समवेदना तथा स्व. शर्माप्रति श्रद्धाञ्जली। https://t.co/lWLhkADFfr",27,6,2,2024,68316
1.72641E+18,NC,Shekharnc,Shekhar Koirala,11/20/2023,7:15:18,"प्रजातन्त्र सेनानी,  इतिहासविद् एवं हिन्दू धर्मशास्त्रका ज्ञाता कृष्णविक्रम नेम्वाङको निधनले स्तब्ध बनाएको छ।
शोकको यस समयमा उहाँका छोरा धर्मेन्द्रबिक्रम नेम्वाङ लगायत सम्पुर्ण परिवारमा हार्दिक समवेदना तथा स्व. नेम्वाङप्रति भावपुर्ण श्रद्धाञ्जली । https://t.co/MEmiQqndSH",45,3,4,1596,68316
1.72603E+18,NC,Shekharnc,Shekhar Koirala,11/19/2023,5:39:05,"""छठ पर्व"" को अवसरमा शुभकामना व्यक्त गर्दछु । https://t.co/VqSvSJ86qg",103,7,7,5175,68316
1.72406E+18,NC,Shekharnc,Shekhar Koirala,11/13/2023,19:37:44,"व्यक्तिगत स्वतन्त्रता कुण्ठित गर्ने गरी टिकटक् बन्द गर्ने निर्णय सरकारवाट हुनु खेदजनक छ । यो निर्णय तत्काल फिर्ता लिई लोकतान्त्रिक वन्न सरकारलाई आग्रह गर्दछु ।
विगतमा पनि सरकारले निरंकुश बन्ने प्रयास गर्दा जनताको प्रतिकार र अदालतका आदेशहरुका बारेमा सरकारलाई स्मरण: गराउन चाहन्छु ।",247,43,32,20938,68316
1.72351E+18,NC,Shekharnc,Shekhar Koirala,11/12/2023,7:18:47,"""शुभ-दिपावली, नेपाल सम्वत तथा म्ह: पुजा - २०८०"" को पावन अवसरमा हार्दिक मंगलमय शुभकामना व्यक्त गर्दछु । https://t.co/qxlsI60LUr",100,6,9,4664,68316
1.72063E+18,NC,Shekharnc,Shekhar Koirala,11/4/2023,8:23:28,शुक्रबार राति जाजरकोट केन्द्रबिन्दु भएर गएको भुकम्पमा परी निधन भएकाप्रति हार्दिक श्रद्धाञ्जली व्यक्त गर्दछु । साथै घाइतेहरुको यथासक्य उद्धार र उपचारका लागि सरकारसँग माग गर्दछु। र उद्धार कार्यमा जुट्न पार्टीका स्थानीय साथीहरूलाई आग्रह समेत गर्दछु ।,27,3,0,1517,68316
1.72037E+18,NC,Shekharnc,Shekhar Koirala,11/3/2023,15:02:32,टी-२० विश्वकपमा छनौट भएको नेपाली क्रिकेट टिमलाई बधाई तथा शुभकामना । https://t.co/kApDyRrDwI,61,7,3,2605,68316
1.71891E+18,NC,Shekharnc,Shekhar Koirala,10/30/2023,14:32:41,"It is saddening to learn of the passing of former premier Li Keqiang. My heartfelt condolences go out to his grieving family members, as well as to the people and government of the People’s Republic of China at this difficult time. https://t.co/Zyb18gTrlv",17,2,1,1601,68316
1.71706E+18,NC,Shekharnc,Shekhar Koirala,10/25/2023,11:44:53,"नेपाली बैकिंङ क्षेत्रका अग्रज व्यक्तित्व एवं एभरेष्ट बैंकका अध्यक्ष बिके श्रेष्ठको निधनले अत्यन्तै दुखी बनाएको छ।
श्रेष्ठको निधनबाट नेपालको सिंगो बैकिंङ क्षेत्रले एउटा अनुभवी अभिभावक गुमाएको छ।शोकाकुल यस समयमा परिवारमा हार्दिक समवेदना तथा स्व. श्रेष्ठप्रति भावपुर्ण श्रद्धाञ्जली । https://t.co/83IbDV4WlL",42,1,6,2933,68316
1.71337E+18,NC,Shekharnc,Shekhar Koirala,10/15/2023,7:21:34,नेपाली सेनाजस्तो राष्ट्रिय सुरक्षासँग जोडिएको र सधैं राजनीतिवाट अलग रहेको संस्थामा माओवादीको पुर्व लडाकुका लागि नियमको दुरुपयोग गर्ने चलखेल स्वीकार्य छैन । सेनामा गरिने राजनीतिक चलखेलले दुर्घटना निम्त्याउने हुँदा यस्तो कार्य नगरौं । सम्बन्धित निकायहरुलाई यो कुराको हेक्का होस ।,925,201,115,112169,68316
1.71275E+18,NC,Shekharnc,Shekhar Koirala,10/13/2023,14:24:46,"नेपाली कांग्रेस मोरङका सभापति एवं नेपाल सरकारका युवा तथा खेलकुद मन्त्री डिगबहादुर लिम्बूकी आमा हंसनुमा लिम्बूको निधनले स्तब्ध बनाएको छ।
शोकाकुल यस समयमा डिगबहादुर लिम्बू लगायत समस्त परिवारजनमा हार्दिक समवेदना तथा स्व. आमाप्रति भावपुर्ण श्रद्धाञ्जली। https://t.co/ILiYdciPk0",36,3,11,4412,68316
1.71119E+18,NC,Shekharnc,Shekhar Koirala,10/9/2023,6:51:58,"ईजरायलमा आक्रमणमा परी निधन भएका नेपाली विद्यार्थीहरु प्रति हार्दिक श्रद्धाञ्जली व्यक्त गर्दै मृतकका परिवारहरुमा गहिरो समवेदना प्रकट गर्दछु । मृतकहरुको शव यथासक्य नेपाल ल्याउने प्रवन्ध गर्न सरकारसँग आग्रह गर्दछु
।....... https://t.co/bfDwS9R0gY",39,5,6,3364,68316
1.71094E+18,NC,Shekharnc,Shekhar Koirala,10/8/2023,14:30:52,“We strongly condemn terrorist attacks on Israel. Such heinous attacks on innocence and unarmed civilians cannot be justified. We stand in full solidarity with Israel’s right for self-defense from violence and terrorism. Extend deepest sympathies and condolences to the victims.”,18,4,0,1553,68316
1.7059E+18,NC,Shekharnc,Shekhar Koirala,9/24/2023,16:40:38,"राष्ट्रिय टिमको क्याप्टेन भईसकेको उर्जाशिल युवा व्यक्ति सम्बन्धित खेलको केन्द्रीय संघको पदाधिकारी हुनु आफैमा सुखद पक्ष हो।
क्रिकेट एसोसिएसन अफ नेपाल (क्यान) को सचिवमा निर्वाचित पारस खड्कालाई बधाई तथा सफल कार्यकालको लागि शुभकामना । https://t.co/Wkw2VS5YXx",91,6,7,4249,68316
1.70552E+18,NC,Shekharnc,Shekhar Koirala,9/23/2023,15:29:52,क्रिकेट एसोसिएसन अफ नेपाल (क्यान) को अध्यक्षमा निर्विरोध निर्वाचित चतुरबहादुर चन्दलाई बधाई तथा सफल कार्यकालको शुभकामना । https://t.co/OFRkcemJEw,43,3,1,2542,68316
1.7051E+18,NC,Shekharnc,Shekhar Koirala,9/22/2023,11:59:28,https://t.co/S30JfZwrsD,130,10,20,9294,68316
1.70434E+18,NC,Shekharnc,Shekhar Koirala,9/20/2023,9:43:48,"संविधान दिवसको अवसरमा देश भित्र र बाहिर रहनुभएका सम्पूर्ण नेपालीहरुमा शुभकामना।
संविधान कार्यान्वयनका पक्षमा हामीबाट भएका कमी कमजोरीलाई आत्मसात गर्दै अगाडि बढ्नु अहिलेको आवश्यकता रहेको छ ।",31,5,0,1220,68316
1.70359E+18,NC,Shekharnc,Shekhar Koirala,9/18/2023,7:29:14,नारीहरुको पर्व हरितालिका तिजको अवसरमा सबैमा शुभकामना ।,55,5,4,3921,68316
1.70142E+18,NC,Shekharnc,Shekhar Koirala,9/12/2023,7:55:50,"संविधानसभा अध्यक्ष, नेकपा एमालेका उपाध्यक्ष तथा नेपाली राजनीतिका समन्वयकारी र शालिन नेता सुवासचन्द्र नेम्वाङको निधनले स्तब्ध बनाएको छ ।
नेपालको संविधान निर्माणमा नेम्वाङले खेल्नुभएको रचनात्मक भुमिका अतुलनीय छ ।
शोकाकुल यस समयमा परिवारमा समवेदना तथा स्व. नेम्वाङप्रति श्रद्धाञ्जली। https://t.co/mMutsRGTRj",79,8,13,4183,68316
1.69966E+18,NC,Shekharnc,Shekhar Koirala,9/7/2023,11:36:09,"नेपाली कांग्रेस काठमाडौ क्षेत्र नं-७ का सभापति एवं कामनपा- १६ का अध्यक्ष मुकुन्द रिजालको उपचारका क्रममा निधन भएको खबरले स्तब्ध बनाएको छ।
कांग्रेसको संगठन निर्माणमा उहाँको योगदान स्मरणमा सधै ताजै रहिरहनेछ। शोकाकुल यस समयमा परिवारजनमा समवेदना तथा स्व- मुकुन्दजी प्रति श्रद्धाञ्जली । https://t.co/kuLC8abQQD",49,7,7,2966,68316
1.69947E+18,NC,Shekharnc,Shekhar Koirala,9/6/2023,22:37:29,नेपाली कांग्रेसका सहमहामन्त्री महेन्द्र यादवमाथी भएको सांघातिक आक्रमणको घोर भर्त्सना गर्दै दोषीमाथि कानुनी कारबाही र यादवको शिघ्र स्वास्थ्य लाभको कामना गर्दछु।,96,8,48,11905,68316
1.69709E+18,NC,Shekharnc,Shekhar Koirala,8/31/2023,9:10:21,"हिन्दु धर्मावलम्बीहरुको पर्व रक्षा बन्धन (जनै पुर्णिमा), ऋषितर्पणी, नेवार समुदायको क्वाँटी खाने दिन तथा गाईजात्राको अवसरमा सबैमा शुभकामना ।",46,4,5,3319,68316
1.69678E+18,NC,Shekharnc,Shekhar Koirala,8/30/2023,12:44:03,"पाकिस्तानको मुल्तान रंगशालामा आजबाट हुन गैरहेको ""एसिया कप २०२३"" मा सहभागी नेपाली क्रिकेट टोलीलाई सफलताको लागि बधाई तथा शुभकामना ।",106,8,5,6824,68316
1.6924E+18,NC,Shekharnc,Shekhar Koirala,8/18/2023,10:41:39,"मेरा मित्र,नेपाली कांग्रेसका निवर्तमान केन्द्रीय सदस्य,नेपाल बिध्यार्थी संघका पुर्व महामन्त्री तथा बरिष्ठ अधिबक्ता हरि न्यौपानेको निधनले दुःखी बनाएको छ।न्यौपानेले कांग्रेस पार्टी संगठनमा पुर्याउनुभएको योगदान सधै ताजै रहिरहने छ।परिवारजनमा समवेदना तथा स्व.न्यौपानेप्रति श्रद्धाञ्जली https://t.co/gfVZ4eb8Qq",33,6,15,2379,68316
1.679E+18,NC,Shekharnc,Shekhar Koirala,7/12/2023,11:16:16,"सम्माननीय प्रधानमन्त्री पुष्पकमल दाहाल प्रचण्डकी पत्नी सीता दाहालको निधनको खबरले स्तब्ध बनाएको छ।
शोकाकुल यस समयमा प्रचण्डजी लगायत सम्पुर्ण परिवारजनमा हार्दिक समवेदना तथा स्व. सीता दाहालप्रति भावपुर्ण श्रद्धाञ्जली। https://t.co/9QtGl4Zolv",65,3,18,3591,68316
1.6769E+18,NC,Shekharnc,Shekhar Koirala,7/6/2023,16:11:09,https://t.co/J9fxJy2wGZ,226,43,17,18488,68316
1.67423E+18,NC,Shekharnc,Shekhar Koirala,6/29/2023,7:23:38,इस्लाम धर्मावलम्बीहरुको पर्व बकर ईद (ईद उल अजहा) को अवसरमा सबैलाई शुभकामना ।,32,5,4,2386,68316
1.67246E+18,NC,Shekharnc,Shekhar Koirala,6/24/2023,10:21:53,"पुर्वप्रधानमन्त्री लाेकेन्द्रबहादुर चन्दकी पत्नी दिव्यश्वरी चन्दको निधनले दु:खी बनाएको छ ।
शोकाकुल यस समयमा लाेकेन्द्रबहादुर चन्द लगायत सम्पुर्ण परिवारजनमा हार्दिक समवेदना तथा स्व. दिव्यश्वरी चन्दप्रति भावपुर्ण श्रद्धाञ्जली। https://t.co/kVNimk31lP",25,7,4,1701,68316
1.6724E+18,NC,Shekharnc,Shekhar Koirala,6/24/2023,6:11:19,"नेपाली कांग्रेस सिन्धुपाल्चोकका पुर्व सभापति विकास लामाको निधनले दुःखी बनाएको छ।
लामाले कांग्रेस पार्टीको संगठनमा पुर्याउनुभएको योगदान हाम्रा सामु सधै ताजै रहिरहने छ। शोकाकुल यस समयमा परिवारजनमा हार्दिक समवेदना तथा स्व. लामाप्रति भावपुर्ण श्रद्धाञ्जली। https://t.co/7J1peM2y59",25,3,2,1858,68316
1.6712E+18,NC,Shekharnc,Shekhar Koirala,6/20/2023,22:52:07,"नेपाली कांग्रेस बझाङका पूर्व सभापति एवं सुदूरपश्चिम प्रदेशका आन्तरिक मामिला तथा कानून मन्त्री पृथ्वीबहादुर सिंह,उहाँकी धर्मपत्नी अमृतादेवी सिंह र भाउजु जयादेवी सिंहको सवारी दुर्घटनामा परी निधन भएको खबरले मर्माहत भएको छु।
शोकाकुल समयमा मृतकहरुप्रति श्रद्धाञ्जली र परिवारमा समवेदना। https://t.co/23FEABff66",42,14,141,2189,68316
1.66352E+18,NC,Shekharnc,Shekhar Koirala,5/30/2023,18:08:22,"नेपाली कांग्रेसकी पुर्व केन्द्रीय सदस्य एवं नेपाल महिला संघकी पुर्व अध्यक्ष मिना पाण्डेको निधनले दुःखी बनाएको छ।
पाण्डेले कांग्रेस पार्टीको संगठनमा पुर्याउनुभएको योगदान हाम्रा सामु सधै ताजै रहिरहने छ। शोकाकुल यस समयमा परिवारजनमा समवेदना तथा स्व. पाण्डेप्रति भावपुर्ण श्रद्धाञ्जली। https://t.co/b7Iqjv6BnR",29,4,7,1877,68316
1.66297E+18,NC,Shekharnc,Shekhar Koirala,5/29/2023,5:46:31,गणतन्त्र दिवसको अवसरमा सम्पूर्ण नेपालीहरुमा शुभकामना । https://t.co/4oeuVOY5VZ,132,8,80,19843,68316
1.66281E+18,NC,Shekharnc,Shekhar Koirala,5/28/2023,19:10:31,सेन्टर फर डेमोक्रेटिक इन्जिनियर्स नेपाल (CDEN) को सातौं केन्द्रीय कार्यकारिणी समितिको निर्वाचनबाट निर्वाचित केन्द्रीय अध्यक्ष ई. लक्ष्मण केसी लगायत सिंगो केन्द्रीय तथा प्रदेश कार्यसमितिलाई हार्दिक बधाई तथा सफल कार्यकालको लागि शुभकामना । https://t.co/0ICcnsJ3ve,21,3,7,1225,68316
1.66266E+18,NC,Shekharnc,Shekhar Koirala,5/28/2023,9:11:11,https://t.co/W2Lqc6xdxu,277,51,37,19098,68316
1.65722E+18,NC,Shekharnc,Shekhar Koirala,5/13/2023,8:53:44,"भ्रष्टाचारले आक्रान्त नेपाली समाजलाई राज्य नै सञ्जाल खडा गरेर मानव तस्करी जस्तो घृणित कार्यमा संलग्न भएको घटनाले बिश्व समुदायसामु देशको शिर निहुरिएकाे छ, हामी लज्जित भएका छाैं ।.............. https://t.co/SYdRQPJBfH",143,14,37,17239,68316
1.65689E+18,NC,Shekharnc,Shekhar Koirala,5/12/2023,10:46:24,"नेपाली कांग्रेसका पुर्व केन्द्रीय सदस्य एवं पुर्व सांसद पुरुषोत्तम बस्नेतको निधनले दुःखी बनाएको छ।
बस्नेतले नेपालको राजनीति र कांग्रेसको संगठनमा पुर्याउनुभएको योगदान हाम्रा सामु ताजै रहिरहने छ।शोकाकुल यस समयमा परिवारजनमा हार्दिक समवेदना तथा स्व. बस्नेतप्रती भावपुर्ण श्रद्धाञ्जली। https://t.co/zeIIchv6sf",41,4,6,3676,68316
1.6543E+18,NC,Shekharnc,Shekhar Koirala,5/5/2023,7:18:09,२५६७औँ बुद्ध जयन्ती तथा उभौली पर्वको अवसरमा सबैलाई शुभकामना।,44,3,3,2775,68316
1.65329E+18,NC,Shekharnc,Shekhar Koirala,5/2/2023,12:19:25,एसीसी प्रिमियर कपको उपाधि जितेर एसिया कपका निम्ति छनौट भएको नेपाली क्रिकेट टिमलाई हार्दिक बधाई तथा शुभकामना। https://t.co/42g1iX6DhK,149,5,6,6364,68316
1.65283E+18,NC,Shekharnc,Shekhar Koirala,5/1/2023,6:06:41,अन्तर्राष्ट्रिय श्रमिक दिवसको शुभकामना । https://t.co/X3j99yt8ZX,68,6,6,4349,68316
1.65229E+18,NC,Shekharnc,Shekhar Koirala,4/29/2023,18:22:21,एसीसी प्रिमियर कप क्रिकेटको फाइनल चरणमा प्रवेश गरेकोमा नेपाली टोलीलाई हार्दिक बधाई तथा शुभकामना। https://t.co/gck2QGvnVj,68,3,1,2647,68316
1.65143E+18,NC,Shekharnc,Shekhar Koirala,4/27/2023,9:23:56,https://t.co/RCZgUU95Vy,662,126,118,93614,68316
1.6496E+18,NC,Shekharnc,Shekhar Koirala,4/22/2023,7:57:04,इस्लाम धर्मावलम्बीहरूको पबित्र पर्व ईद (ईद उल फितर) को अवसर सम्पुर्ण मुस्लिम समुदायमा शुभकामना व्यक्त गर्दछु। https://t.co/zKDB0Dpafy,17,4,3,1693,68316
1.64746E+18,NC,Shekharnc,Shekhar Koirala,4/16/2023,10:16:46,"नेपाल शिक्षक संघको नवौं केन्द्रीय महाधिवेशनबाट अध्यक्षमा निर्वाचित सोमनाथ गिरी लगायत सिंगो कार्य समितिलाई हार्दिक बधाई तथा शुभकामना !
आगामी दिनमा पेशागत हितका पक्षमा संघ अझ शसक्त रुपमा उभिन सकोस। https://t.co/Raps7jIbK3",55,5,8,5919,68316
1.64656E+18,NC,Shekharnc,Shekhar Koirala,4/13/2023,22:48:47,नव बर्ष २०८० को अवसरमा शुभकामना सन्देश https://t.co/O4bDr4gK6d,87,8,13,6729,68316
1.64458E+18,NC,Shekharnc,Shekhar Koirala,4/8/2023,11:26:36,"नेपाली राजनीतिका ऐतिहासिक ब्यक्तित्व, नेपाली कांग्रेसका पुर्व केन्द्रीय सदस्य एवं प्रथम जननिर्वाचित सांसद तेजमान तुम्बाहाम्फेको निधनले अत्यन्तै दुःखी बनाएको छ।
शोकाकुल यस समयमा परिवारजनमा हार्दिक समवेदना तथा स्व. तुम्बाहाम्फेप्रती भावपुर्ण श्रद्धाञ्जली। https://t.co/JO7YQMrfDH",45,3,9,2649,68316
1.64162E+18,NC,Shekharnc,Shekhar Koirala,3/31/2023,7:52:33,आजदेखि शुरु हुन गैरहेको माध्यामिक शिक्षा परिक्षा (SEE) मा सहभागी सम्पुर्ण बिध्यार्थी भाईबहिनीहरुको सफल र उज्ज्वल भविष्यको कामना गर्दै शुभकामना ब्यक्त गर्दछु।,86,5,47,5415,68316
1.64066E+18,NC,Shekharnc,Shekhar Koirala,3/28/2023,16:12:26,मर्यादाक्रममा प्रधान न्यायधीशलाई सभामुख र राष्ट्रियसभाको अध्यक्ष भन्दा तल राखेर  प्रस्ताव गरिएको विधेयक संविधान बिपरित छ ।..... https://t.co/RPNNa3uaVZ,229,23,87,18184,68316
1.63909E+18,NC,Shekharnc,Shekhar Koirala,3/24/2023,8:16:42,"नेपाली कांग्रेस तेह्रथुमका पुर्व सभापति एवं संबिधान सभा सदस्य गणेश बिमलीको निधनले दु:खी बनाएको छ।
शोकाकुल यस समयमा समस्त परिवारमा समवेदना तथा स्व. गणेश बिमलीप्रति भावपूर्ण श्रद्धाञ्जली। https://t.co/tXXvHNIko0",40,5,3,2197,68316
1.6384E+18,NC,Shekharnc,Shekhar Koirala,3/22/2023,10:29:06,"लोकतन्त्रमा यो वा त्यो बहानामा नितान्त व्यक्तिगत फोन ट्याप गर्ने कार्य स्वीकार्य छैन।विगतमा विरोधका कारण रोकिएको यो कार्य फेरि अगाडि वढाउनुले सरकारको नियतमाथि प्रश्न उठेको छ।राष्ट्रीय सुरक्षासँग जोडिने यस्ता कार्यप्रति दल,मानवअधिकारकर्मी,नागरिक समाज र प्रेस जगतको समेत ध्यान जाओस।",233,52,23,16857,68316
1.63672E+18,NC,Shekharnc,Shekhar Koirala,3/17/2023,18:59:03,संघीय गणतन्त्र नेपालको तेस्रो उप राष्ट्रपतिमा निर्वाचित हुनुभएका रामसहाय प्रसाद यादवलाई हार्दिक बधाई तथा सफल कार्यकालको लागि शुभकामना। https://t.co/tDYjIz9pV6,125,4,6,7446,68316
1.63656E+18,NC,Shekharnc,Shekhar Koirala,3/17/2023,8:21:51,"एकातिर खेतिको वेलामा चरम अभाव, अर्कोतिर अनुदान कटौतिका नाममा मुल्यबृद्धि। रासायनिक मलमा किसानहरु सधै मारमा छन्। 
यी दुवै वेथितिको दीर्घकालीन समाधान आजको प्रमुख आवश्यकता हो।सरकारको तुरुन्त हस्तक्षेप होस्। 
यो विषय आगामी संसद अधिवेसनमा नेपाली कांग्रेसले प्रमुखताका साथ उठाउँनेछ ।",101,11,9,9049,68316
1.63634E+18,NC,Shekharnc,Shekhar Koirala,3/16/2023,17:55:36,"आज नेपाली क्रिकेट ईतिहासकै गौरव र सुखद दिन।
युएईलाई हराउँदै विश्वकप छनौटमा पुगेकोमा नेपाली क्रिकेट टिमलाई हार्दिक बधाई तथा शुभकामना। https://t.co/TNwNX8xUHb",144,12,10,4497,68316
1.63632E+18,NC,Shekharnc,Shekhar Koirala,3/16/2023,16:47:55,"मौलिक नेपाली सिनेमाका प्रणेता मानिनुहुने बरिष्ठ चलचित्र निर्देशक प्रताप सुब्बाको निधनले दुःखी बनाएको छ।
सुब्बाले नेपाली सिनेमा जगतमा पुर्याउनुभएको योगदान हाम्रा सामु सधैं अविस्मरणीय रहिरहनेछ। शोकाकुल यस समयमा परिवारजनमा हार्दिक समवेदना तथा स्व. सुब्बाप्रति भावपुर्ण श्रद्धाञ्जली। https://t.co/jSOHKkjFkm",39,3,4,1814,68316
1.6338E+18,NC,Shekharnc,Shekhar Koirala,3/9/2023,18:00:33,संघीय गणतन्त्र नेपालको तेस्रो राष्ट्रपतिमा निर्वाचित हुनुभएका रामचन्द्र पौडेललाई हार्दिक बधाई तथा सफल कार्यकालको लागि शुभकामना। https://t.co/nxTAtWrY9K,263,21,17,14036,68316
1.6333E+18,NC,Shekharnc,Shekhar Koirala,3/8/2023,8:51:33,११३औं अन्तर्राष्ट्रिय नारी दिवसको अवसरमा सबैमा शुभकामना।,69,5,6,5304,68316
1.63255E+18,NC,Shekharnc,Shekhar Koirala,3/6/2023,6:52:25,रङ्हरुको पर्व फागु पुर्णिमा (होली) क‍ो अवसरमा सबैलाई शुभकामना।,73,6,10,4526,68316
1.62792E+18,NC,Shekharnc,Shekhar Koirala,2/21/2023,12:32:37,"मेरा मित्र एवं नेपाली कांग्रेस बागमती प्रदेश कार्य समितिका मुख्य सचिव राजु नेपालकी आमाको निधनले स्तब्ध बनाएको छ।
शोकाकुल यस समयमा राजु नेपाल लगायत समस्त नेपाल परिवारजनमा हार्दिक समवेदना तथा स्व. आमाप्रति भावपुर्ण श्रद्धाञ्जली। https://t.co/zkBgl2qCGT",31,2,9,3933,68316
1.62614E+18,NC,Shekharnc,Shekhar Koirala,2/16/2023,14:45:14,"ग्यास सिलिन्डर विस्फोट भई उपचार गराई रहनुभएकी मेरा मित्र एवं कांग्रेस नेता माननीय डा चन्द्र भण्डारीकि आमा हरिकला भण्डारीको निधनले स्तब्ध भएको छु।
स्व. आमा प्रती भावपुर्ण श्रद्धाञ्जली तथा सोही घटनामा परि उपचारत डा चन्द्र भण्डारीको शिघ्र स्वास्थ्यलाभको कामना। https://t.co/YF8QQo00JK",288,13,39,26852,68316
1.62493E+18,NC,Shekharnc,Shekhar Koirala,2/13/2023,6:26:54,एकातिर स्वयं प्रधानमन्त्री सार्वजनिक बिदा कटौती गरौं भन्दै हुनुहुन्छ तर एकाएक आएर सरकारले संबिधानले चिन्दै नचिनेको जनयुद्ध दिवस का नाममा सार्वजनिक बिदा दिने घोषणा गरेको छ । आम नेपाली जनतासामु सरकारले के सन्देश दिन खोजेको? देश कता जाँदैछ? कस्तो शासन व्यवस्थाको अभ्यास गर्न खोजिदैछ?,508,55,76,41421,68316
1.62315E+18,NC,Shekharnc,Shekhar Koirala,2/8/2023,8:28:55,"नेपाली कांग्रेस मनाङका नेता एवं पुर्व सांसद कर्मा घलेको निधनले दु:खी बनाएको छ।
शोकाकुल यस समयमा समस्त परिवारमा समवेदना तथा स्व. कर्मा घलेप्रति भावपूर्ण श्रद्धाञ्जली। https://t.co/9TZ2OTFUDY",64,5,12,4675,68316
1.62208E+18,NC,Shekharnc,Shekhar Koirala,2/5/2023,9:28:00,"नेपाल राष्ट्र बैंकका प्रथम गभर्नर एवं पूर्व अर्थ सचिव हिमालय शम्शेर जबराज्यूको निधनको खबरले अत्यन्तै दुःखी बनाएको छ।
जबराले नेपालको आर्थिक क्षेत्रमा पुर्याउनुभएको योगदान निकै महत्त्वपूर्ण रहेको छ।शोकाकुल यस समयमा परिवारजनमा हार्दिक समवेदना तथा स्व.जबराप्रती भावपुर्ण श्रद्धाञ्जली। https://t.co/gVYqwMPnAP",42,5,6,2922,68316
1.61963E+18,NC,Shekharnc,Shekhar Koirala,1/29/2023,15:03:23,"संविधानले ग्यारेन्टी गरेको ""सूचनाको हक"" लोकतन्त्र,नागरिक शसक्तीकरण र सुशासनलाई सबल बनाउने महत्वपूर्ण हक हो। 
सरकारले यो हक र यस सम्बन्धी कानुनलाई कमजोर पार्ने र ८७ वटा नीतिगत विषय गोप्य रहने गरि निर्णय गरेकोमा खेद प्रकट गर्दछु। अबिलम्ब यो निर्णय फिर्ता गर्न म सरकारसँग माग गर्दछु।",163,24,23,11190,68316
1.61811E+18,NC,Shekharnc,Shekhar Koirala,1/25/2023,10:21:52,"प्रेमप्रसाद आचार्यले संघीय संसद् भवन अगाडि दिउँसो आफैंलाई आगो लगाएर आत्मदाह गर्ने प्रयास गरेको घट्नाले राज्य लज्जित भएको छ।
हामी अझै युवाले गरेको आत्मदाह र त्यस पछाडिको कारणवारे वहस गरेर अब त्यस्तो परिस्थिति दोहोरिन नदिने वातावरणको श्रृजना गर्ने कि सत्ताको अंकगणित मै अल्झिरहने?",409,37,55,32508,68316
1.61697E+18,NC,Shekharnc,Shekhar Koirala,1/22/2023,7:07:23,तामाङ समुदायको पर्व सोनाम ल्होसारको अवसरमा शुभकामना व्यक्त गर्दछु।,95,7,6,6973,68316
1.61456E+18,NC,Shekharnc,Shekhar Koirala,1/15/2023,15:44:44,"काठमाडौंबाट ६८ जना यात्रु लिएर पोखरा उडेको यती एयरलाइन्सको जहाज दुर्घटनाको खबरले स्तब्ध भएको छु। दुर्घटनामा ज्यान गुमाउनुहुने प्रति श्रद्धाञ्जली र परिवारजनमा समवेदना।
नेपाली आकाश किन यति धेरै असुरक्षित? यसको सुक्ष्म अध्ययन होस। बारम्बार यस्ता घट्ना नदोहोरियोस। सरकार गम्भीर बनोस।",94,7,10,8523,68316
1.61449E+18,NC,Shekharnc,Shekhar Koirala,1/15/2023,10:39:55,माघे संक्रान्ति (हिन्दुहरुको पर्व मकर संक्रान्ति) एवं थारु समुदायको पर्व माघीको अवसरमा सबैमा हार्दिक शुभकामना व्यक्त गर्दछु।,54,2,6,4729,68316
1.60983E+18,NC,Shekharnc,Shekhar Koirala,1/2/2023,14:12:44,"नेपाली कांग्रेस केन्द्रीय सदस्य तथा प्रतिनिधि सभा सदस्य अम्बिका बस्नेतकी आमा कपिलकुमारी बस्नेतको निधनले स्तब्ध बनाएको छ।
शोकाकुल यस समयमा अम्बिका बस्नेत लगायत समस्त बस्नेत परिवारजनमा हार्दिक समवेदना तथा स्व. कपिलकुमारी बस्नेतप्रति भावपुर्ण श्रद्धाञ्जली। https://t.co/SUWef7gCCl",50,4,11,3741,68316
1.6094E+18,NC,Shekharnc,Shekhar Koirala,1/1/2023,9:31:14,अंग्रेजी नयाँ वर्ष सन् २०२३ को अवसरमा सबैलाई शुभकामना।,105,3,10,6964,68316
1.60901E+18,NC,Shekharnc,Shekhar Koirala,12/31/2022,8:05:09,"महामानव विपी कोइरालाले प्रतिपादन गर्नुभएको ""राष्ट्रिय मेलमिलापको नीति"" को आवश्यकता आज अझ बढेर गएको छ। सहमति, सहकार्य र एकता नै स्थायित्वको जग हो। राष्ट्रिय मेलमिलाप दिवसको अवसरमा सबैलाई शुभकामना।",316,20,27,27147,68316
1.6088E+18,NC,Shekharnc,Shekhar Koirala,12/30/2022,18:22:12,"Deeply saddened to learn the news of the passing away of the beloved mother Smt. Heeraben Modi of Hon’ble  PM Narendra Modiji @narendramodi. I extend my heartfelt condolences to him and the entire Modi family, pray for eternal peace of the departed soul. https://t.co/be9UMfxDa0",49,4,0,2149,68316
1.60863E+18,NC,Shekharnc,Shekhar Koirala,12/30/2022,6:36:37,गुरुङ समुदायको पर्व तमु ल्होसारको अवसरमा शुभकामना व्यक्त गर्दछु।,92,4,2,5279,68316
1.60801E+18,NC,Shekharnc,Shekhar Koirala,12/28/2022,13:36:57,"बिराटनगरका समाजसेवी एवं प्रजातन्त्र सेनानी श्यामप्रसाद घिमिरेको निधनले स्तब्ध बनाएको छ।
शोकाकुल यस समयमा उहाँकी धर्मपत्नी शान्ता घिमिरे, छोरा मनोज घिमिरे, छोरी मृदुला घिमिरे, लगायत समस्त घिमिरे परिवारजनमा हार्दिक समवेदना तथा स्व. श्यामप्रसाद घिमिरेप्रति भावपुर्ण श्रद्धाञ्जली। https://t.co/hQAWeaOpsS",35,4,2,2638,68316
1.60735E+18,NC,Shekharnc,Shekhar Koirala,12/26/2022,17:55:31,नेपालको पछिल्लो परिबर्तीत राजनीतिप्रति मेरो दृष्टिकोण: https://t.co/x79V2KdaGN,463,48,54,47788,68316
1.60685E+18,NC,Shekharnc,Shekhar Koirala,12/25/2022,9:00:00,ईसाइ धर्मावलम्बीहरुको पर्व क्रिसमसको अवसरमा सबैलाई शुभकामना।,48,2,3,5704,68316
1.60224E+18,NC,Shekharnc,Shekhar Koirala,12/12/2022,15:38:00,"अध्यादेश मार्फत कानुन संशोधन गरि अदालतले दोषी ठहर्‍याएकालाई माफी दिने प्रयास गरिनु कानुनी शासन, संसदीय प्रणाली, राजनीतिक र लोकतान्त्रिक मर्मको उपहास गर्नु हो।
आफू अनुकुलको राजनीतिक सहजताको लागि कानुनलाई बङ्ग्याउँने छुट कसैलाई छैन।
भोलि यसले गलत नजिर बस्न जान्छ।",996,126,69,0,68316
1.59436E+18,NC,Shekharnc,Shekhar Koirala,11/20/2022,21:26:14,"छिट्फुट घटना बाहेक प्रतिनिधिसभा एवं प्रदेशसभा निर्वाचन सफलता पुर्वक सम्पन्न भएको छ।
निर्वाचनमा सहभागी सम्पूर्ण मतदाता, कर्मचारी, सुरक्षाकर्मी, राष्ट्रिय एवं अन्तर्राष्ट्रिय पर्यवेक्षक, बिभिन्न तहका पार्टी कार्यकर्ता लगायतलाई हार्दिक आभार व्यक्त गर्दै धन्यवाद दिन चाहन्छु । https://t.co/vCfsi9ihBs",177,11,13,0,68316
1.72317E+18,NC,SherBDeuba,Sher Bahadur Deuba,11/11/2023,8:13:42,"गुल्मी उद्योगसंघले आयोजना गरेको प्रथम गुल्मी महोत्सवमा लगानी सम्भाव्यता कार्यशाला गोष्ठीमा मेरोतर्फबाट कार्यपत्र पेश गरे । ग्रामिण अर्थतन्त्र चलायमान बनाउन महत्त्वपूर्ण योगदान रहन्छ। 
मलाई महोत्सवमा निम्तो गर्नुभएकोमा आयोजक साथीहरूप्रति आभारी। महोत्सवको भव्य सफलताको शुभकामना https://t.co/ZU0SCrfMNN",7,0,0,262,23388
1.72287E+18,NC,SherBDeuba,Sher Bahadur Deuba,11/10/2023,12:31:59,"कस्तो गज्जब संयोग...
नेपाली राजनीतिका दुई आदर्श व्यक्तित्व नेपाली कांग्रेसका संस्थापक स्वर्गीय सुवर्ण शम्शेर र गणेशमान सिंहप्रति श्रद्धासुमन। प्रजातान्त्रिक आन्दोलनमा ऐतिहासिक योगदान दिनुभएका सुवर्ण शम्शेरको आज ४६ औं स्मृति दिवस हो भने गणेशमान सिंहको १०८औं जन्मजयन्ती। 
जय नेपाल https://t.co/NaKdSJ4LTe",71,10,10,3445,23388
1.72225E+18,NC,SherBDeuba,Sher Bahadur Deuba,11/8/2023,19:17:36,महांकाल गाउँपालिकाद्वारा आयोजित दोस्रो रनिङ शिल्ड फुटबल प्रतियाेगिता आजबाट सुरु भएको छ । खेलमा २६ वटा टीम सहभागी छन् । यो प्रतिस्पर्धामा रहनुभएका सबै खेलाडीहरूलाई शुभकामना! https://t.co/tGkYNqIf48,11,0,0,448,23388
1.72062E+18,NC,SherBDeuba,Sher Bahadur Deuba,11/4/2023,7:40:58,"जाजरकोट केन्द्रबिन्दु भएर गएको भूकम्पले ठूलो जनधनको क्षती भएको खबरले अत्यन्तै दुखी छु । म नेपाल सरकार, प्रदेश सरकार र स्थानीय सरकारसङ्गै सबैलाई उद्धारमा जुट्न र राहत सङ्गसङ्गै पुनर्स्थापनाको व्यवस्था मिलाउन आग्रह गर्दछु ।",4,1,0,457,23388
1.72062E+18,NC,SherBDeuba,Sher Bahadur Deuba,11/4/2023,7:39:50,नेपाली कांग्रेस ताप्लेजुङ जिल्लाको सम्मेलन सम्पन्न भएको छ। जिल्लाको महत्वपुर्ण कार्यक्रममा मलाई सहभागि हुने अवसर प्रदान गर्नुहुने साथीहरु प्रति आभारी छु। साथै ताप्लेजुङमा महासमिति सदस्य चयनको प्रकृया पनि सुरु भएको छ। सम्पुर्ण प्रतिस्पर्धी साथीहरुलाई अग्रिम शुभकामना। जय नेपाल ! https://t.co/YFysEtW3Dr,3,0,0,262,23388
1.72037E+18,NC,SherBDeuba,Sher Bahadur Deuba,11/3/2023,14:47:19,"CONGRATULATIONS Team Nepal 🇳🇵
Nepal qualifies for ICC T20 WORLD CUP 2024.
Well played &amp; proud moment for all of us. https://t.co/paehIN43ZP",14,0,0,543,23388
1.72031E+18,NC,SherBDeuba,Sher Bahadur Deuba,11/3/2023,11:19:39,नेपाली क्रिकेटका लागि ऐतिहासिक दिन । आजको सेमिफाइनल खेल जिते नेपालले T-20 विश्वकप खेल्नेछ । नेपाललाई जीतका लागि शुभकामना 🙏 https://t.co/eCvOF8hah0,7,0,0,406,23388
1.72025E+18,NC,SherBDeuba,Sher Bahadur Deuba,11/3/2023,7:04:31,पाँचथर... https://t.co/4HmuBLtvYQ,8,0,0,281,23388
1.71678E+18,NC,SherBDeuba,Sher Bahadur Deuba,10/24/2023,17:23:22,Bada Dashami https://t.co/PB8BNyplvm,177,4,8,12026,23388
1.71646E+18,NC,SherBDeuba,Sher Bahadur Deuba,10/23/2023,20:14:58,"Vijaya Dashami Greetings from all of us

विजयादशमीको हार्दिक मङ्गलमय शुभकामना 🙏 https://t.co/XMdJFI7WWi",73,2,4,2479,23388
1.7157E+18,NC,SherBDeuba,Sher Bahadur Deuba,10/21/2023,17:38:37,विजयादशमीको हार्दिक मङ्गलमय शुभकामना 🙏 https://t.co/GxhuVHx62v,56,1,6,1862,23388
1.71524E+18,NC,SherBDeuba,Sher Bahadur Deuba,10/20/2023,11:38:50,"विजय दशामी,शुभ दिपावली,नेपाल संम्वत तथा छठ पर्वको पावन अवसरमा ललितपुर महानगरपालिक १ नं.वडा कार्यालय कुपण्डाेल र फ्रेन्स क्लब कुपण्डाेल द्वारा  आयोजित शुभकामना आदान प्रदान तथा चियापान कार्यक्रम । https://t.co/lvtHewQRbb",8,0,1,484,23388
1.71464E+18,NC,SherBDeuba,Sher Bahadur Deuba,10/18/2023,19:27:08,गाेदावरी नगरपालिका वडा नं-२ विशंखुनारायण र भुपेन्द्र स्मृति फुटबल प्रतियोगिताको सहकार्यमा कोतडाँडा यूथ क्लव द्वारा आयोजित -२०८० वडा स्तरीय दशै फुटबल प्रतियोगिता कार्यक्रममा सहभागी हुदै । https://t.co/o6hAR8cuzw,7,0,0,477,23388
1.71429E+18,NC,SherBDeuba,Sher Bahadur Deuba,10/17/2023,20:36:40,"Congratulations, Team Nepal for beating Laos 1-0 and qualifying for the second round of FIFA World Cup Qualifiers. All the best for the next round 🇳🇵
#Nepalfootball
#WorldCup
#FIFA https://t.co/EZDYpKgLRV",8,0,0,502,23388
1.71353E+18,NC,SherBDeuba,Sher Bahadur Deuba,10/15/2023,18:15:28,"विजय दशामी,शुभ दिपावली,नेपाल संम्वत तथा छठ पर्वको पावन अवसरमा नेपाली काङ्ग्रेस ल.पु.म.न.पा-१६ वडा कार्यसमितिद्वारा आयोजित शुभकामना आदान प्रदान तथा चियापान कार्यक्रम,गोदावरी नगरपालिका वडा नं -३ साविक वडा स्तरीय 9A side दशै फुटबल प्रतियोगिता -२०८० कार्यक्रममा सहभागीहुदै। https://t.co/332v3SoUz5",2,0,1,420,23388
1.71353E+18,NC,SherBDeuba,Sher Bahadur Deuba,10/15/2023,18:07:00,दक्षिण ललितपुर समाज ल.पु.म.न.पा-२६ सुनाकाेठीको १९ औ वार्षिक साधरण सभा एंव सुभकामना आदान-प्रदान कार्यक्रममा सहभागी । https://t.co/0hwSysFCCn,2,0,0,340,23388
1.71342E+18,NC,SherBDeuba,Sher Bahadur Deuba,10/15/2023,10:36:49,https://t.co/EXRf7J96M5,18,1,0,862,23388
1.71321E+18,NC,SherBDeuba,Sher Bahadur Deuba,10/14/2023,20:40:41,"विजय दशामी पावन अवसरमा नेका गोदावरी ५ कार्यसमिति, नेका ल.पु.म.न.पा-२ वडा कार्यसमितिद्वारा आयोजित शुभकामना आदान प्रदान चियापान कार्यक्रम र श्री सिंगे ढडुप युवा क्लब बुरुन्चुली (गोदावरी नं ७, देविचौर) को आयोजनामा प्रथम गोदावरी नगर कप खुल्ला फुटबल प्रतियोगिता  को उदघाट्न समारोह। https://t.co/AMJ8LoZ2GN",10,0,0,495,23388
1.71141E+18,NC,SherBDeuba,Sher Bahadur Deuba,10/9/2023,21:28:12,"निर्वाचनका घरदैलो क्रममा गोदावरी नपा१३मा खानेपानीको समस्या समाधानका लागि दिएको वचन अनुसार पाँचकन्या खानेपानी सरसफाई उपभोक्ता समितिबाट डीप बोरिङ खन्ने कार्य सुरु भएको छ। बजेट विनियोजन भएकोमा वागमती प्रदेशका मन्त्री मा.तीर्थ बहादुर लामालाई बिशेष धन्यवाद दिन चाहन्छु। 
जय नेपाल। https://t.co/6fdlCzdrWu",68,0,8,6582,23388
1.71103E+18,NC,SherBDeuba,Sher Bahadur Deuba,10/8/2023,20:32:35,"नेपाल तरुण दल प्रतिज्ञा-सभाका,अध्यक्ष लगायत सम्पुर्ण सदस्य साथीहरुको पुर्ण कार्यकाल सफलताको शुभकामना  व्यक्त गर्दछु!
जय नेपाल!!
#NepalTarunDal https://t.co/DEupIWimOL",6,0,3,639,23388
1.71098E+18,NC,SherBDeuba,Sher Bahadur Deuba,10/8/2023,16:51:53,इजरायलमा नेपालीहरूको उद्धार तथा स्वदेश फिर्ता ल्याउने व्यवस्थाका लागि हार्दिक आग्रह https://t.co/zvabK82Tvu,137,18,47,32457,444041
1.70952E+18,NC,SherBDeuba,Sher Bahadur Deuba,10/4/2023,16:44:39,"केही दिन यता बाँकेमा भएको द्वन्द्वले हाम्रो धार्मिक, सांस्कृतिक तथा सामाजिक एकता र सद्भावनामा खलल पुर्याउन सक्ने विषयप्रति नेपाली कांग्रेस गम्भीर चिन्ता प्रकट गर्र्दै सामाजिक, सांस्कृतिक, धार्मिक, राजनैतिक एवं समग्र सद्भावका लागि अपिल गर्दछ । https://t.co/M5j0zaircy",59,18,12,8539,444041
1.70726E+18,NC,SherBDeuba,Sher Bahadur Deuba,9/28/2023,10:38:18,इन्द्रजात्राको उपलक्ष्यमा सम्पूर्ण दिदीबहिनी तथा दाजुभाइहरुमा हार्दिक शभकामना । https://t.co/uiaxqB8I7a,80,6,7,6143,444041
1.70431E+18,NC,SherBDeuba,Sher Bahadur Deuba,9/20/2023,7:10:22,संविधान दिवश २०८० को पावन अवसरमा सम्पूर्ण नेपाली दिदीबहिनी तथा दाजुभाइहरुमा हार्दिक शुभकामना व्यक्त गर्दछु। https://t.co/lfJlyddNcZ,135,15,119,7435,444041
1.70399E+18,NC,SherBDeuba,Sher Bahadur Deuba,9/19/2023,9:57:52,"त्याग, साहस र निष्ठाका प्रतिमुर्ति हाम्रा आदरणीय नेता गणेशमान सिंहको २६ औं स्मृति दिवसको अवसरमा उहाँप्रति हार्दिक श्रद्धासुमन व्यक्त गर्दछु । https://t.co/pDQHydLVdW",204,6,29,11975,444041
1.7036E+18,NC,SherBDeuba,Sher Bahadur Deuba,9/18/2023,8:27:58,नेपाली नारीहरुको महान पर्व हरितालिका तीजको अवसरमा स्वदेश तथा विदेशमा रहनुभएका सम्पूर्ण दिदिबहिनीहरूमा हार्दिक शुभकामना व्यक्त गर्दछ। https://t.co/IEAI8KbyFd,179,7,11,8542,444041
1.70139E+18,NC,SherBDeuba,Sher Bahadur Deuba,9/12/2023,6:08:10,नेकपा एमालेका उपाध्यक्ष एवं संविधासभा अध्यक्ष सुवास नेम्वाङजीको निधनले स्तव्ध भएको छु। उहाँको आत्माको चिर शान्तिको कामना गर्दै शोकसन्तप्त परिवारजनमा गहिरो समवेदना व्यक्त गर्दछु। https://t.co/jE5BUI53HV,447,26,61,24905,444041
1.69711E+18,NC,SherBDeuba,Sher Bahadur Deuba,8/31/2023,10:36:32,जनैपूर्णिमा तथा गाईजात्राको सबैमा शुभकामना । https://t.co/N5gis9wHS9,155,11,53,11511,444041
1.69541E+18,NC,SherBDeuba,Sher Bahadur Deuba,8/26/2023,18:04:04,"केही दिन यता धरानमा भएको द्वन्द्वले हाम्रो धार्मिक, सांस्कृतिक तथा सामाजिक एकता र सद्भावनामा खलल पुर्याउन सक्ने विषयप्रति नेपाली कांग्रेस गम्भीर चिन्ता प्रकट गर्र्दै सामाजिक, धार्मिक, राजनैतिक समग्र सद्भावका लागि सार्वजनिक अपिल 
गर्दछ । https://t.co/cRPX5EtaCx",167,29,110,14792,444041
1.69455E+18,NC,SherBDeuba,Sher Bahadur Deuba,8/24/2023,9:08:46,गौरा पर्वको अवसरमा सम्पूर्ण दिदीबहिनी तथा दाजुभाइहरुमा हार्दिक शुभकामना व्यक्त गर्दछु। https://t.co/ZsjG9auvHM,95,4,2,5983,444041
1.69436E+18,NC,SherBDeuba,Sher Bahadur Deuba,8/23/2023,20:17:48,नेपाली कांग्रेसका पूर्व केन्द्रीय सदस्य एवं बागमती प्रदेश सभाका पूर्व सदस्य डा. राजाराम कार्कीजीको असामयिक निधनको खवरले स्तव्ध भएको छु।उहाँको आत्माको चिर शान्तिको कामना गर्दै शोकसन्तप्त परिवारजनमा गहिरो समवेदना व्यक्त गर्दछु। https://t.co/lkr5vng3qo,48,3,7,4848,444041
1.69435E+18,NC,SherBDeuba,Sher Bahadur Deuba,8/23/2023,19:31:37,Congratulations  to Prime Minister  @narendramodi and the people of India for the successful landing of Chandrayaan-3 on the moon. This is a remarkable progress made by India in space sector. We admire  the outstanding work of the scientists of ISRO.,3190,309,65,48257,444041
1.69347E+18,NC,SherBDeuba,Sher Bahadur Deuba,8/21/2023,9:46:03,नाग पञ्चमीको अवसरमा सम्पूर्ण दिदीबहिनी तथा दाजुभाइहरुमा हार्दिक  शुभकामना । https://t.co/Jp5cBjM6zP,286,10,15,15555,444041
1.69145E+18,NC,SherBDeuba,Sher Bahadur Deuba,8/15/2023,19:34:26,"Warmest congratulations to Prime Minister @narendramodi ji &amp; the friendly people of India on the occasion of India’s 77th Independence Day!May the bonds of friendship between our two nations continue to strengthen, and may both our countries prosper and achieve new heights.🇳🇵🤝🇮🇳",130,15,17,8223,444041
1.68258E+18,NC,SherBDeuba,Sher Bahadur Deuba,7/22/2023,8:25:28,श्रद्धेय नेता बीपी कोइरालाको ४१औं स्मृति दिवसमा उहाँप्रति हार्दिक श्रद्धासुमन अर्पण गर्दछु । https://t.co/FUsV8kc4TP,374,16,91,22460,444041
1.67979E+18,NC,SherBDeuba,Sher Bahadur Deuba,7/14/2023,15:26:31,"Honored to have had a productive meeting with US Assistant Secretary of State Donald Lu. We had constructive discussions on further strengthening Nepal-US ties.Grateful for the US Government &amp; Secretary Lou’s unwavering support to promote peace, democracy 
&amp; development in Nepal. https://t.co/UbE2n7fjqF",128,6,25,10821,444041
1.67901E+18,NC,SherBDeuba,Sher Bahadur Deuba,7/12/2023,11:57:38,नेकपा माओवादी केन्द्रका सल्लाहकार एवं पार्टी अध्यक्ष तथा प्रधानमन्त्री पुष्पकमल दाहाल `प्रचण्ड´ की जीवनसंगिनी सीता दाहालको निधनको खवरले स्तव्ध भएको छु। उहाँको आत्माको चिर शान्तिको कामना गर्दै प्रचण्डजी लगायत परिवारजनमा गहिरो समवेदना व्यक्त गर्दछु। https://t.co/mKiMcLXZsI,400,10,45,20055,444041
1.67873E+18,NC,SherBDeuba,Sher Bahadur Deuba,7/11/2023,17:12:59,सोलुखुम्बुबाट काठमाडौंका लागि उडेको मनाङ एयरको हेलिकप्टर दुर्घटनामा परेको खबरले स्तव्ध भएको छु। दुर्घटनामा परेर ज्यान गुमाएका चालक दलका सदस्य र यात्रुहरुप्रति हार्दिक श्रदाञ्जली व्यक्त गर्दै शोकाकुल परिवारजनमा गहिरो समवेदना व्यक्त गर्दछ ।,97,4,16,9281,444041
1.67467E+18,NC,SherBDeuba,Sher Bahadur Deuba,6/30/2023,12:42:30,असार १५ तथा राष्ट्रिय धान दिवसको हार्दिक शुभकामना । https://t.co/EaTY4NaRCJ,117,5,14,8565,444041
1.67422E+18,NC,SherBDeuba,Sher Bahadur Deuba,6/29/2023,6:37:21,इश्लाम धर्माबलम्बीहरुको पर्व बकर इद (इद उल अजाहा) को अवसरमा सम्पूर्णमा हार्दिक शुभकामना व्यक्त गर्दछु। https://t.co/X9bebCQzQB,112,6,71,7953,444041
1.67247E+18,NC,SherBDeuba,Sher Bahadur Deuba,6/24/2023,10:45:23,नेपाली कांग्रेस सिन्धुपाल्चोकका पूर्व सभापति विकास लामाको असामयिक निधनको खबरले स्तब्ध भएको छु । उहाँको आत्माको चीर शान्तिको कामना गर्दै शोक सन्तप्त परिवारजनमा गहिरो समवेदना व्यक्त गर्दछु । https://t.co/8qmcFElsV0,85,5,15,8773,444041
1.67117E+18,NC,SherBDeuba,Sher Bahadur Deuba,6/20/2023,20:37:28,"सुदूरपश्चिम प्रदेशका आन्तरिक मामिला तथा कानुन मन्त्री एवं नेपाली कांग्रेस नेता पृथ्वीबहादुर सिंह, उनकी श्रीमती र भाउजूको सवारी दुर्घटनामा परी निधन भएको खवरले मर्माहीत भएको छु।उहाँहरुको आत्माको चिर शान्तिको कामना गर्दै परिवारजनमा गहिरो समवेदना व्यक्त गर्दछु । https://t.co/p4YooX2ik2",113,10,15,9639,444041
1.66519E+18,NC,SherBDeuba,Sher Bahadur Deuba,6/4/2023,8:39:56,"Deeply saddened by the news of the train accident in Odisha, India. Our heartfelt condolences to the families who lost their loved ones. We stand in solidarity with the people of India during this difficult time. Praying for the swift recovery of the injured.",108,11,4,7052,444041
1.6635E+18,NC,SherBDeuba,Sher Bahadur Deuba,5/30/2023,16:24:34,नेपाली कांग्रेसकी नेतृ एवं पूर्वमन्त्री मिना पाण्डेको निधनको खवरले स्तब्ध भएको छु।उहाँले नेपालको लोकतान्त्रिक आन्दोलनमा पुर्याउनु भएको भूमिका सदा स्मरणीय रहनेछ। उहाँको आत्माको चिर शान्तिको कामना गर्दै शोकाकुल परिवारजनमा गहिरो समवेदना व्यक्त गर्दछु। https://t.co/bGA50GfwS5,73,4,15,8741,444041
1.66302E+18,NC,SherBDeuba,Sher Bahadur Deuba,5/29/2023,8:46:03,गणतन्त्र दिवसको अवसरमा सम्पूर्ण दिदीबहिनी तथा दाजुभाइहरुमा हार्दिक शुभकामना व्यक्त गर्दछु। https://t.co/6admJhGsIu,615,20,271,67267,444041
1.65693E+18,NC,SherBDeuba,Sher Bahadur Deuba,5/12/2023,13:55:25,"नेपालको लोकतान्त्रिक आन्दोलनका एक अथक योद्धा, लेखक, साहित्यकार पुरुषोत्तम बस्नेतको निधनको खबरले मर्माहित भएको छु । नेपाली कांग्रेस र नेपालको लोकतान्त्रिक आन्दोलनमा उहाँको योगदान सदा स्मरणीय रहिरहनेछ । उहाँको आत्माको चिर शान्तिको कामना गर्दै परिवारजनमा गहिरो समवेदना प्रकट गर्दछु ।",104,7,22,14499,444041
1.65429E+18,NC,SherBDeuba,Sher Bahadur Deuba,5/5/2023,7:03:45,बुद्ध जयन्ती तथा उभौली पर्वको सबैमा हार्दिक शुभकामना व्यक्त गर्दछु। https://t.co/Xz6KH3hCCE,216,16,15,13721,444041
1.65328E+18,NC,SherBDeuba,Sher Bahadur Deuba,5/2/2023,12:11:57,"फाइनलमा युएईलाई पराजीत गर्दै एसीसी प्रिमियर कपको विजेता बनेको नेपाली राष्ट्रिय क्रिकेट टिमलाई हार्दिक बधाई। यस जीतसँगै एसिया कप प्रवेश गर्न सफल भएकोमा सबै खेलाडी, प्रशिक्षकलगायत सम्पूर्ण टिमलाई शुभकामना। https://t.co/1FDZZwKaES",395,19,81,16285,444041
1.65286E+18,NC,SherBDeuba,Sher Bahadur Deuba,5/1/2023,8:19:52,अन्तर्राष्ट्रिय श्रमिक दिवसको शुभकामना ! https://t.co/wMEiqmzNhM,122,11,20,10529,444041
1.65036E+18,NC,SherBDeuba,Sher Bahadur Deuba,4/24/2023,10:38:52,लोकतन्त्र दिवसको हार्दिक शुभकामना । https://t.co/IISlSJiYiD,244,17,62,31294,444041
1.64963E+18,NC,SherBDeuba,Sher Bahadur Deuba,4/22/2023,10:08:49,"इस्लाम धर्मावलम्बीहरूको महान पर्व ईद (इदुल फित्र) को उपलक्ष्यमा स्वदेश तथा विदेशमा बस्नुहुने इस्लाम धर्मावलम्बी दिदीबहिनी तथा दाजुभाइहरूमा सुख, शान्ति, सुस्वास्थ्य, दीघार्यु, एवं प्रगतिको हार्दिक शुभकामना व्यक्त गर्दछु । https://t.co/pNUq8xCHbm",202,11,16,13590,444041
1.64864E+18,NC,SherBDeuba,Sher Bahadur Deuba,4/19/2023,16:52:09,"चुनावी सभा
डुम्रे बजार, तनहुँ। https://t.co/arXn25wExx",370,22,97,37310,444041
1.64778E+18,NC,SherBDeuba,Sher Bahadur Deuba,4/17/2023,7:38:57,कञ्चनपुर वेदकोट -८ निवासी नेपाली कांग्रेसका पूर्व महासमिति सदस्य एवं हाम्रा बहिनी ज्वाइ  स्व. सुरेन्द्रबहादुर चन्दको १३ औं पुण्यतिथिमा उहाँप्रति हार्दिक समवेदना   प्रकट गर्दछौं। https://t.co/sIjoh1wSpM,85,5,83,10790,444041
1.64669E+18,NC,SherBDeuba,Sher Bahadur Deuba,4/14/2023,7:19:32,"नयाँ बर्ष २०८० को पावन अवसरमा सम्पूर्ण दिदीबहिनी तथा दाजभाइहरुमा सुख, शान्ति, सुस्वास्थ्य एवं प्रगतिको हार्दिक शुभकामना व्यक्त गर्दछु। https://t.co/FladNgb4Qv",323,15,111,16694,444041
1.64162E+18,NC,SherBDeuba,Sher Bahadur Deuba,3/31/2023,7:47:06,आजबाट शुरू भएको माध्यमिक शिक्षा परीक्षा (SEE) मा सहभागी सम्पूर्ण भाई-बहिनीहरुलाई हार्दिक शुभकामना व्यक्त गर्दछु।,434,25,110,41016,444041
1.64095E+18,NC,SherBDeuba,Sher Bahadur Deuba,3/29/2023,11:21:27,चैते दशै पर्वको अवसरमा सम्पूर्ण दिदीबहिनि तथा दाजुभाईहरुमा हार्दिक शुभकामना । https://t.co/ZqdLZCDIX0,358,22,105,20743,444041
1.63803E+18,NC,SherBDeuba,Sher Bahadur Deuba,3/21/2023,9:57:54,घोडेजात्राको सबै हार्दिक शुभकामना ! https://t.co/wfSh2Hmjyb,323,13,12,14980,444041
1.63635E+18,NC,SherBDeuba,Sher Bahadur Deuba,3/16/2023,18:33:13,"बधाई टिम नेपाल! 

आईसीसी क्रिकेट विश्वकप लिग टूको अन्तिम खेलमा यूएईलाई हराउँदै नेपाल एकदिवसीय विश्वकप छनोटमा पुगेकोमा हार्दिक बधाई । https://t.co/Nd24SrlLkf",936,45,113,26587,444041
1.63623E+18,NC,SherBDeuba,Sher Bahadur Deuba,3/16/2023,10:43:24,"हामी आशावादी छौ हाम्रो टिम उच्च मनोबलका साथ खेल्ने छ र नेपालको क्रिकेट इतिहासमा सफलताको नयाँ इतिहास रच्ने छ। 
विजयको शुभकामना टिम नेपाल। https://t.co/mgeEoRlb5B",911,45,46,28495,444041
1.63488E+18,NC,SherBDeuba,Sher Bahadur Deuba,3/12/2023,17:31:48,"बधाई टिम नेपाल!

यूएईविरुद्धको खेलमा जीत हासिल गर्दै आइसिसी विश्वकप लिग-२ को शीर्ष ४ मा प्रवेश गरेकोमा नेपाली क्रिकेट टिमलाई हार्दिक बधाई तथा आगामी यात्राको शुभकामना ।",480,25,28,22766,444041
1.63379E+18,NC,SherBDeuba,Sher Bahadur Deuba,3/9/2023,16:54:58,राष्ट्रपतिमा निर्वाचित हुनुभएकोमा मेरा मित्र रामचन्द्र पौडेलजीलाई हार्दिक बधाई। https://t.co/f3TH2IICtt,2111,117,195,77025,444041
1.63327E+18,NC,SherBDeuba,Sher Bahadur Deuba,3/8/2023,6:27:49,११३ औं अन्तर्राष्ट्रिय महिला दिवसको अवसरमा स्वेदश तथा विदेशमा रहनुहुने सम्पूर्ण दिदीबहिनीहरूमा हार्दिक शुभकामना व्यक्त गर्दछु । https://t.co/AkGBq9JeDe,229,33,14,12442,444041
1.63255E+18,NC,SherBDeuba,Sher Bahadur Deuba,3/6/2023,7:10:54,फागु पूर्णिमा (होली)को उपलक्ष्यमा स्वदेश तथा विदेशमा बस्नुहुने सम्पूर्ण दिदीबहिनी तथा दाजुभाइहरूमा हार्दिक शुभकामना व्यक्त गर्दछु । https://t.co/p8xnK1C9Ot,483,43,50,26045,444041
1.63128E+18,NC,SherBDeuba,Sher Bahadur Deuba,3/2/2023,19:03:30,श्रीलंकामा हुने यू–१९ विश्वकपका लागि छनोट भएकोमा नेपाली क्रिकेट टिमलाई हार्दिक बधाई तथा शुभकामना । https://t.co/MKnJ5F6ghU,433,39,15,16257,444041
1.63078E+18,NC,SherBDeuba,Sher Bahadur Deuba,3/1/2023,10:03:50,नेपाली कांग्रेसका संस्थापक नेता सुवर्ण शमशेर राणाको ११२औं जन्म जयन्तीको अवसरमा उहाँप्रति हार्दिक श्रद्धासुमन व्यक्त गर्दछु। https://t.co/PCc2iceMy0,610,44,34,35442,444041
1.62785E+18,NC,SherBDeuba,Sher Bahadur Deuba,2/21/2023,8:02:10,शेर्पा समुदायको महान् पर्व ग्याल्पो ल्होसारका अवसरमा स्वदेश तथा विदेशमा बस्नुहुने सम्पूर्ण दिदीबहिनी तथा दाजुभाईहरुमा हार्दिक शुभकामना व्यक्त गर्दछु। https://t.co/yTWcY3tXdX,336,24,19,18392,444041
1.62711E+18,NC,SherBDeuba,Sher Bahadur Deuba,2/19/2023,6:51:18,प्रजातन्त्र दिवसको अवसरमा  सम्पूर्ण नेपाली दिदीबहिनी तथा दाजुभाईहरुमा हार्दिक शुभकामना व्यक्त गर्दछु। https://t.co/GWgtKxp6TW,520,48,31,35240,444041
1.62675E+18,NC,SherBDeuba,Sher Bahadur Deuba,2/18/2023,6:45:17,महा शिवरात्री पर्वको पावन अवसरमा सबैमा हार्दिक शुभकामना व्यक्त गर्दछु। https://t.co/SoRb2vxjom,879,33,35,41818,444041
1.6251E+18,NC,SherBDeuba,Sher Bahadur Deuba,2/13/2023,17:24:13,It was good to meet with India's Foreign Secretary Shri Vinay Mohan Kwatra. We discussed various issues of mutual interest and strengthening people-to-people ties. Our shared goal is to deepen Nepal-India relations for the benefit of our peoples. https://t.co/dY0Uuo11Cj,422,29,39,31188,444041
1.62499E+18,NC,SherBDeuba,Sher Bahadur Deuba,2/13/2023,10:19:03,अरुण सुवेदीजीको पिताजी टीकाप्रसाद सुवदीको निधनको खबरले स्तव्ध भएको छु।उहाँको आत्माको चिर शान्तिको कामना गर्दै शोकाकुल परिवारजनमा गहिरो समवेदना व्यक्त गर्दछु। https://t.co/zUHgJNHU0f,213,27,28,21118,444041
1.62396E+18,NC,SherBDeuba,Sher Bahadur Deuba,2/10/2023,14:14:24,पूर्वसांसद तथा नेपाली कांग्रेसका नेता कर्म घलेजीको निधनको खबरले स्तव्ध भएको छु । उहाँको आत्माको चिर शान्तिको कामना गर्दै यस दुखद खडीमा परिवारजनमा गहिरो समवेदना व्यक्त गर्दछु। https://t.co/jz9hUzJjxY,224,8,34,19163,444041
1.62252E+18,NC,SherBDeuba,Sher Bahadur Deuba,2/6/2023,14:45:25,The Turkey and Syria earthquake has caused immense loss and grief.I encourage everyone to support the governments in their efforts to aid those affected &amp; provide comfort to the families of the victims.Let us pay tribute to those who have lost their lives &amp; offer our condolences.,112,27,2,8539,444041
1.62209E+18,NC,SherBDeuba,Sher Bahadur Deuba,2/5/2023,10:07:04,नेपाल राष्ट्र बैंकका पहिलो गभर्नर प्रतिष्ठित व्यक्तित्व हिमालयशमशेर जबराको निधनको खवरले स्तव्ध भएको छु । उहाँको आत्माको चिर शान्तिको कामना गर्दै यस दुखद खडीमा परिवारजनमा गहिरो समवेदना व्यक्त गर्दछु । https://t.co/qkC1AoWws2,218,21,28,13534,444041
1.61993E+18,NC,SherBDeuba,Sher Bahadur Deuba,1/30/2023,11:01:15,"Had a wonderful meeting with US Under Secretary @UnderSecStateP. We discussed ways to further strengthen our bilateral relationship and cooperation in democracy, development and good governance.I thanked her for the continued support of the US to Nepal, which is highly valued. https://t.co/aURodNnSXJ",199,25,14,13717,444041
1.6199E+18,NC,SherBDeuba,Sher Bahadur Deuba,1/30/2023,9:00:07,"लोकतन्त्र प्राप्ति, नागरिक स्वतन्त्रता लगायतका बिभिन्न आन्दोलनमा आफ्नो अमूल्य जीवन उत्सर्ग गर्ने ज्ञात–अज्ञात शहीदप्रति भावपूर्ण श्रद्धाञ्जली अर्पण गर्दछु। https://t.co/mQihAeWPsB",300,24,17,18809,444041
1.61847E+18,NC,SherBDeuba,Sher Bahadur Deuba,1/26/2023,10:42:12,"On the occasion of India's 74th Republic Day, we extend our warmest wishes to the people of India. May this special day bring prosperity, peace and progress to all. 
#NepalIndiaFriendship",276,24,20,14194,444041
1.61842E+18,NC,SherBDeuba,Sher Bahadur Deuba,1/26/2023,7:14:58,बसन्त पञ्चमी तथा सरस्वती पुजाको सबैमा हार्दिक शुभकामना व्यक्त गर्दछु। https://t.co/gmRec7adNp,474,21,17,28844,444041
1.617E+18,NC,SherBDeuba,Sher Bahadur Deuba,1/22/2023,9:03:00,सोनाम ल्होसारको अवसरमा सम्पूर्ण दिदीबहिनी तथा दाजुभाइहरुमा हार्दिक शुभकामना व्यक्त गर्दछु। https://t.co/XEH9HhnRHi,189,29,12,15459,444041
1.61451E+18,NC,SherBDeuba,Sher Bahadur Deuba,1/15/2023,12:28:31,"काठमाडौंबाट६८जना यात्रु लिएर पोखराका लागि उडेको यती एयरलाइन्सको जहाज दुर्घटनाको खवरले स्तव्ध भएको छु।यस दुखद् दुर्घटनाको तत्कालै  प्रभावकारी रुपमा उद्दार कार्य अघि बढाउन नेपाल सरकारसँग अनुरोध गर्दछु।

साथै उद्दारमा खटिन नेपाली कांग्रेसको स्थानीय पार्टीका निकायलाई निर्देशन गर्दछु।",598,38,171,51759,444041
1.61448E+18,NC,SherBDeuba,Sher Bahadur Deuba,1/15/2023,9:56:21,माघे संक्रान्ति (मकर संक्रान्ति) एवं माघी पर्वको अवसरमा सम्पूर्ण दिदीबहिनी तथा दाजुभाइहरुमा हार्दिक शुभकामना व्यक्त गर्दछु। https://t.co/im6LmduulL,215,12,11,14693,444041
1.61311E+18,NC,SherBDeuba,Sher Bahadur Deuba,1/11/2023,15:30:13,राष्ट्रिय एकता दिवसको शुभकामना । https://t.co/6BIWT2RGup,433,36,20,25960,444041
1.61165E+18,NC,SherBDeuba,Sher Bahadur Deuba,1/7/2023,14:59:47,जिल्ला समन्य समिति कैलालीका प्रमुख पदमबहादुर कलेलको निधनको खबरले स्तब्ध भएको छु। मृत आत्माको चिर शान्तिको कामना गर्दै  शोकसन्तप्त परिवारजनमा गहिरो समवेदना व्यक्त गर्दछु। https://t.co/lJzyqdjOgr,120,7,19,9923,444041
1.60982E+18,NC,SherBDeuba,Sher Bahadur Deuba,1/2/2023,13:29:03,नेपाली कांग्रेसका केन्द्रीय सदस्य एवं प्रतिनिधि सभाका सदस्य अम्बिका बस्नेतजीकी ममतामयी आमा कपिलकुमारी बस्नेतको निधनको खवरले स्तव्ध भएको छु।उहाँको आत्माको चिर शान्तिको कामना गर्दै परिवारजनमा गहिरो समवेदना व्यक्त गर्दछु। https://t.co/mK2wNNdFJn,153,8,13,10626,444041
1.6092E+18,NC,SherBDeuba,Sher Bahadur Deuba,12/31/2022,20:31:41,"~नयाँ वर्ष २०२३ को शुभकामना~

नयाँ वर्ष इस्वी सम्वत् २०२३ को शुभ उपलक्ष्यमा स्वेदश तथा विदेशमा रहनु भएका सम्पूर्ण नेपाली दिदीबहिनी तथा दाजुभाइहरुमा सुख, शान्ति, समृद्धि एवं उत्तरोत्तर प्रगतिको हार्दिक मंगलमय शुभकामना व्यक्त गर्दछु । https://t.co/xTBqOeqOdg",380,21,33,26497,444041
1.60869E+18,NC,SherBDeuba,Sher Bahadur Deuba,12/30/2022,10:35:49,"I was saddened to hear of the passing of Pelé, a true legend of the Football. His talent, skill, and passion for football inspired generations of players and fans.  Rest in peace, Pelé.""",696,24,35,41052,444041
1.60867E+18,NC,SherBDeuba,Sher Bahadur Deuba,12/30/2022,9:46:19,गुरुङ समुदायले नयाँ वर्षको रुपमा मनाउने तमु ल्होसार पर्वको अवसरमा सम्पूर्ण नेपाली दिदीबहिनी तथा दाजुभाइहरुमा हार्दिक शुभकामना व्यक्त गर्दछु । https://t.co/QU1WzIZzmb,165,11,7,12027,444041
1.60867E+18,NC,SherBDeuba,Sher Bahadur Deuba,12/30/2022,9:12:44,My heartfelt condolences to Shri @narendramodi ji and his family at the passing away of his venerable Mother Heeraben Modi. May her eternal soul attain Moksha.,1868,127,78,63398,444041
1.60733E+18,NC,SherBDeuba,Sher Bahadur Deuba,12/26/2022,16:50:37,नवनियुक्त प्रधानमन्त्री @cmprachanda लाई हार्दिक बधाई तथा शुभकामना । https://t.co/AMAlElfG42,4241,134,389,181000,444041
1.60689E+18,NC,SherBDeuba,Sher Bahadur Deuba,12/25/2022,11:35:43,निर्वाचन आयोगका प्रथम प्रमुख आयुक्त तथा पूर्व मन्त्री सुरेन्द्रबहादुर बस्नेतको निधनको खवरले दुखी भएको छु। उहाँको आत्माको चिर शान्तिको कामना गर्दै परिवारजनमा गहिरो समवेदना व्यक्त गर्दछु। https://t.co/mBG7moyp1W,288,9,9,24076,444041
1.60685E+18,NC,SherBDeuba,Sher Bahadur Deuba,12/25/2022,8:52:26,"क्रिसमसको अवसरमा स्वदेश तथा विदेशमा रहनुभएका सम्पूर्ण इसाई धर्मावलम्वी नेपाली दिदीबहिनी तथा दाजुभाइहरुमा सुख, शान्ति र समृद्धिको हार्दिक शुभकामना व्यक्त गर्दछु। https://t.co/0hp0Ys4AKc",432,17,53,48037,444041
1.60581E+18,NC,SherBDeuba,Sher Bahadur Deuba,12/22/2022,12:12:29,हार्दिक आभार तथा धन्यवाद। https://t.co/enkRwTNCEN,1192,51,232,97986,444041
1.60325E+18,NC,SherBDeuba,Sher Bahadur Deuba,12/15/2022,10:36:29,"नेपाली कांग्रेसका नेता कमल चित्रकारजीको निधनको खबरले स्तब्ध भएको छु। उहाँको आत्माको चिर शान्तिको कामना गर्दै परिवारजनमा गहिरो समवेदना व्यक्त गर्दछु।

उहाँले लोकतन्त्र स्थापनाको आन्दोलनमा पुर्याउनु भएको योगदान सदैव स्मरणीय रहनेछ । https://t.co/60XZnPodVI",189,14,25,0,444041
1.60289E+18,NC,SherBDeuba,Sher Bahadur Deuba,12/14/2022,10:33:26,"काभ्रेको बेथानचोकमा बस दुर्घटना भएको खबरले निकै दुखी भएको छु। दुर्घटनामा परी मृत्यु भएकाहरुको आत्माको चिर शान्तिको कामना गर्दै परिवारजनमा गहिरो समवेदना व्यक्त गर्दछु । 

साथै घाइतेहरुको तत्काल सुविधासम्पन्न अस्पतालमा उपचार गर्न सम्वन्धित निकायलाई निर्देशन समेत दिएको छु।",314,22,46,0,444041
1.60232E+18,NC,SherBDeuba,Sher Bahadur Deuba,12/12/2022,20:42:03,"It was nice meeting with football legend Johan Neeskens, two time FIFA World Cup finalist from Dutch team. 

Thank you Royal Dutch Football Association for assisting All Nepal Football Association (ANFA). https://t.co/uyrOA5gE6h",308,20,36,0,444041
1.60103E+18,NC,SherBDeuba,Sher Bahadur Deuba,12/9/2022,7:18:30,"प्रिय मतदाता, 
नेपाली कांग्रेसलाई संसदको सबैभन्दा ठूलो दल बनाउनु भएकोमा धेरै धेरै धन्यवाद । https://t.co/Bd8AtVpYUK",1000,57,233,0,444041
1.6008E+18,NC,SherBDeuba,Sher Bahadur Deuba,12/8/2022,16:30:58,"सुदूरपश्चिम महोत्सव उद्घाटन समारोह ।

#धनगढी https://t.co/ZE7YqTusiS",255,14,23,0,444041
1.60071E+18,NC,SherBDeuba,Sher Bahadur Deuba,12/8/2022,10:26:50,"उधौली पर्व, धान्यपूर्णिमा तथा यःमरि पुन्हिको सबैमा हार्दिक  शुभकामना व्यक्त गर्दछु। https://t.co/azXcVU5Umn",280,18,16,0,444041
1.59928E+18,NC,SherBDeuba,Sher Bahadur Deuba,12/4/2022,11:45:13,हार्दिक बधाई तथा शुभकामना । https://t.co/v0pFDt9pwi,228,20,109,0,444041
1.59922E+18,NC,SherBDeuba,Sher Bahadur Deuba,12/4/2022,7:54:40,हार्दिक बधाई तथा शुभकामना । https://t.co/31ICRvKNP0,334,8,36,0,444041
1.599E+18,NC,SherBDeuba,Sher Bahadur Deuba,12/3/2022,16:49:31,हार्दिक बधाई  तथा शुभकामना । https://t.co/sb01aeH2uN,67,1,5,0,444041
1.78089E+18,NC,thapagk,Gagan Thapa,4/18/2024,15:20:38,"आज ने.वि.संघ को ५५ औँ स्थापना दिवस!  यस अवसरमा सङ्गठनको ऐतिहासिक वैभव, यसको स्थापना र संघर्षका दिनमा अग्रजहरूले गरेको योगदान र हामी जस्ता हजारौँ साथीहरूले सङ्गठनमा बिताएका दिनहरूको सम्झनासहित ने.वि.संघमा विभिन्न कालखण्ड र तहमा आबद्ध सम्पूर्णमा शुभकामना!  
(तस्बिरमा विद्यार्थी… https://t.co/73BBVySZwb",229,27,40,12763,1292512
1.78043E+18,NC,thapagk,Gagan Thapa,4/17/2024,8:48:02,राम नवमी पर्वको हार्दिक मंगलमय शुभकामना ! https://t.co/mRtV04BaEk,239,12,15,10402,1292512
1.78039E+18,NC,thapagk,Gagan Thapa,4/17/2024,6:16:35,"*** संवाद यात्रा ***

नेपाली काँग्रेसको अभियान ""समुदायमा काँग्रेस"" अन्तर्गत माघ १३ गते झापाको मेची पुलबाट सुरु भएको  'संवाद यात्रा' हिजो कञ्चनपुर स्थित महाकाली पुलमा पुगेर टुङ्गाएका छौँ।  यात्राको क्रममा हामीले हुलाकी राजमार्ग अन्तर्गत १४५० कि.मी २१ वटा जिल्ला हुँदै यात्रा गर्… https://t.co/IPOuAU4F1Y",324,63,119,14922,1292512
1.78004E+18,NC,thapagk,Gagan Thapa,4/16/2024,6:41:27,"**संवाद यात्रा**

संवाद यात्राको यस चरणको तेस्रो दिन हिजो वर्दिया राजापुरमा कृषकहरुसँग कृषि उत्पादन आधुनिकीकरण,औद्योगीकरण बजारीकरणका समस्या ,चुनौती र सम्भावनाका विषयमा कृषि संवाद त्यस पश्चात् कैलाली जिल्लामा आम जनसमुदायसँग जन संवाद, खुला संवाद ,स्थानीय सरकारका जनप्रतिनिधिहरुसँग… https://t.co/rFbXoMGMlm",243,33,13,11072,1292512
1.77955E+18,NC,thapagk,Gagan Thapa,4/14/2024,22:29:23,"संवाद यात्रा
संवाद यात्राको यस चरणको दोस्रो दिन आज दिनभर बांके र बर्दियाको हुलाकी राजमार्ग आसपासका विभिन्न स्थानमा उद्योगी व्यवसायीसंग व्यवसायिक लगानी ऋण र व्यवस्थापनका कुरा, किसानसंग मल बिउ र मुल्यको कुरा,शिक्षक विद्यार्थी अभिभावकसंग शिक्षाको गुणस्तरको कुरा, भूमि र सुकुमबासीका… https://t.co/c0oVMPJ3oo",263,29,29,17537,1292512
1.77933E+18,NC,thapagk,Gagan Thapa,4/14/2024,8:00:26,"हामीले संसद्मा निरन्तर उठाइरहेको संसदिय छानविन समिति भनेको के हो ?, यसले के काम गर्छ ?, यो छानविन समितिको क्षेत्राधिकार के रहनुपर्छ ?, सहकारी ठगीमा संसदीय छानबिन समिति नै किन? विस्तार यो भिडियोमा... https://t.co/2H6EQXpBsy",540,149,192,114771,1292512
1.77921E+18,NC,thapagk,Gagan Thapa,4/14/2024,0:06:22,"वर्ष २०८१ को र संवाद यात्राको तेस्रो चरणको पहिलो दिनको शुरुवात बाँके जिल्लाको निर्वाचन क्षेत्र नं-२  अन्तर्गत पर्ने डुडुवा गाउँपालिका,मिलनचोकमा जनताका अपेक्षा, गुनासा र सुझाव उहाँहरुकै साथमा रहेर प्रत्यक्ष सुन्यौ साथै ,नेपालगञ्जमा स्थानीय समुदायका समस्या, कृषि ,पूर्वाधार विकास ,… https://t.co/Qs1vktLSVL",262,20,20,11862,1292512
1.77904E+18,NC,thapagk,Gagan Thapa,4/13/2024,12:41:46,"संवाद यात्रा निरन्तर!

हाम्रो यो चरणको संवाद यात्रा बाँके देखि कञ्चनपुरसम्म। नयाँ वर्षको शुभकामना साटासाट गर्दै तपाईंसँग संवाद र भेटघाटका लागि बैशाख १ देखि ४ गते सम्म तपाइँकै ठाउँमा ! https://t.co/jDyJNNv3xj",273,31,28,9840,1292512
1.77899E+18,NC,thapagk,Gagan Thapa,4/13/2024,9:28:40,नव वर्ष २०८१ को पावन अवसरमा सम्पूर्णमा हार्दिक मंगलमय शुभकामना! https://t.co/V2PmQihbyT,882,35,106,30932,1292512
1.77878E+18,NC,thapagk,Gagan Thapa,4/12/2024,19:04:52,"इलाम तयार छ!
इलामको फाकफोकथुम गाउँपालिकाको सिकारी भञ्ज्याङ्, आमचोक लगायतका ठाँउमा पुग्दै गर्दा इलाम-२ मा हुन लागेको उप-चुनावमा इलाम चिनेको, इलामवासीका समस्या बुझेको र समाधानको लागि निरन्तर लागि परेको अनि  समस्या बल्झाउन होइन सम्हाल्न सक्ने व्यक्तिलाई प्रतिनिधि चुन्न इलाम तयार छ ।… https://t.co/VG9x742qI0",363,38,47,20950,1292512
1.7787E+18,NC,thapagk,Gagan Thapa,4/12/2024,13:47:29,एसीसी प्रिमियर कप २०२४ मा उच्च प्रदर्शन सहित सफलताको लागी नेपाली राष्ट्रिय क्रिकेट टिमलाई हार्दिक शुभकामना ! https://t.co/kkVesecJqW,207,16,13,8883,1292512
1.77838E+18,NC,thapagk,Gagan Thapa,4/11/2024,16:50:28,"चिकित्सा शिक्षा सम्बन्धी जाँचबुझ आयोगको प्रतिवेदन सार्वजनिक गर्ने कार्यका लागि शिक्षा मन्त्रीज्यूलाई धन्यवाद !

आयोग बन्ने तर प्रतिवेदन सार्वजनिक नहुने अनि कार्यान्वयन त हुँदै नहुने प्रवृत्तिमा बिचमा प्रतिवेदन सार्वजनिक गर्नु  नै आफैमा सकारात्मक छ। प्रतिवेदनले उजागर गरेका…",725,71,216,90476,1292512
1.7783E+18,NC,thapagk,Gagan Thapa,4/11/2024,11:45:07,ईद मुबारक ! “ईद उल फित्र”को अवसरमा सम्पूर्ण मुस्लिम धर्मावलम्बीहरूमा हार्दिक शुभकामना ! https://t.co/p1qOHyvMe5,267,16,5,10809,1292512
1.77771E+18,NC,thapagk,Gagan Thapa,4/9/2024,20:26:26,वि.सं.२०४७ पछाडिका भ्रष्ट्राचारका जति पनि काण्डहरू छन् तिनको निष्पक्ष  छानबिन गरौँ र दोषीलाई कारबाही गरौँ भन्ने कुरा निरन्तर राख्दै आएको थियौं । आज रास्वपाका साथीहरूले पनि त्यस्तै कुरा राख्नु भएको कुरा आएको छ।नीतिगत लगायतका सबै भ्रष्टाचारको छानबिन गरौँ।कसरी सम्भव छ त ? बिस्तार यो… https://t.co/nQ3o2nVRNx,951,267,299,239310,1292512
1.7766E+18,NC,thapagk,Gagan Thapa,4/6/2024,18:56:21,साँझको समयमा गोरखा मनकामना । https://t.co/3weudXYv2x,1584,46,265,61071,1292512
1.77589E+18,NC,thapagk,Gagan Thapa,4/4/2024,19:44:10,"अहिले त्रिविका उपकुलपति स्वयंले दलीय प्रभावबाट अलग रहेर प्रचलित कानून बमोजिम रेक्टर र रजिष्टार लगायतका पदाधिकारी नियुक्ति अगाडि बढाउन खोजेको देख्दा केही आशा पलाएको थियो । तर, त्यो प्रयासलाई पनि प्रधानमन्त्रीले रोक्नुभयो भन्ने खबर छ ।  
प्रधानमन्त्रीज्यू ( @PM_nepal_ @cmprachanda… https://t.co/4ZettMaJyv",310,65,72,34646,1292512
1.77551E+18,NC,thapagk,Gagan Thapa,4/3/2024,18:54:31,"समुन्नत नेपालको हाम्रो आकाङ्क्षा पुरा गर्न निजामती सेवालाई त्यसअनुरुप आधुनिक बनाउनुपर्नेछ।यो क्षेत्रलाई आकर्षित बनाइ योग्य व्यक्ति भित्राउने,टिकिराख्ने र सिकिराख्ने,प्राज्ञिक हिसाबले काबिल, नैतिक हिसाबले प्रतिबद्ध र उत्कृष्ट सेवा बनाउनु पर्नेछ।प्रस्तावित विधेयकको उद्देश्य ठिक… https://t.co/IrawMQVKk9",318,48,77,33651,1292512
1.77479E+18,NC,thapagk,Gagan Thapa,4/1/2024,19:29:14,"तराई मधेसका विभिन्न ठाउँमा निलगाई वन्यजन्तुका कारण किसानले ठुलो सास्ती भोग्नुपरेको छ। अत: तत्काल निलगाईलाई कृषि हानिकारक वन्यजन्तुको रुपमा घोषणा गर्न तथा निलगाई, बाँदर लगायतको दीर्घकालिक व्यवस्थापनको लागि आवश्यक अध्ययन गरी उपयुत्त समाधान खोज्न सरकारको ध्यानाकर्षण! https://t.co/ldIcuYlPRC",319,51,177,23207,1292512
1.7743E+18,NC,thapagk,Gagan Thapa,3/31/2024,10:48:06,"*संवाद यात्रा*
संवाद यात्राको यो चरणमा हिजो दाङ र बाँकेमा हुलाकी राजमार्ग आसपासका समुदायसंग संवाद गरी काठमाडौं फर्केको छु। यसपटक खुला छलफल,उद्योग व्यवसाय,शिक्षा,स्वास्थ्य,कृषि लगायतको विषयमा सरोकारवालासंग अन्तरक्रिया, अवलोकनका साथै पार्टीको तल्लो तहमा क्रियाशील साथीसंग… https://t.co/TTJXyr8I89",322,29,78,31915,1292512
1.77388E+18,NC,thapagk,Gagan Thapa,3/30/2024,6:46:33,"*संवाद यात्रा*
संवाद यात्राका क्रममा कपिलवस्तु; लबनीमा खुला संवाद, तौलिहवा पार्टी कार्यालयमा पार्टीका साथीहरूसंग भेटघाट तथा अन्तरक्रिया, महाराजगञ्ज नगरपालिकामा जनप्रतिनिधि संवाद, बहादुरगञ्जमा चिया संवाद र चन्द्रौटामा खुला अन्तरक्रिया गर्यौं। संवाद र भेटघाटमा आम जनताको दैनिकीसंग… https://t.co/JZ04UwMTjC",280,36,41,13129,1292512
1.77361E+18,NC,thapagk,Gagan Thapa,3/29/2024,13:00:11,"*संवाद यात्रा*
संवाद यात्राका क्रममा रुपन्देहीमा; रोहिणी गाउँपालिका धकधईमा खुला संवाद,भैरहवामा उद्योग व्यवसायी संवाद, लुम्बिनी बौद्ध विश्वविद्यालयमा शिक्षा संवाद र मायादेवी गाउँपालिकामा स्थानीय तहका कर्मचारीसंग संवाद गर्यौं। सिद्धार्थनगर,मायादेवी र लुम्बिनी सांस्कृतिक भैसैयामा… https://t.co/ku7nAwwrEO",352,43,63,22262,1292512
1.77332E+18,NC,thapagk,Gagan Thapa,3/28/2024,17:37:37,"*संवाद यात्रा*
संवाद यात्राको यो चरणमा आज दिनभर नवलपरासीका हुलाकी राजमार्ग आसपासका विभिन्न स्थानमा किसानसंग मल विउ र मुल्यको कुरा,शिक्षक विद्यार्थी अभिभावकसंग शिक्षाको गुणस्तरको कुरा,उद्योगी व्यवसायीसंग व्यवसायिक लगानी ऋण र व्यबस्थापनका कुरा,सिमाना भूमि र सुकुमबासीका… https://t.co/E1zcwk2sLG",344,38,61,18675,1292512
1.77291E+18,NC,thapagk,Gagan Thapa,3/27/2024,14:35:41,"अब हाम्रो भेट र भलाकुसारी संवाद यात्रामा!

हामीले माघ १३ गते मेची पुलबाट सुरु गरेको संवाद यात्रा माघ २२ गते नवलपरासीको गोपीगञ्ज सम्म आएर रोकिएको थियो। हाम्रो संवाद यात्राको शृङ्खला त्यहीँ ठाउँबाट पुनः सुरु हुदैछ। यो चरणको यात्राका क्रममा हामी यहीँ १५ ,१६ र १७ गते नवलपरासी,… https://t.co/505lD62CMr",470,65,118,55894,1292512
1.77043E+18,NC,thapagk,Gagan Thapa,3/20/2024,18:43:26,"थोरै व्यक्तिगत, पारिवारिक कुराकानी अनि थोरै सुरुवाती राजनितिक यात्रा, अबको बाटाे, नेतृत्व, नीति निर्माणका अफ्ट्याराहरु, देशमा युवा उद्यमी तथा उद्यमशीलताको सम्भावना र तत्त्काल सुल्झाउनु पर्ने विषय लगायतका सन्दर्भमा नरोत्तम दाईसँग केहि औपचारिक र केहि अनौपचारिक कुराकानी ।…",485,48,168,71274,1292512
1.76969E+18,NC,thapagk,Gagan Thapa,3/18/2024,17:14:48,"नक्कली भुटानी शरणार्थी प्रकरण, बाँसबारी छाला जुत्ता प्रकरण, टेरामेक्स, एनसेल, सुन काण्ड, सहकारी काण्ड आदिमा संलग्न भएको एकजनाले पनि उन्मुक्ति नपाओस्। नेता होस् कि नाता पर्ने होस्, रूखको छहारीमुनि बस्ने होस् कि घाम ताप्ने होस् कि हँसिया हतौडा बोक्ने होस् कि घन्टी बजाउने होस्, दोषी… https://t.co/QNRgKvQxor",1057,218,318,129518,1292512
1.76922E+18,NC,thapagk,Gagan Thapa,3/17/2024,10:13:57,"The Office of MP @MPOfficeKtm4  successfully conducted the second session of Skill Up on Effective Communication and Public Speaking. 

Skill Up is a monthly series where by we organize trainings to enhance skills essential for the job market. What would you want the next session… https://t.co/NyWmRDeGUp",153,14,14,11194,1292512
1.76753E+18,NC,thapagk,Gagan Thapa,3/12/2024,18:21:21,"आजको दिनमा TripAdvisor मा 'Sherpa' रेष्टुरेन्ट पुरै Amsterdam शहर भरी २ नम्बरमा पर्छ। 
त्यसका एक सञ्चालक सालिक गौतम नेपाली काँग्रेसका महासमिति सदस्य मात्र होइनन्, गज्जबका उद्यमी पनि हुन। 
नेपालीहरूले जहाँ भए पनि गज्जब गर्न सक्छन् र काँग्रेस उद्यमीहरूको पार्टी हो भन्ने कुरा… https://t.co/66qsVkluPL",455,36,192,48059,1292512
1.76597E+18,NC,thapagk,Gagan Thapa,3/8/2024,11:10:26,"सुरक्षा,सहभागिता,समता र सम्मान!
अन्तर्राष्ट्रिय नारी दिवसका अवसरमा स्वदेश तथा विदेशमा रहनु भएका सम्पूर्ण महिला दिदी बहिनीहरूमा हार्दिक शुभकामना! https://t.co/342vo8DEm5",217,15,11,9362,1292512
1.76591E+18,NC,thapagk,Gagan Thapa,3/8/2024,7:10:02,ॐ नमः शिवाय || महाशिवरात्रिको शुभकामना ! https://t.co/ooTxUlIaTZ,429,72,132,14570,1292512
1.76535E+18,NC,thapagk,Gagan Thapa,3/6/2024,17:49:15,"कुनै अलमलमा नपरौँ।धोका दिने नै नियत भएकाले,आज नभए भोलि धोका दिन्थे नै! त्यसैले अब कांग्रेसलाई Rebuild, Restart र Restrengthen गरौँ।
जय नेपाल ! https://t.co/BDz7xvJhgG",1216,146,259,99317,1292512
1.76378E+18,NC,thapagk,Gagan Thapa,3/2/2024,9:59:10,रसुवाको गोसाइँकुण्ड दर्शन एवं लाङटाङ खोई हि क्षेत्र भ्रमण। https://t.co/KQZKKhGnMN,554,11,55,37910,1292512
1.7621E+18,NC,thapagk,Gagan Thapa,2/26/2024,18:43:18,वरिष्ठ गायक तथा संगीतकार भजन शिरोमणि भक्तराज आचार्यप्रति हार्दिक श्रद्धाञ्जली! भौतिक रुपमा उहाँ हामीमाझ नरहेपनि उहाँका कालजयी गीत तथा भजन चिरकालसम्म गुञ्जिरहनेछन। उहाँको वैकुण्ठ बासको कामना सहित शोक सन्तप्त परिवार प्रति गहिरो समवेदना ! https://t.co/j5wV3GSrXm,392,19,39,18772,1292512
1.7594E+18,NC,thapagk,Gagan Thapa,2/19/2024,8:08:42,प्रजातन्त्र दिवस २०८० को शुभकामना ! https://t.co/hvZEFuuGGz,315,20,21,12772,1292512
1.75924E+18,NC,thapagk,Gagan Thapa,2/18/2024,21:23:13,संसदमा आज सम्माननीय प्रधानमन्त्री सँग मेरो प्रश्न - 'अर्थतन्त्रमा आएको समस्या र त्यसको सुधारको लागि के के काम गर्दै हुनुहुन्छ ? ' https://t.co/XDgcvL9TXb,448,44,71,46276,1292512
1.75759E+18,NC,thapagk,Gagan Thapa,2/14/2024,8:19:31,"सरस्वती मया दृष्टा वीणा पुस्तक धारिणी।।
हंस वाहन संयुक्ता विद्यादानं करोतु मे।।

सरस्वती पूजाको शुभकामना ! https://t.co/iEw3brb896",505,17,11,18608,1292512
1.75699E+18,NC,thapagk,Gagan Thapa,2/12/2024,16:34:59,"What a way to clinch a bilateral series!

Two individual centuries from Anil &amp; Bhim in a final match to make it a 3-0 series win against Canada.

Congratulations, Team Nepal ✨ #NEPvCAN 
📸:@CricketNep https://t.co/3kVjHUB2Hg",209,19,11,8633,1292512
1.7563E+18,NC,thapagk,Gagan Thapa,2/10/2024,18:36:57,क्षेत्रका युवाहरूको रोजगारी र उद्यमशीलतालाई सहयोग पुर्‍याउने उद्देश्यले सुरु गरिएको Skill Up कार्यक्रमको पहिलो सत्र अन्तर्गत आज सांसद को कार्यालयले MS Excel Workshop को आयोजना गरेको छ । https://t.co/qeIyC6aNDQ,208,23,104,16118,1292512
1.75615E+18,NC,thapagk,Gagan Thapa,2/10/2024,8:27:29,सोनाम ल्होसारको उपलक्ष्यमा सम्पूर्णमा हार्दिक शुभकामना ! https://t.co/YfWEubfzsr,181,21,113,9573,1292512
1.75526E+18,NC,thapagk,Gagan Thapa,2/7/2024,21:45:59,"संसदमा आज :  सदन र सरकारलाई परिणाममुखी बनाउने बारे कुरा

जबसम्म कार्यशैली फेरिँदैन परिणाम पनि फेरिँदैन। निर्देशन मात्रैले परिवर्तन ल्याउँछ भन्ने सोचबाट सरकार बाहिर आउनुपर्छ। उही काम गरेर फरक परिणामको अपेक्षा गर्नु मूर्खता मात्र हुन्छ यसको सुरुवात प्रधानमन्त्रीबाटै हुनुपर्छ । https://t.co/AgukBVjTdW",259,29,88,71959,1292512
1.75524E+18,NC,thapagk,Gagan Thapa,2/7/2024,20:33:25,"संसदमा आज :
अर्थतन्त्रमा केही सुधार आएको छ। सूचकाङ्क सकारात्मक बन्दै छन्। तर सकारात्मक सूचकाङ्कले पनि किन नागरिकलाई सहजता भएको छैन? आन्तरिक अर्थतन्त्रमा ठुलो शिथिलता आएको छ। पुँजीगत खर्च गर्न हामी सकिरहेका छैनौँ। यसको हल निकाली नागरिकलाई अर्थतन्त्र फेरि लयमा फर्कने छ भनेर आशा दिन… https://t.co/qZwhhokak1",271,41,48,26603,1292512
1.75523E+18,NC,thapagk,Gagan Thapa,2/7/2024,19:27:07,"संसदमा आज - स्वास्थ्यका कुरा : 

स्वास्थ्य बिमा ऐनको प्रभावकारी कार्यान्वयन गरौँ। सबै नेपालीको अनिवार्य स्वास्थ्य बिमा र बिमा मार्फत गुणस्तरीय स्वास्थ्य सेवा सुनिश्चित गरौँ । https://t.co/CQOZQY9a4A",171,33,43,9804,1292512
1.75521E+18,NC,thapagk,Gagan Thapa,2/7/2024,18:09:27,"आज संसदमा -

विद्यालयका बालबालिकाको सिकाइको स्तर चिन्ताजनक छ। विश्वविद्यालयमा हुने राजनीतिक हस्तक्षेपले त्यहाँको पढाइको गुणस्तरमा असर त परेको छ नै विद्यार्थीहरूमा नैराश्यता बढेको छ। शिक्षा सुधारका विषयमा सरकारले तत्काल गर्न सक्ने सुधारहरूमा अब कति पनि ढिलाई गर्नु हुँदैन। https://t.co/ec5tymTLml",230,52,75,15010,1292512
1.75519E+18,NC,thapagk,Gagan Thapa,2/7/2024,17:19:46,"जो सुकै होस् । जति सुकै शक्तिशाली होस् ।
राजनीतिक होस् कि आर्थिक शक्ति होस् ।
चाहे जग्गा मिच्ने होस्, चाहे नागरिकताको कीर्ते गर्ने होस् ।
चाहे सहकारीमा ठग्ने होस् । यताको होस् । उताको होस् ।
कसैले पनि उन्मुक्ति पाउनु हुँदैन ।

आज संसदमा … https://t.co/KHpYqnKgmm",508,96,194,87831,1292512
1.75482E+18,NC,thapagk,Gagan Thapa,2/6/2024,16:52:48,"The first session of the Skill Up series is here!
Skill Up is a monthly initiative of the Office of MP designed for the Youths of Kathmandu Constituency 4. The program aims to support the youths in the constituency by providing them with a platform that can help them nurture… https://t.co/d7Ob6FFwca",108,15,4,8905,1292512
1.75475E+18,NC,thapagk,Gagan Thapa,2/6/2024,11:39:35,"नेपाली कांग्रेसका निष्ठावान नेता,केन्द्रीय सदस्य केशवकुमार बुढाथोकीको असामयिक निधनमा पार्टी शोकमा भएकोले समुदायमा कांग्रेस अभियानका कार्यक्रम हाललाई स्थगित गरिएको छ।संवाद यात्राका स्थगित कार्यक्रमहरू पछि मिति तय गरी सोही स्थानबाट पुनः सुचारु हुनेछन। https://t.co/JFAcqKFC2g",162,20,7,11468,1292512
1.7547E+18,NC,thapagk,Gagan Thapa,2/6/2024,8:55:59,"नेपाली कांग्रेसका एक निष्ठावान् योद्धा, केन्द्रीय सदस्य, पूर्व मन्त्री केशवकुमार बुढाथोकीको विराट मेडिकल कलेज विराटनगरमा उपचारका क्रममा निधन भएको खवरले अत्यन्तै मर्माहत बनाएको छ। उहाँको आत्माको चिर शान्तिको कामना गर्दै शोक सन्तप्त परिवार प्रति समवेदना प्रकट गर्दछु। https://t.co/jvg3AImv5b",119,6,25,10424,1292512
1.75414E+18,NC,thapagk,Gagan Thapa,2/4/2024,19:15:32,"*समुदायमा कांग्रेस अभियान अन्तर्गत संवाद यात्राका क्रममा पर्सामा*
खुला संवाद, पत्रकार संवाद, उद्योग व्यवसायी संवाद र पार्टी भेटघाटमा म सहित सहमहामन्त्रीहरू बद्री पाण्डे र जीवन परियारजी लगायत पार्टीका साथीहरूको अन्तरक्रिया।
संवाद तथा सरोकारवालासंग भेटघाटको क्रममा स्थानीयवासीले… https://t.co/WrCVCdzKDU",246,30,26,20742,1292512
1.75377E+18,NC,thapagk,Gagan Thapa,2/3/2024,18:55:32,"*समुदायमा कांग्रेस अभियान अन्तर्गत संवाद यात्राका क्रममा बारामा*
समुदायमा खुला संवाद, युवा संवाद, कृषि संवाद, पर्यावरण र श्रम संवाद तथा पार्टीका साथीहरूसंगको भेटघाट र अन्तरक्रिया। संवादका क्रममा युवा र रोजगारीको विषय, कृषि उत्पादन, सिंचाइ र मलको विषय, वन विनास र पर्यावरणको विषय,… https://t.co/7usyvWOCNI",255,23,17,15045,1292512
1.75362E+18,NC,thapagk,Gagan Thapa,2/3/2024,9:09:16,"समुदायमा कांग्रेस अभियान अन्तर्गत संवाद यात्राका क्रममा रौतहटमा
खुला संवाद तथा सरोकारवालासंग भेटघाटको क्रममा स्थानीयवासीले डुबानको विषय, चिनी मिल नभएको कारण हुने समस्या, विद्यालयमा शिक्षकको अभाव, वैदेशिक रोजगारमा फ्रि भिषा भन्दै ठगिएको लगायतका विषय उठाउनुभयो। https://t.co/bUl2obrLSD",228,20,10,11044,1292512
1.75341E+18,NC,thapagk,Gagan Thapa,2/2/2024,18:59:01,"*समुदायमा कांग्रेस अभियान अन्तर्गत संवाद यात्राका क्रममा सर्लाहीमा*
कौडेना गाउँपालिकाले संचालन गरेको सामुदायिक अस्पतालको अवलोकन, मलङगवा लगायत भिभिन्न ठाउँमा खुला संवाद तथा सरोकारवालासंग भेटघाट। संवादको क्रममा स्थानीयवासीले प्रशासन कार्यालयहरुमा हुने समस्या, मलको उपलब्धता र असमान… https://t.co/DSpf0bzyje",165,10,16,9572,1292512
1.75335E+18,NC,thapagk,Gagan Thapa,2/2/2024,15:20:47,"*समुदायमा कांग्रेस अभियान अन्तर्गत संवाद यात्राका क्रममा महोत्तरीमा*
बलवामा परौल स्थानको दर्शन, सम्सीमा शहीद शिवचन्द्र मिश्रको सालिक अनावरण। लोहारपट्टी, बलवा, मनरा सिस्वा, सम्सीमा समुदायमा खुला संवाद तथा सरोकारवालासंगको छलफल र अवलोकनका क्रममा स्थानीयवासीले 'लम्पी स्किन' बाट… https://t.co/ch2vHNC0iL",192,19,18,10560,1292512
1.753E+18,NC,thapagk,Gagan Thapa,2/1/2024,16:04:28,"समुदायमा कांग्रेस अभियान अन्तर्गत संवाद यात्राका क्रममा सिरहा जिल्लामा प्राविधिक शिक्षालयको आवश्कता, दलित आरक्षण मध्य मधेशी दलित समुदायको सहभागिताको विषय, तराईमा बढ्दो लागू पदार्थ दुर्व्यसन समस्या, कृषि कोल्ड स्टोरको आवश्यकता, सिंचाई सुविधाको विषय, विकास निर्माणमा ढिलासुस्ती… https://t.co/0HXUybxLuR",155,16,8,8884,1292512
1.7527E+18,NC,thapagk,Gagan Thapa,1/31/2024,20:01:09,"यात्राको क्रममा सप्तरी राजविराजको गजेन्द्र नारायण सिहं अस्पतालमा। त्यहाँ बालबच्चाको कुपोषण, कार्यरत स्वास्थ्यकर्मीका समस्या लगायत भवन हस्तान्तरणको विषयमा कुराहरु भयो! https://t.co/SCz6B4bmtH",308,39,20,19043,1292512
1.75235E+18,NC,thapagk,Gagan Thapa,1/30/2024,21:07:27,"""समुदायमा कांग्रेस"" अभियान अन्तर्गत आज शहीद दिवसको दिन देशभर वडा तहका कार्यक्रम सुरु भएका छन। आज म आफू क्रियाशील रहेको का.म.न.पा वडा न. ३० को कार्यक्रममा सहभागी हुनको लागि 'संवाद यात्रा' एक दिनको लागी थाती राख्दै काठमाडौँ आएको छु। आज यहाँ अभियान अन्तर्गत 'सम्पदा सरसफाई' कार्यक्रम… https://t.co/NCtS4spWnb",202,20,10,14141,1292512
1.75227E+18,NC,thapagk,Gagan Thapa,1/30/2024,15:41:08,"आज शहीद दिवस!
स्वतन्त्रता र जनअधिकारका लागि प्राण आहुति दिने सम्पूर्ण ज्ञात अज्ञात शहीदहरूमा हार्दिक नमन ! 
समुदायमा कांग्रेस अभियान अन्तर्गत संवाद यात्राका क्रममा आजै आदरणीय गुरू घिमिरे सहित हामी धनुषा शहीद नगर यदुकुहामा पुगेर शहीद कामेश्वर मण्डल, कुशेश्वर यादवको सालिकमा… https://t.co/0XPiZFulz8",175,8,10,11479,1292512
1.75203E+18,NC,thapagk,Gagan Thapa,1/29/2024,23:47:27,"हामी अहिले राती ११ बजिसक्दा पनि सिराहा ओैरहीका कृषक तथा स्थानीयहरू सँग संवादमा छौँ।

सिराहा आइपुग्दा थोरै ढिला भएकाले पूर्वनिर्धारित ठाउँमा थोरै ढिला नै पुगियो। तर चिसो, रात केही नभनी यति अबेर सम्म म सँग भेटेर संवाद गर्न कुरेर बसिदिनु भएकोमा औरहीवासी लाई नमन! https://t.co/LPw1t8Szo5",393,29,67,24829,1292512
1.75198E+18,NC,thapagk,Gagan Thapa,1/29/2024,20:19:15,"समुदायमा कांग्रेस अभियान सप्तरीमा

सप्तरीमा हिजो बेलुका आयौँ र आज दिउसोभर जसो यहीँ रह्यौ। सप्तरीमा रहँदा राजविराजको गजेन्द्र नारायण सिंह अस्पताल, डाग्नेश्वरीको पत्थरगढा, बोदेबर्साइनमा पार्टीका साथीहरूका साथमा स्थानीय आम समुदायसँग खुल्ला संवाद र भेटघाट गर्‍यौ। सप्तरी बासीको माया,… https://t.co/E4Jxu6UsSm",267,25,35,15459,1292512
1.75155E+18,NC,thapagk,Gagan Thapa,1/28/2024,16:17:35,"आज नेपालको लोकतान्त्रिक आन्दोलन र महिला मुक्ति आन्दोलनको योद्धा श्रद्धेय नोना कोइरालाको स्मृति दिवस!
समुदायमा कांग्रेस अभियानका क्रममा आजै विराटनगरस्थित पार्टी कार्यालय पुगेर उहाँको सालिकमा माल्यार्पण गर्ने अवसर मिल्यो।
उहाँप्रति हार्दिक श्रद्धाञ्जली! https://t.co/bc19LePlbe",155,7,11,8229,1292512
1.75126E+18,NC,thapagk,Gagan Thapa,1/27/2024,20:50:42,"आजबाट 'समुदायमा कांग्रेस अभियान' प्रारम्भ भयो!
हामी, हाम्रो अभियान मेची पुलबाट सुरु गरेर, कञ्चनश्री, झापा बजार, कञ्जीवारी, खजुरगाछी हुँदै अहिले मोरङ आइपुगेका छौँ।
हामीले अभियानको क्रममा यात्रा गर्ने घोषणा पछि सबैजनाले 'कम सुनाउने बढी सुन्ने गर्नुपर्छ है!' भनेर सुझाव दिनुभएको छ।… https://t.co/nYsbUxaALy",403,50,73,37107,1292512
1.75083E+18,NC,thapagk,Gagan Thapa,1/26/2024,16:27:24,काठमाडौं क्षेत्र नं ४ मा सार्वजनिक शौचालय सहितको बगैंचा एवं चालू आर्थिक बर्ष २०८०/०८१ का याेजनाहरूकाे (सडक) अनुगमन तथा अन्तरक्रिया । २०८० माघ १२ https://t.co/c0L2lIJg6t,190,11,22,17189,1292512
1.75074E+18,NC,thapagk,Gagan Thapa,1/26/2024,10:30:23,"आज माघ १२, नेपाली कांग्रेसको ७८औँ स्थापना दिवस!

यस अवसरमा सबै कांग्रेस कार्यकर्ता तथा शुभेच्छुकहरूमा शुभकामना! पार्टी स्थापनाकाल देखि आजसम्म पार्टी निर्माणमा योगदान पुर्‍याउनुहुने सम्पूर्ण श्रद्धेय नेतागण, बलिदानी दिने सहिद तथा योद्धाहरू प्रति हार्दिक नमन गर्न चाहन्छु। हामीले,… https://t.co/aJISqriGcj",302,35,84,35829,1292512
1.75049E+18,NC,thapagk,Gagan Thapa,1/25/2024,18:04:37,राष्ट्रिय सभा सदस्यमा निर्वाचित हुनुहुने सबैमा हार्दिक बधाई तथा सफल कार्यकालको शुभकामना !,268,13,86,38328,1292512
1.74976E+18,NC,thapagk,Gagan Thapa,1/23/2024,17:11:27,"संवाद यात्रा
अब तपाईँसँग मेरो भेट तपाईँकै गाउँमा, तपाईंकै ठाउँमा !
समुदायमा कांग्रेस अभियान अन्तर्गत म माघ १३ गते भद्रपुर वडा नं.५ मेचीपुल भन्सारबाट तपाईँसंगको संवाद यात्रामा हुनेछु। https://t.co/BCj6Oe5Unu",497,85,160,121488,1292512
1.74888E+18,NC,thapagk,Gagan Thapa,1/21/2024,7:17:07,आज न्यूजिल्याण्डसंग को पहिलो खेल संगै विश्व कपको सबै खेलमा उत्कृष्ट प्रदर्शनीको हार्दिक शुभकामना ! Best Wishes Boys https://t.co/DuNTuhbonX,307,17,25,17664,1292512
1.74672E+18,NC,thapagk,Gagan Thapa,1/15/2024,8:23:43,"माघे संक्रान्ति, माघी, मकर स्नान, घ्यु चाकु खाने दिनको उपलक्ष्यमा सम्पूर्णमा हार्दिक मंगलमय शुभकामना !",269,10,25,21993,1292512
1.74141E+18,NC,thapagk,Gagan Thapa,12/31/2023,16:14:10,तमु ल्होसार २०८० को पावम अवसरमा देश विदेशमा रहनुभएका सम्पूर्ण नेपाली दाजुभाइ दिदीबहिनीहरूमा हार्दिक मंगलमय शुभकामना!,186,12,34,23436,1292512
1.74E+18,NC,thapagk,Gagan Thapa,12/27/2023,19:22:49,"मेरा मित्र तथा कांग्रेसका एक निष्ठावान् योद्धा, नेपाली कांग्रेस रामेछाप-काठमाडौँ सम्पर्क समितिका सभापति राजनारायण श्रेष्ठको असामयिक निधन भएको खबरले अत्यन्तै मर्माहत बनाएको छ। उहाँको आत्माको चिर शान्तिको कामना गर्दै शोक सन्तप्त परिवार प्रति समवेदना प्रकट गर्दछु। https://t.co/UOKCrLbW6s",147,7,22,14748,1292512
1.73952E+18,NC,thapagk,Gagan Thapa,12/26/2023,11:34:25,"धान्य पूर्णिमा,उधौली पर्व र य:मरी पुन्हीको उपलक्ष्यमा देशभित्र र बाहिर रहनुभएका सम्पूर्ण नेपाली दिदीबहिनी दाजुभाइहरूमा हार्दिक मङ्गलमय शुभकामना !",152,9,14,14241,1292512
1.73926E+18,NC,thapagk,Gagan Thapa,12/25/2023,18:10:37,"उदयपुर कटारी अस्पतालमा अस्पताल व्यवस्थापन, सेवा प्रवाहको अवस्था र समन्वय लगायतका विषयमा जनप्रतिनिधि र अस्पताल टीम संगको छलफल। https://t.co/IxOxRMNEm7",324,35,20,33517,1292512
1.73916E+18,NC,thapagk,Gagan Thapa,12/25/2023,11:10:55,क्रिसमसको उपलक्ष्यमा सम्पूर्ण ईसाई धर्मावलम्वीहरूमा हार्दिक मंगलमय शुभकामना !,150,3,19,21314,1292512
1.73894E+18,NC,thapagk,Gagan Thapa,12/24/2023,20:51:55,"आज श्रद्धेय: नेता कृष्ण प्रसाद भट्टराईको शताब्दी जन्म दिवस!
लोकतान्त्रिक आन्दोलनमा उहाँको योगदान र आजको सन्दर्भबारे आज पार्टी कार्यालय, सानेपामा विमर्श गर्यौं। विमर्श सभामा पाल्नुभएका वक्ताद्वय श्री निलाम्बर आचार्य र श्री सिके लाल एवं सहजकर्ता डा. नवराज लम्सालप्रति कृतज्ञता… https://t.co/MruF2g5imO",339,24,202,31599,1292512
1.73856E+18,NC,thapagk,Gagan Thapa,12/23/2023,19:50:40,२०७९ को आम चुनावबाट निर्वाचित भएर म तपाईँको सांसदको रूपमा शपथ खाएको आज ठिक एक वर्ष भएको छ। निर्वाचनका क्रममा मैले तपाईंको जनप्रतिनिधि भएर गरेका प्रयासलाई तपाईंहरू समक्ष आवधिक रुपमा प्रस्तुत गर्ने बाचा गरेको थिएं। त्यसै अनुसार यो भिडियो मार्फत मैले यस एक वर्षमा गरेका कामहरू… https://t.co/9RhkfAEj8I,474,53,67,38793,1292512
1.73849E+18,NC,thapagk,Gagan Thapa,12/23/2023,15:10:51,कोशी विराटनगरमा .. https://t.co/HTifCN87ZL,141,6,8,12442,1292512
1.73838E+18,NC,thapagk,Gagan Thapa,12/23/2023,7:33:31,नेपाली कांग्रेस उदयपुर - प्रथम जिल्ला सम्मेलन https://t.co/8OjVVZg2pR,154,7,14,12588,1292512
1.73819E+18,NC,thapagk,Gagan Thapa,12/22/2023,19:07:42,"नेपाली कांग्रेस प्रथम मधेस प्रदेश सम्मेलन, जनकपुरधाम https://t.co/3VQ340gN0S",214,15,19,16154,1292512
1.73817E+18,NC,thapagk,Gagan Thapa,12/22/2023,17:43:50,प्रिय विश्व दाई जन्मदिनको सप्रेम शुभकामना! https://t.co/I49W32D6fs,740,14,115,52928,1292512
1.7381E+18,NC,thapagk,Gagan Thapa,12/22/2023,13:31:00,"नेपाली कांग्रेस प्रथम गण्डकी प्रदेश सम्मेलन, पोखरा https://t.co/gg5jdEQoq5",146,13,6,9110,1292512
1.73808E+18,NC,thapagk,Gagan Thapa,12/22/2023,11:44:39,"प्रजातन्त्र सेनानी एवं नेपाली कांग्रेसका संस्थापक सदस्य श्री रामनारायण मिश्रजीको ५६औँ पुण्य तिथिको अवसरमा गंगासागर, जनकपुरधाममा आयोजित श्रद्धाञ्जली एवं प्राथना सभा। https://t.co/5oLD4nEVER",188,10,18,17349,1292512
1.73776E+18,NC,thapagk,Gagan Thapa,12/21/2023,14:50:24,तनहुँ https://t.co/ASsfHNa5cE,220,11,106,16930,1292512
1.73746E+18,NC,thapagk,Gagan Thapa,12/20/2023,19:02:21,"कुश्मा, पर्वतमा .. https://t.co/6gwhw0sLyr",243,13,16,15829,1292512
1.73729E+18,NC,thapagk,Gagan Thapa,12/20/2023,7:39:50,"पाल्पा जिल्ला सम्मेलनका क्रममा भएको लापरवाही प्रति क्षमा चाहान्छु, ‘Sorry’!

सम्मेलनको लागि नगरपालिकाको तल्लो तलामा रहेको हल भाडामा लिएर त्यसमा नै मूल ब्यानर टाँगेर कार्यक्रम सुरु भएको थियो तर हल बाहिर रहनुभएका साथीहरूले पनि मेरो कुरा सुन्न पाउनु पर्‍यो भनेर माग गरेपछि, मन्तव्यको…",491,44,60,67960,1292512
1.73674E+18,NC,thapagk,Gagan Thapa,12/18/2023,19:21:07,पाल्पामा दुई दिन .. https://t.co/IwRnwjtBu4,278,15,26,16535,1292512
1.73632E+18,NC,thapagk,Gagan Thapa,12/17/2023,15:24:43,माता जानकीक भगवान श्रीरामक संग संपन्न शुभ विवाहक स्मृतिमे प्रतिवर्ष राजर्षि जनकक पुण्यभूमिमे मनाओल साँस्कृतिक पावनि विवाह पञ्‍चमी पावन अवसर‌पर समस्त नेपाली‌के हार्दिक शुभकामना व्यक्त करैत छी। https://t.co/3h5U5H3tCM,270,11,12,16493,1292512
1.73585E+18,NC,thapagk,Gagan Thapa,12/16/2023,8:15:14,"सरकारले उपयुक्त अध्ययन बिना दीर्घकालीन महत्वका निर्णय लिनु भनेको पनि कुशासन हो। यस्तै भएको छ, नयाँ स्टक एक्सचेन्जको अनुमति दिने प्रक्रियामा! कुनै बेला सरकार आफैले रोकेको स्टक एक्सचेन्जको अनुमति बाँड्ने निर्णय पुनः अर्को अध्ययन नगरी अगाडि बढाउन लागेको खबरहरू आएका छन। पुँजी बजारको… https://t.co/rqhPiFz6AM",537,60,127,69793,1292512
1.73494E+18,NC,thapagk,Gagan Thapa,12/13/2023,19:47:50,हाम्रो उच्च शिक्षा अस्त-व्यस्त छ। त्यसको प्रमुख कारण हो शिक्षामा भएको दलियकरण र विश्वविद्यालय नियुक्तिमा भएको भागबन्डा हो। यसमा हामी सबै उत्तिकै दोषी छौँ। तर यसलाई अब सच्चाउन पर्छ। उच्च शिक्षा सुधार र हाम्रा गल्ती सच्चाउने कुराको प्रस्थान बिन्दु हुन सक्छ देशकै जेठो र ठुलो… https://t.co/FaOLIVbW36,662,105,205,100507,1292512
1.73313E+18,NC,thapagk,Gagan Thapa,12/8/2023,19:52:23,"जाजरकोटमा झनै चिसो बढेको छ

अस्थायी आवास निर्माणका लागि भूकम्प प्रभावित क्षेत्रमा पुग्नु भएका केही साथीहरू अस्थायी टहराहरू निर्माण गरेर फर्कनु भएको छ।  केही साथीहरू अहिले प्रभावित क्षेत्रमा निरन्तर काम गरी राख्नु भएको छ।  

हामीले मङ्सिर २६ बाट पुस ६ गते सम्म अस्थायी आवास… https://t.co/A95QPUESaK",250,33,17,19289,1292512
1.73272E+18,NC,thapagk,Gagan Thapa,12/7/2023,17:08:19,"एनसेल प्रकरण: समिति बन्यो ठिक हुन्छ भन्ने अवस्था छैन,सशक्त खबरदारी आवश्यक छ

एनसेलको खरिदबिक्रीसँग जोडिएर सार्वजनिक भएका विषय हेर्दा प्रथम दृष्टिमा नै यो प्रकरणमा ठुलो अनियमितता भएको सहजै अनुमान लगाउन सकिन्छ।

तत्कालै यो प्रकरणमा विभिन्न तहबाट प्रश्न उठेकै छन्।संसदीय…",296,45,82,48757,1292512
1.73235E+18,NC,thapagk,Gagan Thapa,12/6/2023,16:43:10,"रुकुम पश्चिम सोती गाउँमा सङ्गठित र योजनाबद्ध रूपमा भएको नवराज विकसहित ६ युवाको हत्याका सन्दर्भमा अदालतले गरेको फैसला ऐतिहासिक छ। 

यो फैसलाले जातीय विभेद र छुवाछुतको आडमा हुने अपराधका विरुद्धमा हाम्रो न्याय प्रणाली सशक्त रूपमा उभिएको छ र नेपालको न्यायिक इतिहासमा यो फैसलाले एउटा…",311,45,16,25425,1292512
1.73129E+18,NC,thapagk,Gagan Thapa,12/3/2023,18:25:46,"समुन्नत नेपाल, सम्मानित नेपाली' बनाउने हाम्रो सपनाको सबैभन्दा महत्त्वपूर्ण विषय हरेक नागरिकलाई समान अवसर हो। हामीले कोही पनि व्यक्ति अपाङ्ग भएकै कारण त्यो अवसर बाट वञ्चित हुनुपर्ने अवस्थाको अन्त्य गर्नुपर्ने छ। समतामुलक कानुनको निर्माण गरी अपाङ्गता भएका व्यक्तिहरूलाई हरेक…",298,24,68,41525,1292512
1.73058E+18,NC,thapagk,Gagan Thapa,12/1/2023,19:12:54,"हामी निरन्तर अस्थाई आवास निर्माण अभियानमा छौँ।

भूकम्प  प्रभावित क्षेत्रमा १०० वटा अस्थाई आवास निर्माण गरी प्रदीप पौडेल लगायतका साथीहरू काठमाडौँ फर्किए लगत्तै नेपाली कांग्रेसका अन्य टोलीका साथीहरू अस्थाई आवास निर्माणका लागि जाजरकोट र पश्चिम रुकुममा हुनुहुन्छ। नेविसंघका साथीहरूले… https://t.co/JNYxTaiz5M",442,38,38,28926,1292512
1.73004E+18,NC,thapagk,Gagan Thapa,11/30/2023,7:46:16,"भूकम्प पीडितलाई अस्थायी घर बनाउन दिने रकम बिना झन्झट एकमुष्ट दिइनुपर्छ।

हिजो भएको पार्टी नेताहरूको छलफलमा, सरकारले अस्थायी आवास निर्माणका लागि दिने भनेको पचास हजार रुपैयाँ रकम एकै किस्तामा उपलब्ध गराउन सरकारको ध्यानाकर्षण गराउने भन्ने निर्णय भए अनुसार  प्रधानमन्त्री ज्युलाई…",280,32,44,35558,1292512
1.72871E+18,NC,thapagk,Gagan Thapa,11/26/2023,15:17:11,"गुल्मीको उत्साह नै बेग्लै!

म हिजो दिनभर गुल्मीमा थिए। यहाँ रहँदा रुरु- रेसुङ्गा घुमे। यहाँ अग्रज आमा- बुवा, युवा साथीहरू सँग भेटेर कुरा सुन्दै, साट्दै, बुझ्दै गरेर समय बित्यो। नेपाली कांग्रेस गुल्मीको जिल्ला सम्मेलन का लागि चिदिचौरमा जम्मा हुनुभएका साथीहरूको उपस्थिति र उत्साह… https://t.co/nDZt5BqSH6",634,43,118,67964,1292512
1.72841E+18,NC,thapagk,Gagan Thapa,11/25/2023,19:42:30,"अर्घाखाँचीमा रहँदा!

अर्घाखाँची नेपाली कांग्रेसको जिल्ला सम्मेलनमा सहभागी भएपछि म यहाँका विभिन्न ठाउँहरू पनि घुमे। सुपा देउरालीको दर्शन भयो। यहाँका युवा साथीहरू, उद्यमी, कृषक, तथा आम मानिसहरू सँग भेटघाट, भलाकुसारी भयो। अर्घाखाँचीको अपार माया, शुभेच्छा र आशीर्वाद लिएर आज गुल्मीमा… https://t.co/lCpvLsbNaA",499,32,93,63140,1292512
1.72801E+18,NC,thapagk,Gagan Thapa,11/24/2023,17:03:42,"नवलपुर, पश्चिम नवलपरासी, कपिलवस्तु, अर्घाखाँची हुँदै अबको भेट गुल्मी तिर !

पछिल्ला केही दिनमा सङ्गठनका साथीहरूसँगको भेटघाट, छलफलका साथै मैले आम मानिससँग दुख सुख साट्ने अवसर पाएँ। यो बुझाईको, सिकाईको यात्राको क्रममा म भोलि गुल्मी तिर हुने छु। मिले सम्म भेटौँ है! https://t.co/c8Hddt9IFg",250,15,42,25595,1292512
1.72798E+18,NC,thapagk,Gagan Thapa,11/24/2023,14:44:16,"म केही दिनका लागि पश्चिमको यात्रामा छु। नवलपुर हुँदै पश्चिम नवलपरासी र कपिलवस्तुका साथीहरूसँग भेटघाट, कुराकानी गर्ने अवसर मिल्यो। 

पार्टीको साथीहरू सँग सङ्गठनको बारेमा कुरा त भयो नै तर मेरो लागी सबैभन्दा उपयोगी भुईँ तहमा गएर आम मानिसका अहिलेका गुनासा, अपेक्षा बारे बुझ्नु रह्यो।… https://t.co/Z01hpdECVo",432,23,67,54304,1292512
1.72733E+18,NC,thapagk,Gagan Thapa,11/22/2023,19:54:47,"अबको केही दिन पश्चिम तिर हुनेछु।

नेपाली कांग्रेसका साथीहरूले विभिन्न ठाउँहरूमा पार्टीका कार्यक्रमहरू राख्नुभएको छ, हाम्रो साक्षात्कार त्यहाँ हुने नै छ। सँगै तपाईँहरूको गाउँ-ठाउँ, आँगन, पिँढी, चिया पसल, चौतारीहरूमा पनि भलाकुसारी गर्ने छु, गुनासाहरू सुन्ने छु, सुझाव लिने छु।

मेरो… https://t.co/uD7qwrYZ7N",561,41,202,82215,1292512
1.72723E+18,NC,thapagk,Gagan Thapa,11/22/2023,13:11:21,"भूकम्प प्रभावित क्षेत्रमा बढ्दो चिसोका कारण अवस्था दिनानुदिन दिन कष्टकर बन्दै छ। जाडोका कारण हुन सक्ने थप क्षतिलाई न्यूनीकरण गर्नका लागि हामीले जति सक्दो चाँडो अस्थायी आवासहरू बनाई सक्नु पर्ने छ। जोखिममा रहेका परिवारको अस्थायी आवास अहिले हाम्रो प्रमुख प्राथमिकता हो।  

प्रदीप… https://t.co/OH7R5TwzQg",391,55,34,39972,1292512
1.72644E+18,NC,thapagk,Gagan Thapa,11/20/2023,9:15:45,"२०१७ सालको क्रान्तिका योद्धा, प्रजातन्त्र सेनानी आदरणीय कृष्णविक्रम नेम्वाङको असामयिक निधनको खबरले स्तब्ध बनाएको छ। 

उहाँले नेपाली कांग्रेसमा दिएको योगदान र इतिहासकारका रूपमा इतिहास लेखन, सङ्कलन र व्याख्यामा निभाएको योगदान सदा स्मरणीय रहनेछ।

उहाँको आत्माको चीर शान्तिको कामना… https://t.co/JA4yA1VdCm",193,15,141,23547,1292512
1.72606E+18,NC,thapagk,Gagan Thapa,11/19/2023,8:09:31,सूर्य उपासना के पर्व छैठ पुजाके सम्पूर्ण मे हार्दिक मंगलमय शुभकामना। जय छठी मैया ! https://t.co/O1OLEj0CKq,305,7,14,18447,1292512
1.72439E+18,NC,thapagk,Gagan Thapa,11/14/2023,17:25:14,"प्रधानमन्त्रीले भन्नुभएछ- 'सत्तापक्ष र प्रतिपक्ष एक ठाउँमा उभिएर टिकटक बन्द गर्ने निर्णय गरिएको हो।'
प्रमज्यूलाई प्रश्न छ, कुन सहमति? हाम्रो पार्टी नेपाली कांग्रेस सँग कहाँ र कहिले भयो छलफल? कहाँ भयो सहमति? कहिले,कसले गर्‍यो सहमति? 

१)प्रमज्यू, पूर्व प्रधानमन्त्रीज्यूहरूको…",869,100,240,129365,1292512
1.77898E+18,NC,udayasjbrana,Udaya Shumsher Rana,4/13/2024,8:38:18,नयाँ बर्ष २०८१ को सबैमा हार्दिक शुभकामना ! https://t.co/e9sbPDfwvS,134,4,19,6499,23388
1.77875E+18,NC,udayasjbrana,Udaya Shumsher Rana,4/12/2024,17:27:54,RT @bishodip: जेष्ठ १० गते १० महिना अगाडि संसदमा संसदिय छानबिन समिती बनाउन येसरी अल्टिमेटम दिएका रेछन। अहिले आफू बिरुद्द पनि यहि कुरा लागू…,0,48,0,0,23388
1.77874E+18,NC,udayasjbrana,Udaya Shumsher Rana,4/12/2024,16:38:26,"महाङ्गाल गाउपालिका युवा तथा खेलकुद विकास समितिद्वारा आयाेजित वडा स्तरीय आमन्त्रण पुरूष भलिबल, ललितपुर गा.पा स्तरीय ब्याडमिन्टन, ललितपुर महाङ्गाल गाउपालिका मा.वि स्तरीय चेस र ललितपुर जिल्ला ब्यापी  तेक्वान्दो प्रतियाेगिताकाे समापन समारोह २०८० । https://t.co/KSj7EUJzqh",8,1,0,697,23388
1.7783E+18,NC,udayasjbrana,Udaya Shumsher Rana,4/11/2024,11:17:43,https://t.co/Dpw4DZNgei,16,0,2,627,23388
1.77761E+18,NC,udayasjbrana,Udaya Shumsher Rana,4/9/2024,14:09:04,"२०४६ चैत २६ गते दोश्रो जन आन्दोलन सफल भएको दिनको सम्झनामा नेविसंघ काठमाडौंले हिजो शान्तिबाटिकामा आयोजना गरेको दीप प्रज्वलन कार्यक्रममा सहभागी भए । लौहपुरुष एवम् जन आन्दोलनका सर्वोच्च कमान्डर गणेशमान सिंह, किसुनजी लगायतका हाम्रा श्रद्धेय नेताहरुलाई सम्झियौं । धेरैको आरोप सुनिन्छ,… https://t.co/O47GSawvYL",26,3,2,1107,23388
1.77627E+18,NC,udayasjbrana,Udaya Shumsher Rana,4/5/2024,21:28:18,"ललितपुर जिल्ला गोदावरी नगरपालिका र रीड नेपालको सहयोगमा गोदावरी सामुदायिक पुस्तकालय स्रोत केन्द्रद्वारा आयोजित २ दिने पुस्तकालय व्यवस्थापन तालिमकाे समापन कार्यक्रम।
#Godawari
#southlalitpur https://t.co/zpTxFbgtzy",4,0,0,387,23388
1.77607E+18,NC,udayasjbrana,Udaya Shumsher Rana,4/5/2024,8:04:57,"RT @Himal_Khabar: वाइडबडी खरीद प्रकरणमा अख्तियारले मुद्दा दर्ता गर्दा प्रेमकुमार राईलाई भने जोगाएको छ, जो अहिले अख्तियारका प्रमुख छन्।

✍️…",0,17,0,0,23388
1.77607E+18,NC,udayasjbrana,Udaya Shumsher Rana,4/5/2024,7:53:08,"वैशाष १५ गते हुने उप निर्वाचनमा  @NepaliCongress काे तर्फबाट उम्मेद्ववार हुनु भएका इलाम-२ का लागि श्री डम्वर बहादुर खड्का र बझाङ प्रदेश सभा १(क) का लागि श्री अभिषेक वहादुर सिंङलाई हार्दिक बधाईका साथै उहाँहरू दुबैलाई विजयको लागि हार्दिक शुभकामना !
 जयनेपाल !!
#NepaliCongress… https://t.co/IQE7NMsOUf",27,5,2,1777,23388
1.77557E+18,NC,udayasjbrana,Udaya Shumsher Rana,4/3/2024,22:46:42,"RT @bishwaprakash77: मित्र @hamrorabi यहाँले त राजिनामानै माग्नुभएको रहेछ, हामी माग्दैछैनौं / माग्दैनौं l आरोपित मन्त्रीले राजीनामा नदिए `…",0,160,0,0,23388
1.77408E+18,NC,udayasjbrana,Udaya Shumsher Rana,3/30/2024,20:06:25,नेपाल निजामती कर्मचारी युनियन केन्द्रिय कार्यसमितिद्वारा आयाेजित वनभाेज कार्यक्रममा-२०८० https://t.co/QbAo83v5jJ,8,0,1,523,23388
1.77175E+18,NC,udayasjbrana,Udaya Shumsher Rana,3/24/2024,10:04:10,"RT @AcharyaSarmila: देशभरिका सहकारी लुट्ने अनि बहस गगन थापासंग गर्ने रे ?
सहकारी पीडितसंग बहस गर्ने हिम्मत छ ?",0,14,0,0,23388
1.77174E+18,NC,udayasjbrana,Udaya Shumsher Rana,3/24/2024,8:53:59,https://t.co/WZU2elH8d6,28,1,7,905,23388
1.77155E+18,NC,udayasjbrana,Udaya Shumsher Rana,3/23/2024,20:45:28,"LDS Charities काे आर्थिक सहयोगमा CHOICE HUMANITARIAN NEPAL, वागमती गाउँपालिका र स्थानीय समुदायको सहकार्यमा वागमती-२ माल्टा फाँटमा छहरेखाेला पधेराेखाेला चिसापानी खानेपानी याेजना अन्तर्गत एक घर एक धारा खानेपानी परियाेजना निर्माण सम्पन्न भएको छ । यस परियाेजनाबाट त्यस क्षेत्रका १९५… https://t.co/MLhRJIWp49",3,1,1,380,23388
1.77138E+18,NC,udayasjbrana,Udaya Shumsher Rana,3/23/2024,9:02:37,"बागमतीको माल्टामा ‘एक घर एक धारा’ योजना सम्पन्न

https://t.co/f8WqlRlY15",6,1,1,402,23388
1.77062E+18,NC,udayasjbrana,Udaya Shumsher Rana,3/21/2024,6:59:17,विनियोजन विधेयकको सिद्धान्त र प्राथमिकता विषयकाे छलफलमा भाग लिँदै https://t.co/LeDIhP6NfY,14,2,2,1323,23388
1.77043E+18,NC,udayasjbrana,Udaya Shumsher Rana,3/20/2024,18:24:04,"Nepalis caught in the #UkraineRussiaWar are still waiting for their government to bring them home. I request the government to take following steps:
1. Write to the UNSG and relevant international bodies, to appeal to both #Ukraine and #Russia to release Nepali citizens who have… https://t.co/WiN4p3wEHw",7,3,1,685,23388
1.77036E+18,NC,udayasjbrana,Udaya Shumsher Rana,3/20/2024,13:50:21,"RT @ekantipur_com: 'सहकारीमा के भयो भने निष्पक्ष छानबिन नगरेसम्म अर्थतन्त्र चलायमान हुन अप्ठ्यारो हुन्छ'
https://t.co/0SlGIUjHlG",0,3,0,0,23388
1.77031E+18,NC,udayasjbrana,Udaya Shumsher Rana,3/20/2024,10:43:03,"भावपूर्ण #श्रद्धान्जली

 नेपाल तरुणदल ललितपुर जिल्लाका अध्यक्ष शिवराम महर्जनज्यू काे सुपुत्र सूजन महर्जनको सवारी दुर्घटनामा परी भएको निधनले अत्यन्त दुःखित बनाएको छ। उहाँ प्रति भावपूर्ण श्रद्धाञ्जली अर्पण गर्दै मृत आत्माको चीरशान्तिको कामना गर्दै सम्पूर्ण परिवारलाई यस दुःखद घडीमा… https://t.co/Dx1RZndUcE",3,1,0,406,23388
1.77007E+18,NC,udayasjbrana,Udaya Shumsher Rana,3/19/2024,18:18:03,RT @baabajee: 'कुनैपनि सार्वजनिक पद/ओहदामा आसिन व्यक्तिको नाम कुनैपनि संदेहमुलक वा शंकास्पद प्रकरणमा जोडिने बित्तिकै उसले छानविनका लागि बा…,0,22,0,0,23388
1.77001E+18,NC,udayasjbrana,Udaya Shumsher Rana,3/19/2024,14:27:30,आजको कान्तिपुर दैनिकमा मेरो छोरा @samarsjbrana को नेपाल-भारत युवामैत्री कनेक्टिभेटीका विषयमा अनुसन्धानमूलक आलेख प्रकाशित भएको छ । दुई छिमेकी मुलुकले प्रविधिको माध्यमबाट लिन सक्ने लाभका विषयमा हामी राजनीतिक दल र सरकारले ध्यान दिन जरुरी छ ।,41,2,3,2288,23388
1.77E+18,NC,udayasjbrana,Udaya Shumsher Rana,3/19/2024,13:49:23,"My son @samarsjbrana article in e-kantipur titled ""Nepal-India Youth Friendship 'Connectivity'

https://t.co/xGP3Wx489R",17,2,0,671,23388
1.76999E+18,NC,udayasjbrana,Udaya Shumsher Rana,3/19/2024,13:04:24,"Put forward my views in a panel discussion titled ""Pathways to Progress: Perspectives on Global Education Mobility"". Organised by ECAN at Educlave in Kathmandu. https://t.co/ZrtgJOyPP4",0,0,0,283,23388
1.7696E+18,NC,udayasjbrana,Udaya Shumsher Rana,3/18/2024,11:31:51,"RT @Anurag_Acharya: Two headlines: 
First:Minister for Home Affairs orders action against gold smuggling accused.
Second:Cooperative scam v…",0,4,0,0,23388
1.76933E+18,NC,udayasjbrana,Udaya Shumsher Rana,3/17/2024,17:37:38,ललितपुर उद्योग वाणिज्य संघकाे ५७ औ स्थापना दिवस समुद्घाटन समाराेह  -२०८० https://t.co/cbIhdDf14n,2,1,0,437,23388
1.76899E+18,NC,udayasjbrana,Udaya Shumsher Rana,3/16/2024,19:08:34,"प्रचण्डले निष्ठाको राजनीतिको अवमूल्यन गर्नुभयो : उदयशम्शेर राणा

https://t.co/uKnJyvpjO2",12,1,4,1135,23388
1.7683E+18,NC,udayasjbrana,Udaya Shumsher Rana,3/14/2024,21:25:50,"About Samyak Mahadan at Patan 2024
Samyak Mahadan as the name suggests is an almsgiving Newa Buddhist festival held once in every five years in Patan. The two day-long centuries-old tradition is held on a large open ground in Nagbahal, where hundreds of idols of  Dīpankara… https://t.co/s1OHRBWinu",4,2,0,464,23388
1.76788E+18,NC,udayasjbrana,Udaya Shumsher Rana,3/13/2024,17:50:54,मेरो निर्वाचन क्षेत्र गोदावरी नगरपालिका-७ का सुन्दर डिमडुङ तामाङ रसियन सेनामा रहेको परिवारले जानकारी दिएपछि तत्कालीन परराष्ट्रमन्त्री एनपी साउदज्यूसङ्ग भेटेर उनको उद्धारका लागि आग्रह गरेको थिए । उनी युद्धका क्रममा घाइते भएको र अस्पतालबाट ठीक भएपछि फेरि युद्धमै पठाइएको परिवारले… https://t.co/rmSA7A7Qjv,11,4,0,847,23388
1.76777E+18,NC,udayasjbrana,Udaya Shumsher Rana,3/13/2024,10:33:36,"गोदावरी नगरपालिकाको रुपमा स्थापना भई आठौं वर्षमा प्रबेश गर्दैगर्दा देशभरका २९३ नगरपालिकामध्ये शहरी पूर्वाधार विकासमा देशकै उत्कृष्ट नगरपालिका हुन सफल भएकोमा गोदावरी नगरपालिकाका नगरप्रमुख, उपप्रमुख, प्रमुख प्रशासकीय अधिकृत, जनप्रतिनिधि, कर्मचारी र सम्पुर्ण नगरवासि आम नागरिकमा… https://t.co/npS5yArDaJ",7,0,0,385,23388
1.76716E+18,NC,udayasjbrana,Udaya Shumsher Rana,3/11/2024,18:03:22,"RT @Bipendraa: नारायण दाहालबारे केपी ओली 😁

 https://t.co/n6fwLCD32c",0,51,0,0,23388
1.76712E+18,NC,udayasjbrana,Udaya Shumsher Rana,3/11/2024,14:59:49,यी युवाहरुसहित रुसमा अलपत्र युवाहरुको छिटो उद्धार गर्न सरकारको ध्यानाकर्षण गराउछु । आफ्नै सरकारमाथि विश्वास नगरेर आज अर्कै देशको सरकारसङ्ग उद्धारको याचना गर्नुपर्ने अवस्था आउनु दु:खद हो । @MofaNepal @PM_nepal_ https://t.co/isBdowujGG,28,3,1,2534,23388
1.76704E+18,NC,udayasjbrana,Udaya Shumsher Rana,3/11/2024,9:37:50,गाेदावरी नगरपालिका आठाै स्थापना दिवसकाे अबसरमा रक्तदान कार्यक्रममा र  श्री झागलकाेट आधारभूत विद्यालय बागमती गाउपालिका -१ घुसेलकाे ५० औ वार्षिकोत्सब तथा स्वर्ण जयन्ती उद्घाटन  समाराेहमा सहभागी हुने अबसर प्रदान गर्नुहुने आयोजक कमिटी लाई हार्दिक धन्यवाद व्यक्त गर्दछु। https://t.co/RTN899NwZQ,3,1,0,277,23388
1.76702E+18,NC,udayasjbrana,Udaya Shumsher Rana,3/11/2024,8:14:57,Happy Lohsar https://t.co/2uFxvsPjtE,17,1,3,619,23388
1.76678E+18,NC,udayasjbrana,Udaya Shumsher Rana,3/10/2024,16:47:23,गठबन्धन टुटेकोमा आपत्ति छैन  https://t.co/9TEr1YDJkv,1,0,0,316,23388
1.76597E+18,NC,udayasjbrana,Udaya Shumsher Rana,3/8/2024,10:49:08,महाशिवरात्रि को हार्दिक शुभकामना 🙏 https://t.co/yDVjJ4qwK5,9,1,0,389,23388
1.76593E+18,NC,udayasjbrana,Udaya Shumsher Rana,3/8/2024,8:15:58,महाशिवरात्रि को हार्दिक शुभकामना 🙏 https://t.co/Iur1xR72dO,32,1,2,928,23388
1.76569E+18,NC,udayasjbrana,Udaya Shumsher Rana,3/7/2024,16:45:56,RT @bhandari_jee: प्रचण्डलाई लेखकको चेतावनी: तपाईंले धोका दिएका सबै मिले के होला? #rameshl... https://t.co/rNLtIGXp4N via @YouTube,0,2,0,0,23388
1.76569E+18,NC,udayasjbrana,Udaya Shumsher Rana,3/7/2024,16:43:37,RT @setopati: प्रधानमन्त्रीलाई कांग्रेसले भन्यो- तपाईंबाट धोका पाएकाहरूएक ठाउँमा उभिए भने कहाँ पुग्नुहोला? https://t.co/TVApvjqClB,0,8,0,0,23388
1.76491E+18,NC,udayasjbrana,Udaya Shumsher Rana,3/5/2024,12:56:29,ललितपुर जिल्ला बागमती गाउँपालिका-७ गिम्दी जनक माध्यमिक विद्यालयले स्वर्ण  महोत्सव मनाउदै गर्दा  विद्यालयले अझै गुणस्तरीय शिक्षा प्रदान गरी आफुलाई उत्कृष्ट विद्यालयको रुपमा  स्थापित गराउन सफल हुनेछ भन्ने बिश्वास  लिएको छु ।  स्वर्ण महोत्सव कार्यक्रमकाे सफलताकाे लागि शुभकामना… https://t.co/EQCVisUUVW,7,1,0,589,23388
1.76431E+18,NC,udayasjbrana,Udaya Shumsher Rana,3/3/2024,21:14:22,"ललितपुर जिल्ला कोञ्ज्योसोम गाउँपालिका-२ शंखु मगरगाउँ माध्यमिक विद्यालयका विद्यार्थी, शिक्षक र अभिभावकहरुसँग भेट्ने अवसर मिल्यो। यस स्वर्ण  महोत्सव मनाउदै गर्दा  विद्यालयले अझै गुणस्तरीय शिक्षा प्रदान गरी आफुलाई उत्कृष्ट विद्यालयको रुपमा  स्थापित गराउन सफल हुनेछ भन्ने बिश्वास… https://t.co/RC0wxLWDQI",7,0,0,520,23388
1.76386E+18,NC,udayasjbrana,Udaya Shumsher Rana,3/2/2024,15:07:04,"Congratulations and  Victory for #Rhinos 🎊

For successfully chasing  the target &amp; entertaining  the TU Crowd and supporters 

#NepT20I | #NepalCricket  #WorldCupYear2024 https://t.co/865b0YDnI7",12,1,1,707,23388
1.7632E+18,NC,udayasjbrana,Udaya Shumsher Rana,2/29/2024,19:54:39,"सामुदायिक विद्यालयको शैक्षिक गुणस्तर सुधारमा सरकारले ध्यान दिनुपर्छ: पूर्व अर्थराज्यमन्त्री राणा

https://t.co/WEuluLEtkq",5,1,0,367,23388
1.76319E+18,NC,udayasjbrana,Udaya Shumsher Rana,2/29/2024,18:48:53,"श्री मेश्रम वराह माध्यमिक विद्यालय घान्द्रुक, कास्कीको हीरक जयन्ती समारोहमा प्रमुख अतिथिका रुपमा सहभागी हुने अवसर मिल्यो । यो क्षेत्रको मात्रै नभई सिङ्गो जिल्लाकै शिक्षाको विकासमा यो विद्यालयको योगदान अतुलनीय छ । गुणस्तरीय शिक्षाले मात्रै सामुदायिक विद्यालयप्रति आमनागरिकको… https://t.co/QORWIOyV3a",9,1,0,462,23388
1.76205E+18,NC,udayasjbrana,Udaya Shumsher Rana,2/26/2024,15:30:03,स्मार्ट लाइसेन्स वितरण र नविकरणमा भइरहेको अत्यधिक ढिलासुस्तीका बारेमा आज संसदमा सरकारको ध्यानाकर्षण गराएको छु । https://t.co/9COW91StFE,20,2,1,1341,23388
1.761E+18,NC,udayasjbrana,Udaya Shumsher Rana,2/23/2024,17:34:43,"बहुबर्षिय योजना अन्तर्गत ८६ करोड ७६ लाख को योजना पार्न सफल भएकोमा खुशी व्यक्त गर्दछु।

साथै योजना पार्न सहयोग गर्नु हुने बागमती प्रदेश सरकारका आर्थिक मामिला तथा योजना मन्त्री माननीय बहादुर सिंह लामा र भौतिक पुर्बाधार बिकास मन्त्री माननीय युवराज दुलाल र नेता साथीहरु सवैलाई धन्यबाद… https://t.co/h5jx4pi1Ou",6,1,0,477,23388
1.76094E+18,NC,udayasjbrana,Udaya Shumsher Rana,2/23/2024,13:59:34,"महासमिति बैठक भव्य रुपमा सम्पन्न भयो । सम्पूर्ण महासमिति सदस्यलाई फेरि पनि धन्यवाद दिन चाहन्छु । चार दिन चलेको महासमिति बैठक स्थल गोदावरीको आज नेपाली काङ्ग्रेस क्षेत्रीय समितिले सरसफाइ गरेको छ। पार्टीका व्यानर, झण्डा, लगायत अन्य फोहोरहरु हटाइएको छ। यो कार्यका लागि क्षेत्रीय… https://t.co/yuMsnTVvAX",18,2,4,1875,23388
1.7596E+18,NC,udayasjbrana,Udaya Shumsher Rana,2/19/2024,21:13:30,"नेपाली काँग्रेस महासमिति बैठकको उद्घाटन सत्र
जय नेपाल !@NepaliCongress https://t.co/KJlWeQ3U2A",21,1,5,2887,23388
1.75849E+18,NC,udayasjbrana,Udaya Shumsher Rana,2/16/2024,19:48:09,"ललितपुरको पुष्पाञ्जली माध्यमिक विद्यालयले ४० औं वार्षिकोत्सव मनाएको छ । यस विद्यालयलाई यहाँसम्म ल्याउन विभिन्न समयमा योगदान पुर्याउने शिक्षक, विद्यार्थी र सम्पूर्ण अभिभावक प्रति आभार व्यक्त गर्दछु । यस अवसरमा  संचालन भएकाे  खेलकुद सप्ताह-२०८० को समापन कार्यक्रममा  सहभागी हुने… https://t.co/WOYIBGdlHe",2,1,1,421,23388
1.75759E+18,NC,udayasjbrana,Udaya Shumsher Rana,2/14/2024,7:59:11,https://t.co/F3MAH3VUVd,9,1,0,397,23388
1.75625E+18,NC,udayasjbrana,Udaya Shumsher Rana,2/10/2024,15:35:33,Happy Lohsar https://t.co/jIU0A69Wdv,20,2,0,719,23388
1.75576E+18,NC,udayasjbrana,Udaya Shumsher Rana,2/9/2024,6:45:36,"आन्तरिक रोजगारी सिर्जना सीप र सम्मान सहितको आप्रवासन, अधिक रेमिट्न्स प्राप्ति र त्यसको उत्पादनशील प्रयोगको बिषयमा केन्द्रित रहेको ""कान्तिुपुर इन्प्लोमेन्ट, माइग्रेसन एण्ड रेमिट समिति – २०२४ "" मा सहभागी भाई आफ्नो धारणा राख्न पाउँदा  खुसी लागेको छ । यस कार्यक्रमा मैले आफ्नो धारणा… https://t.co/Rhj84Qfhji",8,1,0,498,23388
1.75481E+18,NC,udayasjbrana,Udaya Shumsher Rana,2/6/2024,15:46:34,"""स्वास्थका लागि खेलकुद, राष्ट्रको लागी खेलकुद ""
 नेपाल चार्टर्ड एकाउन्टेन्ट विद्यार्थी संगठन' द्वारा आयोजित ११औं एन.सिए.एस अन्तर फर्म टि २० क्रिकेट प्रतियोगितामा ( 11th NCASA Inter-Firm T-20 Cricket Tournament) सहभागी हुन पाउदा खुसी लागेको छ ।  आयोजक समितिलाई हार्दिक बधाई साथै… https://t.co/n38dL1fpeP",6,1,0,557,23388
1.75473E+18,NC,udayasjbrana,Udaya Shumsher Rana,2/6/2024,10:41:48,नेपाली कांग्रेसका केन्द्रीय सदस्य एबम्  पूर्व सामान्य प्रशासन मन्त्री केशव कुमार बुढाथोकीको निधन भएको खबरले दुखित बनाएको छ । मृत आत्माको चीर शान्तिको कामना गर्दै शोकाकुल परिवारजनमा हार्दिक समवेदना व्यक्त गर्दछु । https://t.co/TFrLLBTOmS,3,1,4,460,23388
1.75331E+18,NC,udayasjbrana,Udaya Shumsher Rana,2/2/2024,12:39:50,RT @DrShankarSharma: Indian interim Budget increased grant assistance to🇳🇵from an estimated amount of Rs 550 crore in FY 23/24 to a revised…,0,17,0,0,23388
1.75234E+18,NC,udayasjbrana,Udaya Shumsher Rana,1/30/2024,20:15:54,"आज शहिद दिवसका दिनदेखि हाम्रो पार्टीको @NepaliCongress राष्ट्रिय कार्यक्रम ""समुदायमा काङ्ग्रेस"" अभियान सुरु भएको छ।  ललितपुरको गोदावरी नगरपालिका-८ बाट हामीले यो अभियानको शुभारम्भ गरेका छौं । पार्टीलाई जनतासङ्ग जोड्न र उनिहरुका कुरा सुन्न यो अभियान सार्थक हुने विश्वास छ। हामी… https://t.co/ZVubsHbj4o",7,0,0,492,23388
1.75216E+18,NC,udayasjbrana,Udaya Shumsher Rana,1/30/2024,8:23:04,https://t.co/dIdEHKmkSJ,17,1,1,6099,23388
1.75094E+18,NC,udayasjbrana,Udaya Shumsher Rana,1/26/2024,23:44:22,"Congratulations 🎊 🇳🇵 

#NepalCricket 
#cricketassociationofnepal https://t.co/Zyid6lWKGg",7,0,0,395,23388
1.75078E+18,NC,udayasjbrana,Udaya Shumsher Rana,1/26/2024,13:08:46,"गुमराङ आधारभूत विद्यालय , महाकाल-६ गुमराङ ठुलादुर्लुङको स्वर्णमहोत्सव उदघाटन समारोहमा सहभागी हुँदै । https://t.co/aljpvS0mRQ",4,0,0,295,23388
1.75074E+18,NC,udayasjbrana,Udaya Shumsher Rana,1/26/2024,10:28:42,राष्ट्रिय सभा निर्वाचनमा निर्वाचित हुनुहुने महानुभावहरुमा हार्दिक बधाईक एवं  सफल कार्यकालको शुभकामना । https://t.co/gNLjhytWH0,5,0,1,496,23388
1.74873E+18,NC,udayasjbrana,Udaya Shumsher Rana,1/20/2024,21:09:13,"धन्यवाद नेपाल तरुण दल पाँचखाल नगर कार्यसमिति काभ्रेलाई यो महत्वपूर्ण कार्यका लागि । 
तरुण दल काभ्रेका निवर्तमान अध्यक्ष भाई दावा लामा, अध्यक्ष सुजन लामा, पाँचखाल नगर कार्यसमितिसभापति विकास लामासहित सम्पूर्ण तरुण दलका साथीहरुले मलाई सम्झेर निम्तो गर्नुभयो । कार्यसमितिमा चयन… https://t.co/xPiSOMB2id",13,1,0,468,23388
1.74674E+18,NC,udayasjbrana,Udaya Shumsher Rana,1/15/2024,9:10:11,"माघेसंक्रान्ति (माघी)को शुभकामना🙏
नेपालमा लगभग सबै जातजातिले मनाउने गज्जवको पर्व हो यो। मगर समुदायको राष्ट्रिय पर्व, मैथली र थारुको नयाँ वर्ष। नेवारी समुदायमा घ्यूचाकु सँल्हु। 
अनि तरुल, घिउ, तिलको लड्डु, चाकुको मज्जा। विशेष छन् हाम्रा पर्वहरु। जय माघेसंक्रान्ति। जय होस्,शुभ… https://t.co/uhdgkSnQlF",36,1,4,1652,23388
1.7458E+18,NC,udayasjbrana,Udaya Shumsher Rana,1/12/2024,19:10:28,"RT @theworldindex: Most Popular Nature Destination Worldwide for 2024

1.🇳🇵 Kathmandu
2.🇻🇳 Halong Bay
3.🇪🇬 Hurghada
4.🇲🇺 Mauritius
5.🇮🇩 Lom…",0,707,0,0,23388
1.74564E+18,NC,udayasjbrana,Udaya Shumsher Rana,1/12/2024,8:22:28,https://t.co/7Fxge2ya1B,12,0,1,508,23388
1.74564E+18,NC,udayasjbrana,Udaya Shumsher Rana,1/12/2024,8:22:14,https://t.co/GjdEiwMBi6,3,0,0,273,23388
1.7439E+18,NC,udayasjbrana,Udaya Shumsher Rana,1/7/2024,13:35:09,"गोदावरी उद्योग बाणिज्य संघकाे तेस्रो बार्षिक साधारण सभा र
नेपाली कांग्रेस क्षेत्र नं. ३ प्रदेश सभा `ख´ क्षेत्रीय कार्यसमितिद्वारा आयोजित प्रशिक्षण कार्यक्रममा सहभागी । https://t.co/oRuVZxQRca",8,0,0,531,23388
1.7436E+18,NC,udayasjbrana,Udaya Shumsher Rana,1/6/2024,17:23:08,महाङ्गकाल गाउँपालिकाकाे प्राङ्गणमा पालिका सवालमा। https://t.co/nwzmBdurLm,11,1,0,859,23388
1.74323E+18,NC,udayasjbrana,Udaya Shumsher Rana,1/5/2024,17:02:31,"लेले चन्दन्पुर मोटरबाटोको पहिलो चरण ठेक्का अन्तरगत कामको अनुगमन गर्दै, समयमै काम सम्पन्न गर्न सबैमा सहजीकरण गर्नुहुन अनुरोध गर्द्छु । https://t.co/4NCyN1RcFE",8,1,0,429,23388
1.74292E+18,NC,udayasjbrana,Udaya Shumsher Rana,1/4/2024,20:28:55,लेले खत्री गाउँमा खानेपानी ट्यान्की निर्माणका लागि Inner Wheel of Patan र गोदावरी नगरपालिकाबीच भएको सहकार्यप्रति आभारी छु। मैले खानेपानीको विषयमा प्रतिवद्धतता जनाएको थिए। ललितपुर-१ को समग्र विकासका लागि हामी तीन तहको सरकार र निजी क्षेत्रसङ्ग सहकार्य गर्दै अगाडि बढ्नेछौ। https://t.co/42apEselm8,11,0,0,584,23388
1.74148E+18,NC,udayasjbrana,Udaya Shumsher Rana,12/31/2023,21:11:38,Happy New Year from all of us https://t.co/PeHiuA9fsh,9,0,0,561,23388
1.74146E+18,NC,udayasjbrana,Udaya Shumsher Rana,12/31/2023,19:46:06,"राष्ट्रपति रनिङ शिल्ड प्रतियोगिताको सफलताको शुभकामना । 
गोदावरी नगरपालिकास्तरीय प्रतियोगितामा ४७ विद्यालयका करीव १६०० प्रतियोगी सहभागी छन् । सम्पूर्ण खेलाडी भाइबहिनीलाई शुभकामना 🙏 https://t.co/JCpSjsYl96",8,1,0,396,23388
1.74134E+18,NC,udayasjbrana,Udaya Shumsher Rana,12/31/2023,11:34:13,Happy Lohsar https://t.co/JSTvFIIWZr,9,1,0,406,23388
1.74112E+18,NC,udayasjbrana,Udaya Shumsher Rana,12/30/2023,21:23:42,Congratulations 🎊 Lalitpur City FC https://t.co/KBOH06KgYX,6,0,1,436,23388
1.74107E+18,NC,udayasjbrana,Udaya Shumsher Rana,12/30/2023,17:54:31,"गोदामचौर 7A SIDE फुटबल प्रतियोगिता गो.न.पा-१ गोदामचौर र गोदावरी सामुदायिक पुस्तकालय स्रोत केन्द्रको छैटौं वार्षिक साधारण सभा तथा आधारभूत कम्प्युटर तालिमको प्रमाणपत्र वितरण कार्यक्रम ।
#Godavari 
#Football https://t.co/6EobJ2bBTF",8,0,0,336,23388
1.74099E+18,NC,udayasjbrana,Udaya Shumsher Rana,12/30/2023,12:36:44,हिजो ललितपुरको बालकुमारी घटनामा मृत्यु भएका युवाका आफन्तलाई भेटे। कोरियन भाषाको परीक्षा फारम भर्न पाउनुपर्ने माग राखेर प्रदर्शनमा उत्रिएका भाइहरुको मृत्यु हुनु हृदयविदारक घटनाहो। म सरकारसङ्ग मृतकका परिवारको जीवनयापनको सम्पूर्ण जिम्मा लिन र यस्ता दुखद घटना दोहोरिन नदिन माग गर्दछ। https://t.co/E4TSLyvTiI,11,1,4,813,23388
1.74099E+18,NC,udayasjbrana,Udaya Shumsher Rana,12/30/2023,12:26:52,"Grateful to participate in Aviation Meet 2023, celebrating 25th Anniversary of @hello_CAANepal

Congratulations to organizers for fostering productive &amp; insightful discussion. 

A truly enriching experience where diverse perspectives converged for a successful exchange of ideas. https://t.co/inbrEu6uqA",4,0,0,328,23388
1.7407E+18,NC,udayasjbrana,Udaya Shumsher Rana,12/29/2023,17:13:33,"RT @iids1979: *IIDS Policy Conclave 2023: Panel Discussion on 'Economic Reform'*

Panellists: Hon. Mr. Udaya Shumsher Rana, Mr. Baburam Sub…",0,2,0,0,23388
1.74039E+18,NC,udayasjbrana,Udaya Shumsher Rana,12/28/2023,20:59:15,"अब उपाधिका लागि एक कदम बाँकी..
नेपाल सुपर लिगमा आज भएको खेलमा पोखरा थन्डर्सलाई हराएर फाइनल प्रवेश गरेको ललितपुर सिटीलाई हार्दिक बधाई । अब प्रतिक्षा उपाधिको । ललितपुर सिटीलाई अन्तिम खेलमा नि जितको शुभकामना 🙏

#Nepalifootball
#lalitpurcityfc
#nepalsuperleauge https://t.co/4mEzOLxf3C",4,0,2,419,23388
1.73967E+18,NC,udayasjbrana,Udaya Shumsher Rana,12/26/2023,21:16:47,"हार्दिक बधाई ललितपुर सिटीलाई 🙏
डिफेन्डिङ च्याम्पियन काठमाडौं रेजर्सलाई हराउँदै नेपाल सुपर लिगको क्वालिफायर प्रवेश गरेकोमा ललितपुर सिटीलाई धेरै धेरै बधाई । आजको उत्कृष्ट खेलका लागि बधाई । आगामी खेलमा पनि जितको शुभकामना ।
#Nepalifootball
#lalitpurcityfc
#nepalsuperleauge https://t.co/8EULg1j0GY",5,0,0,353,23388
1.73926E+18,NC,udayasjbrana,Udaya Shumsher Rana,12/25/2023,17:48:27,"भूकम्प प्रभावित क्षेत्रमा सरकारले पुनर्निर्माण कार्य अगाडि बढाउनुपर्छ : उदय शमशेर 

https://t.co/s1GrPNt5gs",13,2,1,775,23388
1.73912E+18,NC,udayasjbrana,Udaya Shumsher Rana,12/25/2023,8:39:26,Merry Christmas https://t.co/RYoW0x1utE,3,0,0,272,23388
1.73744E+18,NC,udayasjbrana,Udaya Shumsher Rana,12/20/2023,17:47:11,"अन्तर्राष्ट्रिय पर्यटन समितिको सहजीकरण उपसमितिकाे बैठकमा उड्डयन विज्ञहरूसङ्ग छलफल गरेकाछौं। हवाइ सुरक्षा, नेपाल एयरलाइन्स र नागरिक उड्डयन प्राधिकरणका कामकारबाहीलाई प्रभावकारी बनाउने महत्वपूर्ण सुझाव आएकाछन्। छिट्टै समितिले सरकारलाई यसबारेमा लिखित सुझाव दिनेछ। @hello_CAANepal https://t.co/2rvdborvzf",6,0,1,471,23388
1.73506E+18,NC,udayasjbrana,Udaya Shumsher Rana,12/14/2023,3:59:12,Congratulations Ayush. Blessings Always @ayushsjbrana @MonashUni https://t.co/uEBo3AQHIE,14,0,5,784,23388
1.73384E+18,NC,udayasjbrana,Udaya Shumsher Rana,12/10/2023,19:19:36,"At an interaction program organised by Nepal People's Coordination Committee, Queensland Australia (Nepal Jansamparta Samiti) at Brisbane. Fruitful interaction with NRN leaders &amp; diaspora community. Thank you to the organisers for the event
#NRNAAustralia 
#NRN 
#nepalaustralia https://t.co/XdZDJgxRL4",8,2,1,489,23388
1.73326E+18,NC,udayasjbrana,Udaya Shumsher Rana,12/9/2023,4:25:38,Interaction program organised by Nepal People's Coordination Committee Australia (Nepal Jansamparta Samiti) and seperate meetings with various NRN leaders and diaspora community of Sydney. https://t.co/a1lcycQ5bn,3,0,1,425,23388
1.73226E+18,NC,udayasjbrana,Udaya Shumsher Rana,12/6/2023,10:26:53,Look forward to seeing you all... https://t.co/fFyYhkLhbC,9,0,1,634,23388
1.72879E+18,NC,udayasjbrana,Udaya Shumsher Rana,11/26/2023,20:33:58,"Attended program at historic Lohan Chowk, Hanuman Dhoka, organized by @MofaNepal to commemorate 100 yrs of the Nepal-UK Friendship Treaty of 1923 

Treaty, signed on 21st Dec 1923, was a milestone in Nepal's political history as it formally recognized Nepal's independent status. https://t.co/UgBZYkkJCF",6,0,0,550,23388
1.72768E+18,NC,udayasjbrana,Udaya Shumsher Rana,11/23/2023,19:25:27,हरिबोधनी एकादशी ।  उपत्यकाकाे चार नारायण मध्य माइलाे नारायण गोदावरी नगरपालिका वडा नं.२ स्थित  बिशंखुनारायण मन्दिर दर्शन । https://t.co/7TKiRUGeMN,16,2,1,669,23388
1.72696E+18,NC,udayasjbrana,Udaya Shumsher Rana,11/21/2023,19:17:43,"All the best team Nepal for FIFA World Cup Second Round Qualifiers vs Yemen
#WorldCupQualifiers 
#FIFA
#ANFA
#Nepalfootball https://t.co/ZdvLkpa47D",5,0,0,529,23388
1.72604E+18,NC,udayasjbrana,Udaya Shumsher Rana,11/19/2023,6:51:45,https://t.co/xQDtBktVha,11,0,0,534,23388
1.72466E+18,NC,udayasjbrana,Udaya Shumsher Rana,11/15/2023,11:04:44,https://t.co/ruN6p89vLE,20,0,1,794,23388
1.72444E+18,NC,udayasjbrana,Udaya Shumsher Rana,11/14/2023,20:35:12,"नयाँ किरण नेपालद्वारा नेपाल सम्वत् ११४४, न्हुदया भिन्तुनाको अवसरमा गोदावरी नगरपालिका वडा नम्बर ११ चापागाउँमा आयोजित भिन्तुना र्यालीमा सहभागी हुँदै। https://t.co/tbVgKAVdO4",15,1,1,657,23388
1.72423E+18,NC,udayasjbrana,Udaya Shumsher Rana,11/14/2023,6:47:41,न्हुँद ११४४ या भिन्तुना https://t.co/RJWsJs6RwQ,22,2,1,1275,23388
1.7237E+18,NC,udayasjbrana,Udaya Shumsher Rana,11/12/2023,19:36:50,"हाम्रो तर्फबाट सबैलाई दीपावलीको शुभकामना।

Love, Light, Peace and Prosperity to all of you... Happy Diwali. https://t.co/sGhNXsEwRW",105,1,8,3980,23388
1.72337E+18,NC,udayasjbrana,Udaya Shumsher Rana,11/11/2023,21:54:13,नेपाली कांग्रेस गुल्मी तथा पाल्पाका साथीहरू संग जिल्ला पार्टी कार्यालयहरूमा भेटघाट तथा छलफल कार्यक्रम । https://t.co/HyAYoGuc1D,11,0,0,395,23388
1.7232E+18,NC,udayasjbrana,Udaya Shumsher Rana,11/11/2023,10:48:17,https://t.co/HwdqN6nBIz,6,0,0,313,23388
1.72317E+18,NC,udayasjbrana,Udaya Shumsher Rana,11/11/2023,8:13:42,"गुल्मी उद्योगसंघले आयोजना गरेको प्रथम गुल्मी महोत्सवमा लगानी सम्भाव्यता कार्यशाला गोष्ठीमा मेरोतर्फबाट कार्यपत्र पेश गरे । ग्रामिण अर्थतन्त्र चलायमान बनाउन महत्त्वपूर्ण योगदान रहन्छ। 
मलाई महोत्सवमा निम्तो गर्नुभएकोमा आयोजक साथीहरूप्रति आभारी। महोत्सवको भव्य सफलताको शुभकामना https://t.co/ZU0SCrfMNN",7,0,0,262,23388
1.72287E+18,NC,udayasjbrana,Udaya Shumsher Rana,11/10/2023,12:31:59,"कस्तो गज्जब संयोग...
नेपाली राजनीतिका दुई आदर्श व्यक्तित्व नेपाली कांग्रेसका संस्थापक स्वर्गीय सुवर्ण शम्शेर र गणेशमान सिंहप्रति श्रद्धासुमन। प्रजातान्त्रिक आन्दोलनमा ऐतिहासिक योगदान दिनुभएका सुवर्ण शम्शेरको आज ४६ औं स्मृति दिवस हो भने गणेशमान सिंहको १०८औं जन्मजयन्ती। 
जय नेपाल https://t.co/NaKdSJ4LTe",71,10,10,3445,23388
1.72225E+18,NC,udayasjbrana,Udaya Shumsher Rana,11/8/2023,19:17:36,महांकाल गाउँपालिकाद्वारा आयोजित दोस्रो रनिङ शिल्ड फुटबल प्रतियाेगिता आजबाट सुरु भएको छ । खेलमा २६ वटा टीम सहभागी छन् । यो प्रतिस्पर्धामा रहनुभएका सबै खेलाडीहरूलाई शुभकामना! https://t.co/tGkYNqIf48,11,0,0,448,23388
1.72062E+18,NC,udayasjbrana,Udaya Shumsher Rana,11/4/2023,7:40:58,"जाजरकोट केन्द्रबिन्दु भएर गएको भूकम्पले ठूलो जनधनको क्षती भएको खबरले अत्यन्तै दुखी छु । म नेपाल सरकार, प्रदेश सरकार र स्थानीय सरकारसङ्गै सबैलाई उद्धारमा जुट्न र राहत सङ्गसङ्गै पुनर्स्थापनाको व्यवस्था मिलाउन आग्रह गर्दछु ।",4,1,0,457,23388
1.72062E+18,NC,udayasjbrana,Udaya Shumsher Rana,11/4/2023,7:39:50,नेपाली कांग्रेस ताप्लेजुङ जिल्लाको सम्मेलन सम्पन्न भएको छ। जिल्लाको महत्वपुर्ण कार्यक्रममा मलाई सहभागि हुने अवसर प्रदान गर्नुहुने साथीहरु प्रति आभारी छु। साथै ताप्लेजुङमा महासमिति सदस्य चयनको प्रकृया पनि सुरु भएको छ। सम्पुर्ण प्रतिस्पर्धी साथीहरुलाई अग्रिम शुभकामना। जय नेपाल ! https://t.co/YFysEtW3Dr,3,0,0,262,23388
1.72037E+18,NC,udayasjbrana,Udaya Shumsher Rana,11/3/2023,14:47:19,"CONGRATULATIONS Team Nepal 🇳🇵
Nepal qualifies for ICC T20 WORLD CUP 2024.
Well played &amp; proud moment for all of us. https://t.co/paehIN43ZP",14,0,0,543,23388
1.78E+18,RSP,ashimshahnepal,Ashim shah,4/21/2024,21:03:16,"की राजनिती गर्नुस कि पड़ाऊनु होस 
गुरु हरु दुईटै गर्न पाइएन अब 
दलिय राजनीतिमुक्त शिक्षा क्षेत्र ।
#sumanashrestha #Educationministry https://t.co/nn6Maexgxu",153,34,6,8969,781
1.77E+18,RSP,ashimshahnepal,Ashim shah,3/15/2024,14:09:36,"हिजो प्रतिपक्षमा रहेका हामीहरू आज सत्तापक्षमा आएका छौं। 
हाम्रो आशनहरु परिवर्तन भएपनि हाम्रो भाषण परिवर्तन हुने छैन। 
उत्तर दिने ठाउँमा हाम्रै  साथीहरु भएपनि  हामी निरन्तर ख़बरदारी 
गरने नै छौ,प्रतिपक्ष ले पनी गर्नु होला तर मर्यादित रूपमा!! https://t.co/na3jBc94UU",49,7,6,2113,781
1.77E+18,RSP,ashimshahnepal,Ashim shah,3/11/2024,18:55:50,"देश बिदेश मा रहेका सम्पूर्ण इस्लाम 
धर्मावलम्बी लाई रमज़ान मुबारक !! https://t.co/oxT5OwaH3k",36,2,2,1633,781
1.76E+18,RSP,ashimshahnepal,Ashim shah,3/4/2024,7:57:07,"आगो को राप जिवन
आगै को ताप जिवन
जन्म र मृत्यु बीचको
आयु को नाप जिवन।।",7,1,0,375,781
1.76E+18,RSP,ashimshahnepal,Ashim shah,2/26/2024,13:23:13,स्मार्ट लाइसेन्स छपाईको नाममा भइरहेको स्मार्ट चलखेल बन्द गरौं र यो महाजात्राको अन्त्य गरौं भनी सरकार को ध्यानाकर्षण गरियो। https://t.co/fOWoWNExE6,45,6,1,1074,781
1.76E+18,RSP,ashimshahnepal,Ashim shah,2/8/2024,21:45:39,"फर्स्ट बेन्चर प्रधानमन्त्री पनि बन्छ जस्तै 
बाबुराम भट्टराई।",9,0,1,359,781
1.76E+18,RSP,ashimshahnepal,Ashim shah,2/8/2024,12:01:53,केही अधिनायकवादी मुलुकबाहेक विश्वबाटै फिल्म सेन्सरसिप हटिसक्यो । बरु फिल्मलाई वर्गीकरण गरी प्रदर्शन अनुमतिको अभ्यास भइसकेको छ । सरकार भने चलचित्र जाँचका नाममा झन्झन् अनुदार बन्दै गएको छ ।,5,2,0,235,781
1.76E+18,RSP,ashimshahnepal,Ashim shah,2/7/2024,18:13:01,बालकुमारीमा  दुई र सर्लाहीमा  एक युवकको ज्यान गएको विषयमा छानविन गर्न बनेका आयोगहरु आजसम्म किन मौन बसीरहेका छन? https://t.co/pusT1yf27O,29,5,2,687,781
1.75E+18,RSP,ashimshahnepal,Ashim shah,2/2/2024,21:12:46,"निरन्तर को दबाब पछि पहिलो पटक सदनको दुई महिनाको क्यालेन्डर निर्माण गरेर अघि बढ्न खोजिएको छ।
https://t.co/iCdRPMqoOZ
बधाई छ @SumanaShrestha",57,8,1,1836,781
1.75E+18,RSP,ashimshahnepal,Ashim shah,1/20/2024,20:46:04,"सदनमा बिरामीभई अनुपस्थित हुनेले प्रमाणस्वरूप बिल बुझाउन पर्ने नियम छत्यो प्रक्रिया ईमानदारीपूर्वक पुरा गरेको हु।भरपाई पैसामागेको पनि होइनर सांसदको तलबखातामा हाल्दिएको कुरा पनिथाहा छैन,पत्ता लगाइदिएरसहयोग गरी दिनु हुने मिडियालाईधन्यवाद।रू ४९४२/जम्मा भएको रहेछ भनेपनि फिर्तागर्नेछु",162,27,37,45028,781
1.75E+18,RSP,ashimshahnepal,Ashim shah,1/19/2024,12:42:59,RT @SumanaShrestha: लगभग १८लाख अमेरिकी डलर खर्च भईसकेको MDMS प्रोजेक्टमा प्रगति न्यून। TERAMOCS ले दिने भनिएको सुविधा सेवाप्रदायकहरूसँगै प…,0,103,0,0,781
1.75E+18,RSP,ashimshahnepal,Ashim shah,1/15/2024,10:21:47,"आज प्रधानमन्त्री प्रचण्ड सहित एउटा मेलम्ची 
केपी ओली सहित ५ ज़नाले ५ पटक उदघाटन गरेका छन !",10,2,0,1030,781
1.74E+18,RSP,ashimshahnepal,Ashim shah,1/8/2024,15:07:55,पहिला प्लेन किनेर खाएर पेट नभरने हरु अब एयरपोर्ट नै  बनाएर ख़ानछन।,12,2,0,637,781
1.74E+18,RSP,ashimshahnepal,Ashim shah,1/4/2024,22:24:57,"जब जब पद को भागबन्डा हुन्छ 
तब तब हम साथ साथ है !! https://t.co/7jkfnORsLh",129,15,5,6888,781
1.74E+18,RSP,ashimshahnepal,Ashim shah,12/22/2023,7:14:38,"सामूहिक सार्वजनिक सुनुवाईमा सम्बन्धित सबैलाई हार्दिक निमन्त्रणा छ। 

पुनस्च: समाजका सबै सरोकारवाला पक्षहरूको प्रतिनिधित्व हुने भएकोले कार्यक्रममा पार्टीको झन्डा, ब्यानर, लोगो वा पोसाक नलगाइदिनु हुन अनुरोध छ ।
#rastriyaswatantraparty #RSP #accountablemp https://t.co/hjCzLa3v1R",13,2,1,306,781
1.74E+18,RSP,ashimshahnepal,Ashim shah,12/14/2023,19:59:19,सेटिंग मा चलेको देशमा अदालत बाट भकाभक सफाई पाएर फेरी फोहोर गर्न तयार नेताहरुलाई बधाई!,17,3,0,484,781
1.74E+18,RSP,ashimshahnepal,Ashim shah,12/14/2023,14:55:53,"त्रिभुवन विमानस्थलको ग्राउण्ड ह्याण्डलिङबारे नेपाल नागरिक उड्डयन प्राधिकरणले गरेको निर्णय, युरोपियन युनियनको 'एयर सेफ्टी लिस्ट'मा नेपालको निरन्तरता र नेपाल एयरलाइन्सका लागि नयाँ विमान किन्ने प्रक्रियाबारे प्रधानमन्त्री पुष्पकमल दाहाललाई ध्यानाकर्षण गराएका छौँ। https://t.co/wjfUzw7W4Y",11,1,0,273,781
1.73E+18,RSP,ashimshahnepal,Ashim shah,11/23/2023,9:00:10,दुईवटा समूहले काठमाण्डु मा शक्ति प्रदर्शन गर्नु को सट्टा जाजरकोट मा शक्ति प्रर्दशन गरे हुने बरु कसले चाँडो  भत्तकेको  घरको पुन:निर्माण गरने भनेर!!,24,3,5,1245,781
1.73E+18,RSP,ashimshahnepal,Ashim shah,11/18/2023,8:01:32,"सांसदको रुपमा - मेरो दोस्रो ""रिपोर्ट कार्ड""

#nepal #parliament  #ktm6  #parlaimentreportcard #rsp #rastriyaswatantraparty https://t.co/265Ga3IMYZ",32,3,2,2563,781
1.72E+18,RSP,ashimshahnepal,Ashim shah,10/30/2023,15:07:35,"नागरिक एपमा भएको सवारी लाइसेन्सलाई ट्राफिकले किन चिन्दैन भनेर सदनमा बारम्बार आवाज उठाइरहेकोमा आज यस विषयको सम्बोधन भएको खबरले निक्कै हर्षित छु। 

प्रविधि सहितको सुशासनका लागि खबरदारी सँगैको साझेदारी जारी छ। https://t.co/ovLb3crNZG",208,22,24,31764,781
1.71E+18,RSP,ashimshahnepal,Ashim shah,10/9/2023,17:36:27,"इजरायलमा १० जना नेपालीको मृत्यु भयो। तर,यो देशका छोरामाथि त्यहाँको हमासले मात्रै आक्रमण गरेको होइन। यहाँको सत्तामा रहेका 'हमास' पनि त्यतिकै जिम्मेवार छन” https://t.co/2CL4ln0TKa",142,23,15,10823,781
1.71E+18,RSP,ashimshahnepal,Ashim shah,10/9/2023,8:32:05,"संघ संस्था भएर पनि बिबाद मिलाऊने सुलझाउने काम गर्न न सकनु अनि न्यायका लागी प्रहरी गुहार्न परने अवस्था आउनु र कलाकारमाँनिर्माता बितरक को पक्राउ पुर्जी जारी हुनु दुःखद कुरा हो ,अदालत पूगेर नै सबै विवाद मिलाऊने हो भनेचलचित्र छेत्र को हित गर्ने भनेर खोलेको संस्थाको औचित्य चाई के हो?",12,2,0,516,781
1.71E+18,RSP,ashimshahnepal,Ashim shah,10/3/2023,21:17:43,"यि देशलाइ जिताउनेहरुलाइ नहराउ !  रास्ट्रको शिर ठडाउनेहरुको शिर झुकाउने अवस्था नबनाउ । खेलाडीको पुरस्कार रकम तुरुन्त देउ सरकार !!
@PM_nepal_ https://t.co/fsbFDEtALp",22,5,0,692,781
1.71E+18,RSP,ashimshahnepal,Ashim shah,9/28/2023,20:41:38,"""असिम, तिम्रो मस्जिदको छाना चुहिए म हेरौंला !
मेरो मन्दिरको गजुरमा केही भयो भने तिमी हेर है !!""
@hamrorabi 

यो हो नेपाल र नेपाली समाजमा रहेको सामाजिक सदभाव र धार्मिक सहिष्णुताको अनुपम उधाहरण जसलाई कसैले चाहेर पनि खलबल्याउन सक्दैन । https://t.co/0lGRRa9lsI",90,21,6,5963,781
1.71E+18,RSP,ashimshahnepal,Ashim shah,9/23/2023,9:37:22,नक्कली शरणार्थी प्रकरणका आरोपितहरू थुनामा पठाउनुपर्ने आदेश गर्ने जिल्ला अदालत काठमाडौंका न्यायाधीश प्रेमप्रसाद न्यान्यौपानेको काठमाडौंबाट रुकुमकोट जिल्ला अदालतमा सरुवा भएको छ ।,13,4,0,317,781
1.71E+18,RSP,ashimshahnepal,Ashim shah,9/22/2023,13:03:41,शिक्षकहरु लाई सड़क बाट कक्ष्i कोठामा फ़र्क़ीने वातावरण मिलेर बनाऊ,5,0,0,223,781
1.70E+18,RSP,ashimshahnepal,Ashim shah,9/14/2023,8:33:57,"हाम्रो लागी हरेक दिन "" father's day "" आमा बुवाको सेवा गर्नुहोस,मन न दुखाऊनु होस आशीर्वाद/दुआ लिनु होस , तपाईंको प्रगति अवस्य हुन्छ।
आमाबुवा ख़ुशी संसार ख़ुशी https://t.co/xKeMwVM8az",42,0,1,2442,781
1.70E+18,RSP,ashimshahnepal,Ashim shah,8/31/2023,21:05:58,"छिमेकी मित्र-राष्ट्र चीनले नेपालको भूमि सहित नेपालीहरुको सार्वभौम संसदबाट पारित भएको नक्साको अवमूल्यन गरेको छ। यसमा हाम्रो आपत्ति छ। 

अविलम्ब , इतिहास अध्ययन गरि नक्सा सच्याउन माग गर्दछौँ। https://t.co/x6m7NnTbXi",31,6,1,943,781
1.70E+18,RSP,ashimshahnepal,Ashim shah,8/26/2023,13:14:37,सदभाब को बीज छरदै भाईचारा फैलाऊ 🙏🇳🇵,5,1,0,321,781
1.69E+18,RSP,ashimshahnepal,Ashim shah,8/25/2023,9:22:48,तीनैवटा तहका सरकारका निकायले सडक का लागि अर्बौं रकम छुट्याए पनि सड़क को हालत यस्तो छ । https://t.co/n7VHMdOuCG,20,5,0,509,781
1.69E+18,RSP,ashimshahnepal,Ashim shah,8/23/2023,20:41:55,गृहमन्त्री नारायणकाजीका विश्वासपात्र अध्यागमनका महानिर्देशक झलकराम अधिकारीको संलग्नता चिनियाँ सुन तस्कर दावा छिरिङसँग रहेको खुलासा भएको छ।  आम नागरिकमा थोरै भएपनि आशा जगाउने अवस्था बन्दै जाँदा गृहमन्त्रीजी तपाईले पनि फेरि नागरिकमा निराशा थप्नुभएको छ। https://t.co/yyrfWNSpDN,12,6,0,485,781
1.69E+18,RSP,ashimshahnepal,Ashim shah,8/23/2023,20:37:50,सांसद विकास कोष लागू नगर्न सर्वोच्चको अन्तरिम आदेश 😎,3,0,0,144,781
1.69E+18,RSP,ashimshahnepal,Ashim shah,8/16/2023,9:08:52,चाइनीज़ सुन तोला को कती??😀 https://t.co/OJJmMUAT73,8,2,0,205,781
1.69E+18,RSP,ashimshahnepal,Ashim shah,8/15/2023,15:03:19,"सरकार महरा लाई सघाउन तयार
महरा अनुसन्धान लाई सघाउन तयार।",4,0,0,108,781
1.69E+18,RSP,ashimshahnepal,Ashim shah,8/14/2023,17:06:10,"सत्तापक्ष र प्रमुख प्रतिपक्ष बीच अलझिएका 
हामी एक थान सांसद 🥲",5,2,0,313,781
1.69E+18,RSP,ashimshahnepal,Ashim shah,8/13/2023,16:59:29,"वर्षायामको समय चलिरहेको छ। देशभरका राजमार्गहरु पहिरोका कारण जतिबेला पनि अवरोध हुन सक्छन् । 
हिजो म आफैं पनि नुवाकोटको कार्यक्रम सकेर काठमाण्डौ फर्कदै गर्दा पहिरोको कारण करिब तीन घण्टा रोकिनु पर्यो। त्यसैले सतर्क रही पूर्व तयारीका साथ अत्यावश्यक परे मात्र यात्रा गरौं। https://t.co/mCOjK56fSR",10,1,0,608,781
1.69E+18,RSP,ashimshahnepal,Ashim shah,8/7/2023,16:46:51,"आज पनि दिन बर्बाद भो सदन मा 
फेरी पनि भब्यताका साथ चलदै छ 
बार्गेनिंग केवल बार्गेनिंग 😞",15,1,0,266,781
1.69E+18,RSP,ashimshahnepal,Ashim shah,8/1/2023,13:44:16,"खाली छ आज पनि सदनरूपी फिलिम हल, 
न निर्देशक आए न दर्शक न कलाकार !
कारण ? 
क्विण्टलको भागवण्डा नमिलेको अवस्था !!
#parliament #shunyasamaye https://t.co/xXRHsC0T7s",87,13,3,9600,781
1.68E+18,RSP,ashimshahnepal,Ashim shah,7/24/2023,16:59:39,"अर्थमन्त्रीको दाबी- सूचना दिनेलाई मैले पुरस्कारको व्यवस्था गरेकाले सय केजी सुन समातियो
अनी हामीले पत्याई दिन पर्न....भारतीय दूतावास संलग्न न भाएको भए सुन त के नुन पनि भेटदैन थियो",4,1,0,206,781
1.68E+18,RSP,ashimshahnepal,Ashim shah,7/20/2023,7:12:54,"vape मा ल्याएको ९ kg सुन मा वहाँ लाई राजनीति मा हैन जेल मा comeback गराऊन पर्छ , सही हो 👌",9,0,0,216,781
1.68E+18,RSP,ashimshahnepal,Ashim shah,7/20/2023,6:10:16,100 kg सुन  लगभग २ महीना मा २० पटक आए छ हरेक चोटी १ अर्ब बराबर को अनि भंसार कार्यालयले यात्रुको २ वटा मोबाइल ल्याएको मात्र हेरी रहयो अनि हामी चाई हेरेको हेरै ..हेरेको हेरै ...,15,3,0,190,781
1.68E+18,RSP,ashimshahnepal,Ashim shah,7/16/2023,22:08:49,हजयात्राका क्रममा हाजीहरूले भोग्नुपरेको कठिनाई सम्बन्धमा आजको बैठकमा सरकारको ध्यानाकर्षण गराएको छु । https://t.co/fs8PS3xSWL,20,0,2,937,781
1.68E+18,RSP,ashimshahnepal,Ashim shah,7/14/2023,7:36:49,"मज़ाक़ चली रहेछ भब्यता का साथ 😀
फ़िल्म नै नहेरी पोस्टर हेरेर कथा त 
हामी सानो बेला सुनाऊ थियौ ।।
https://t.co/lfo2Vv1ouu",12,5,1,730,781
1.68E+18,RSP,ashimshahnepal,Ashim shah,7/12/2023,19:34:05,"आगो को राप जीवन
आगो को ताप जीवन
जन्म र मृत्यु बीच को
आयु को नाप जीवन।।",5,1,0,141,781
1.68E+18,RSP,ashimshahnepal,Ashim shah,7/9/2023,16:54:28,"मेरो दिन बर्बाद भयो
सदन मा तिम्रो फेरी
दिउसो को परखाई थियो
घड़ी हेरी हेरी 🎼🎶",5,2,0,166,781
1.68E+18,RSP,ashimshahnepal,Ashim shah,7/4/2023,15:37:15,"जिब्रो चिप्ले जस्तो छ  प्रधानमन्त्री को ,हुन त यताको सत्ताको चाबी अन्तै छ भनेको सुनिएकै हो पहिला देखी",7,1,0,276,781
1.67E+18,RSP,ashimshahnepal,Ashim shah,6/28/2023,19:32:47,सांसद आफैंले विरोध गरेको बजेट अन्तिममा ताली पड्काएर आफैंले पारित गर्नु परने सत्तापक्ष सांसद लाई  व्हिप को बाध्यता ।,20,1,1,387,781
1.67E+18,RSP,ashimshahnepal,Ashim shah,6/16/2023,15:46:46,"चलचित्र आदिपुरुष को सीता भारतको भन्ने सम्बाद लाई लियर  बिबाद सिर्जना भएको विषय को समाधानको लागी सरकार को ध्यानकर्षण गराईयो।
@PM_nepal_ @rajeshnair06 https://t.co/tQcziC4WNj",14,1,1,258,781
1.67E+18,RSP,ashimshahnepal,Ashim shah,6/9/2023,15:39:40,"कस्तो भाग्यमानी नागरिक हामी एउटा अन्तरास्ट्रिय बिमानस्थल बाट चडेर अर्कों अन्तरास्ट्रिय बिमानस्थल मा ओरलिदा पुगने चाई देश भित्रै
domestic flight लाई international airport प्रयोग गराउने निकाय लाई सलाम । https://t.co/j5iU74Yyce",59,2,2,3341,781
1.67E+18,RSP,ashimshahnepal,Ashim shah,6/7/2023,12:26:25,सञ्चालनमा नआएका साझा यातायातका 34 वटा विद्युतीय बसहरु यथाशिघ्र सञ्चालनमा ल्याइयोस् भनेर सम्बन्धित निकायको ध्यानाकर्षण गराएको छु । https://t.co/56iVcMj7mr,14,1,0,239,781
1.67E+18,RSP,ashimshahnepal,Ashim shah,6/5/2023,21:15:25,नेपालको भौगोलिक अखण्डता र स्वाभिमानमा आँच आउने गरेर जारी भएको अखण्ड भारतको नक्साबारे आफूलाई जानकारी नभएको भनेर गैरजिम्मेवार अभिव्यक्ति दिने पराष्ट्रमन्त्रीको राजीनामा माग गरियो ।,7,3,0,372,781
1.67E+18,RSP,ashimshahnepal,Ashim shah,6/5/2023,21:11:31,नेपालको भौगोलिक अखण्डता र स्वाभिमानमा आँच आउने गरेर जारी भएको अखण्ड भारतको नक्साबारे आफूलाई जानकारी नभएको भनेर गैरजिम्मेवार अभिव्यक्ति दिने पराष्ट्रमन्त्रीको राजीनामा माग गरियो । https://t.co/g6hcMguj8C,18,2,1,422,781
1.66E+18,RSP,ashimshahnepal,Ashim shah,6/1/2023,8:24:22,"धन्न यति त बोले प्रधानमन्त्री ले :भारतको नवनिर्मित संसद् भवनमा राखिएको अखण्ड भारत’को नक्साबारे पनि प्रधानमन्त्री दाहालले डोभाल र क्वात्रासँग चासो राखेका थिए ।हाम्रोतिर पनि मान्छेहरू ग्रेटर नेपाल भनेर नक्सा छाप्छन्, के हामीले बनाउँदै गरेको संसद् भवनमा ग्रेटर नेपालको नक्सा राख्ने ?",6,0,1,174,781
1.66E+18,RSP,ashimshahnepal,Ashim shah,5/31/2023,15:44:51,"भारतीय राज्यमन्त्री ले नेपाल को  प्रधानमन्त्री दाहाललाई स्वागत गरिन
भ्रमण उपलब्धिमूलक रहयो भन्नु पर्ला धन्न बिदेश सचिव आएनन ।",7,0,0,304,781
1.66E+18,RSP,ashimshahnepal,Ashim shah,5/31/2023,13:57:53,"नयाँ जनादेशबाट नयाँ संसद बनेको ६ महिना भइसक्दा पनि संसदमा छलफल नगराइ, यसरी पूरानै विधेयक सरकारले राष्ट्रपतिबाट प्रमाणिकरण गराउनु राष्ट्रपति जस्तो सम्मानीत संस्थाको गरिमा विपरित , लोकतान्त्रित संसदीय मुल्य मान्यता र राष्ट्रहितविरूद्ध छ।",9,1,1,334,781
1.66E+18,RSP,ashimshahnepal,Ashim shah,5/30/2023,16:23:06,"भारतको नयाँ संसद भवनमा राखिएको अखण्ड भारतको नक्शामा कपिलवस्तु, लुम्बिनी पनि उल्लेख हुनु आपत्तिजनक",5,0,1,130,781
1.66E+18,RSP,ashimshahnepal,Ashim shah,5/28/2023,22:39:33,"अस्तिको कुरा बिर्सयौ कि कुन्नि, रेशम
म फिर्ने छैन तिमी लाई छोडेर हो, रेशम
तिमीलार्इ हो छोडेर हो, 
रेशम
रेशम 🎶",15,3,2,587,781
1.66E+18,RSP,ashimshahnepal,Ashim shah,5/23/2023,11:19:31,ल है सभापती को पनि सदनमा डिजिटल हाज़िरी भयो ।🇳🇵 https://t.co/pQbKRRx9rm,52,7,2,1887,781
1.66E+18,RSP,ashimshahnepal,Ashim shah,5/22/2023,11:43:11,सदनको पहिलो सम्बोधनमै सांसदहरूको विद्युतीय हाजिरीको व्यवस्था गर्न माग गरेकोमा आजको प्रतिनिधिसभा बैठकमा विद्युतीय हाजिरीको सुरूवात भएको छ। हाम्रो आवाज र हाम्रो खबरदारीले मूर्त रूप लिँदैछन् । https://t.co/APdIxAeVWg,292,13,6,11207,781
1.66E+18,RSP,ashimshahnepal,Ashim shah,5/19/2023,13:57:28,राष्ट्रपतिज्यूले सडक खाली नगराई संसद भवन जाने खबर पढेर हर्षित छु। राष्ट्रपतिको उम्मेदवार हुँदै गर्दाको भेटमा सवारीको नाममा जनतालाई दुःख दिने कुनै पनि कार्य नगर्नको लागि सुझाव दिएकोमा आज यो विषय सम्बोधन हुँदैछ। सदन र सडक दुवैको आवाजले साँच्चै परिवर्तन ल्याउँदैछ। https://t.co/N3AAzqm9w0,12,0,1,251,781
1.66E+18,RSP,ashimshahnepal,Ashim shah,5/12/2023,11:40:08,"भ्रष्टाचार यो देशको साझा दुश्मन हो,राम्रो काम जसले गरेपनि सघाउनु पर्छ,भ्रष्टाचार विरुद्ध एक हौं। 
#uniteagainstcorruption #WeAgainstCorruption https://t.co/NrK4sZm7dI",19,5,0,364,781
1.66E+18,RSP,ashimshahnepal,Ashim shah,5/10/2023,11:10:17,#weagainstcorrution,4,0,1,141,781
1.66E+18,RSP,ashimshahnepal,Ashim shah,5/10/2023,9:43:43,"सावधान 
ट्रेलर रिलीज़ भयो तर सेंसर बोर्ड लाई  राजनीतिक महारथी हरुले यति धेरै scene काटन लाऊदै छन की अब फ़िल्म रिलीज़ न हुने ख़तरा भयो ,
सड़क र सदन बाट दबाब दिनु को बिकल्प रहेन।",10,0,1,184,781
1.66E+18,RSP,ashimshahnepal,Ashim shah,5/10/2023,9:13:08,"सड़क र सदन दुबै ठाऊ बाट दबाब  दिनु को बिकल्प छैन, नत्र फेरी अर्कों ३३ kg सुन काण्ड जस्तै हुनछ । https://t.co/yr54M72eIf",6,0,0,163,781
1.66E+18,RSP,ashimshahnepal,Ashim shah,5/9/2023,16:21:27,"हामी आफ्नो जिम्मेवारी वहन सँगै पारदर्शिता र जवाफदेहितामा सदैव अडिग छौं। यसैको निरन्तरता स्वरुप आज पहिलो अधिवेशन को आफ्नो प्रतिवेदन प्रस्तुत गरेको छु। यहाँहरुको साथ, सहयोग, सल्लाह र सुझाव प्रति आभारी छु र रहनेछु। https://t.co/nKLGDALaOW",11,1,1,298,781
1.66E+18,RSP,ashimshahnepal,Ashim shah,5/9/2023,13:04:12,"प्रमुख दलका प्रमुख नेताहरु भ्रष्टाचारीहरुलाई बचाउने दौडधुपमा लागेका छन,सड़क अनि सदन बाट बिरोध गरने दबाब दिने बाहेक बिकल्प छैन | https://t.co/uZVHgh2Epd",8,0,0,133,781
1.66E+18,RSP,ashimshahnepal,Ashim shah,5/8/2023,17:41:39,५ अर्ब नाफा भए पनि  ८० करोडको हिसाब गोलमाल गरेको उल्लेख गर्दै असुलीका लागि पहल गरिदिन अर्का साझेदारले मोरङ व्यापार संघ मा उजुरी दिएका छन् ।सुपारी आयात खुलाउन ओली सरकारका पालामा ४६ करोड खर्च भएको निवेदनमा उल्लेख छ ।अदालतमा मुद्दा पर्दा अदालतका नाममा ११ करोड खर्च भएको बताइएको छ|,12,1,1,212,781
1.66E+18,RSP,ashimshahnepal,Ashim shah,5/7/2023,20:41:02,मैले सदनको पहिलो सम्बोधनमै सांसदहरूको विद्युतीय हाजिरीको व्यवस्था गर्न माग गरेको थिए । आज प्रतिनिधिसभा कार्यव्यवस्था परामर्श समितिको बैठकमा ई-हाजिरी सुरू गर्नेबारे छलफल भएको खबर सार्वजनिक भएकोमा हर्षित छु।कुल बैठकको सङ्ख्या -२८  मेरो उपस्थिती - २७ https://t.co/6nFwIL3LLx,257,22,7,16231,781
1.65E+18,RSP,ashimshahnepal,Ashim shah,5/6/2023,16:46:25,"प्रधानमन्त्री :यो ट्रेलर मात्र हो, सिंगो फिल्म हेर्न बाँकी छ(शरणार्थी प्रकरण )
म:प्रधानमन्त्री ज्यू, ट्रेलर गज्जब छ । हामी पूरा फिल्म प्रदर्शनको पर्खाइमा छौं। फिल्म रिलिज भयो भने पक्का ब्लकबस्टर हुनेवाला छ। त्यसैले ट्रेलर रिलिज भएको यो फिल्म यतिकै नहराओस्।",9,0,0,222,781
1.65E+18,RSP,ashimshahnepal,Ashim shah,5/6/2023,12:28:06,"हामीले विश्वासको मत फिर्ता लिँदैमा विश्वासको मत लिन पर्दैन । संविधानमा त्यो लेखेको पनि छैन, र संविधानको मर्म त्यो होइन |",4,0,1,191,781
1.65E+18,RSP,ashimshahnepal,Ashim shah,5/6/2023,8:32:22,करौड़ो पड़काऊने टोपबहादुर रॉयमाझी कहाँ लुके??🧐,7,0,1,1132,781
1.65E+18,RSP,ashimshahnepal,Ashim shah,5/5/2023,10:00:50,"""What you think, you become
What you feel,you attract
What you imagine, you create""
Happy buddha jayanti 🙏",4,0,0,155,781
1.65E+18,RSP,ashimshahnepal,Ashim shah,5/2/2023,16:36:28,"वातावरण संरक्षण र जलवायु परिवर्तनका विषयका जानकार श्रेष्ठ आफ्नो आगामी कार्य योजना अर्थ र दिगो विकासतर्फ केन्द्रित गर्न चाहन्छन् ।
@Himalayabiraj  लाई बधाई 🇳🇵👍

https://t.co/N0fxhjRxKm",8,1,0,267,781
1.65E+18,RSP,ashimshahnepal,Ashim shah,4/26/2023,19:32:43,"मन्त्रीजी सदन मा आउनु भयो ,
प्रश्न उत्तर को क्रम मा प्रश्न गरे नागरिक app मा भएको license नचिन्ने झुत्रो रसिद चिन्ने काम traffic बाट रोकियोस र नागरिक ऐप को utilise होस , मन्त्रीज्यू दलले उत्तर दिनु भएन । https://t.co/gWy8sxArtM",15,6,0,378,781
1.65E+18,RSP,ashimshahnepal,Ashim shah,4/26/2023,8:02:30,"ब्याकारण of राजनिति""अब परिवर्तन हुन्छ -गर्नुपछ 🇳🇵",17,2,0,857,781
1.65E+18,RSP,ashimshahnepal,Ashim shah,4/25/2023,8:32:25,"बैसाख १२ आज पनि भुकम्प 
चितवन र तनहु केन्द्रबिन्दु !",4,1,2,204,781
1.65E+18,RSP,ashimshahnepal,Ashim shah,4/25/2023,6:23:48,"वहाँ को किताब पढदै सदन पुगे ,अब वहाँ लाई लिएर सदन छिरिनछ ,@SwarnimWagle  ३४,४८० मत सहित निर्वाचित हुनुभएको छ। https://t.co/A66EgVkSgH",11,0,0,215,781
1.78E+18,RSP,dolprasadaryal,Dol Prasad Aryal,4/13/2024,7:46:46,हार्दिक शुभकामना ।। https://t.co/ffdEc0aBTg,32,3,4,921,3111
1.78E+18,RSP,dolprasadaryal,Dol Prasad Aryal,4/11/2024,6:46:43,"देश बिदेश मा रहनु भएका सम्पूर्ण इस्लाम धर्मावलम्बीहरुलाई ईद-उल-फ़ित्र को सुभकामना, यस पर्व ले रास्ट्रिय एकता, अखण्डता, आपसी मित्रता, सामाजिक र सांस्कृतिक सदभाव क़ायम रहोस !! https://t.co/rDIvCGvOsm",21,4,0,471,3111
1.77E+18,RSP,dolprasadaryal,Dol Prasad Aryal,3/30/2024,18:46:58,देशभित्रै रोजगारी कसरी सिर्जना गर्न सकिन्छ ? युवाहरूलाई सीप कसरी सिकाउन सकिन्छ ?? अध्यन गर्ने मौका मिलाउनु भएकोमा धन्यवाद ।। https://t.co/OEysB3565L,46,3,1,1061,3111
1.77E+18,RSP,dolprasadaryal,Dol Prasad Aryal,3/24/2024,10:05:41,"रंगहरुको चाड, खुशी र उमंगको उत्सव फागु पूर्णिमा(होली) को उपलक्ष्यमा स्वदेश तथा बिदेशमा रहनुहुने सबैमा हार्दिक मंगलमय शुभकामना ! https://t.co/QGhnlQyQ4z",49,4,5,1132,3111
1.77E+18,RSP,dolprasadaryal,Dol Prasad Aryal,3/18/2024,20:03:29,"Thank you so much to the director of @ILO_Nepal for their presence in the ministry. With the discussion we had today, the whole ministry looks forward to advancing labor standards and ensuring social security as well as bear fruit for prosperity for all through joint efforts.",55,6,7,3198,3111
1.76E+18,RSP,dolprasadaryal,Dol Prasad Aryal,3/1/2024,8:06:41,"राष्ट्रिय स्वतन्त्र पार्टी (रास्वपा) ले उपनिर्वाचन लक्षित गरेर ६ सांसदलाई ६ पालिकामा पठाउने भएको छ।
फागुन १८ गते साँझ पुग्ने, १९ गते इलाममै रहने र २० गते बिहान काठमाडौं फर्किने। https://t.co/tUFtXROyTt",36,6,5,1419,3111
1.76E+18,RSP,dolprasadaryal,Dol Prasad Aryal,2/22/2024,10:30:32,१२ गते शनिबार कपिलवस्तु मा सबैलाई हार्दिक निमन्त्रणा ।। https://t.co/QH9hCfLnUt,34,4,0,794,3111
1.76E+18,RSP,dolprasadaryal,Dol Prasad Aryal,2/18/2024,13:54:27,रुसी सेनामा भर्ना भएका नेपालीको हताहती बढिरहँदा पनि दलालमार्फत अझै भर्तीको प्रयास भइरहेको छ। कूटनीतिरुपमा समस्या समाधानको पहल गर्न सदनमार्फत् सरकारको ध्यानाकर्षण गराउँदै। https://t.co/8Jw755tr3F,56,9,2,1451,3111
1.76E+18,RSP,dolprasadaryal,Dol Prasad Aryal,2/10/2024,15:49:17,सोनाम ल्होसारको सम्पूर्णमा शुभकामना। https://t.co/Eg8aBIjpG2,15,2,0,507,3111
1.76E+18,RSP,dolprasadaryal,Dol Prasad Aryal,2/8/2024,19:12:17,"कान्तिपुर मिडिया ग्रुपले आयोजना गरेको Employment Migration &amp; Remit Summit 2024 को पहिलो सत्र ""आन्तरिक रोजगारी दशक"" सफल पार्न सकस' मा सहभागिता जनाएको छु। https://t.co/TAwVhlBI4C",22,2,5,1189,3111
1.75E+18,RSP,dolprasadaryal,Dol Prasad Aryal,2/3/2024,21:20:39,"रास्वपाको ‘राष्ट्रव्यापी दबाब अभियान’ (माघ २१–चैत २१) 
पहिलो चरण-माघ २१ गते (आइतबार )
स्थानः मेलम्ची खानेपानी अफिस बाहिरको चौर (मेलम्ची बजार, सिन्धुपाल्चोक)
समयः बिहान १० बजे https://t.co/Vs6XVgExpy",96,17,3,3197,3111
1.75E+18,RSP,dolprasadaryal,Dol Prasad Aryal,1/27/2024,7:14:09,आज भारतको नयाँदिल्ली र भोलि हैदराबादमा रहनुहुने नेपालीसमुदाय संग छलफलमा रहनेछौ । https://t.co/zDu4MEedoR,71,9,3,3401,3111
1.74E+18,RSP,dolprasadaryal,Dol Prasad Aryal,1/2/2024,20:46:30,https://t.co/EW2pxB0mFG,15,1,0,489,3111
1.74E+18,RSP,dolprasadaryal,Dol Prasad Aryal,12/30/2023,21:15:30,"सरकार– विकृति–विसंगतिको पहाड बनाउँछ। अनि, सफा गर्न कुच्चो समाए झैं गर्छ। कुच्चोले पहाड के सफा हुन्थ्यो! भो पुग्यो अब पहाड सफा गर्न कुच्चो समाउने सरकार। 
सरकार– सुशासन र समृद्धिका चर्का भाषण गर्छ। 
जे गर्दा पनि स्वीकार्नु दासता हो।‘जवाफ चाहियो सरकार!’
#जवाफचाहियोसरकार https://t.co/Fl3XtGW4Y8",77,12,2,2072,3111
1.74E+18,RSP,dolprasadaryal,Dol Prasad Aryal,12/28/2023,8:42:58,आज चितवन र भोलि धादिङ मा हार्दिक निमन्त्रणा https://t.co/MvtgmbtbWM,41,5,1,871,3111
1.74E+18,RSP,dolprasadaryal,Dol Prasad Aryal,12/23/2023,12:54:48,कास्कीको माछापुच्छ्रे गाउँपालिका भेला। जय घण्टी। https://t.co/ZaKhkcWBzs,36,2,1,568,3111
1.74E+18,RSP,dolprasadaryal,Dol Prasad Aryal,12/22/2023,19:59:11,म पनि भोलिको यो कार्यक्रम मा उपस्थित हुदैछु।सबैलाई हार्दिक स्वागत ।। https://t.co/iBLvdpncMv,65,4,1,2102,3111
1.74E+18,RSP,dolprasadaryal,Dol Prasad Aryal,12/22/2023,18:31:23,काठमाडौ जिल्लामा भोलिको कार्यक्रम ।। https://t.co/YoyE7vUzFI,22,2,0,383,3111
1.74E+18,RSP,dolprasadaryal,Dol Prasad Aryal,12/22/2023,13:15:53,"नेत्रावती डबजोङ गाउँपालिका धादिङको प्रथम भेलामा प्रमुख वक्ताका रूपमा उपस्थिति जनाउँदै पार्टीका उपसभापति एवं माननीय डीपी अर्याल । भेलामा पार्टी केन्द्रीय सदस्य एवं माननीय सोबिता गौतम, पार्टीका सहप्रवक्ता रमेश प्रसाईंलगायतको उपस्थिति थियो । https://t.co/HcvFkaUpe8",38,5,3,775,3111
1.74E+18,RSP,dolprasadaryal,Dol Prasad Aryal,12/19/2023,16:32:21,पुस ६ गतेका लागि हार्दिक निमन्त्रणा। https://t.co/rjlj1DrvhJ,33,2,1,618,3111
1.74E+18,RSP,dolprasadaryal,Dol Prasad Aryal,12/16/2023,10:51:07,काठमाडौ क्षेत्र न ९ मा आउदैछौ ... https://t.co/uil6dbWFmA,31,4,0,446,3111
1.74E+18,RSP,dolprasadaryal,Dol Prasad Aryal,12/14/2023,9:34:24,"त्रिभुवन विमानस्थलको ग्राउण्ड ह्याण्डलिङबारे नेपाल नागरिक उड्डयन प्राधिकरणले गरेको निर्णय, युरोपियन युनियनको 'एयर सेफ्टी लिस्ट'मा नेपालको निरन्तरता र नेपाल एयरलाइन्सका लागि नयाँ विमान किन्ने प्रक्रियाबारे प्रधानमन्त्री पुष्पकमल दाहाललाई ध्यानाकर्षण गराएका छौँ। https://t.co/ZY3PtBNQDG",36,4,0,1481,3111
1.73E+18,RSP,dolprasadaryal,Dol Prasad Aryal,12/13/2023,21:40:16,काठमाडौ क्षेत्र न ९ मा सबैलाई निमन्त्रणा । https://t.co/ugnDw2x28e,24,6,0,578,3111
1.73E+18,RSP,dolprasadaryal,Dol Prasad Aryal,12/6/2023,17:55:09,मनोनीत केन्द्रीय सदस्य एवं पदाधिकारीहरूको शपथ ग्रहण कार्यक्रम । सम्पूर्णलाई बधाई एवं सफल कार्यकालको शुभकामना। https://t.co/DPjOqWSTJo,29,3,0,680,3111
1.73E+18,RSP,dolprasadaryal,Dol Prasad Aryal,12/6/2023,11:57:26,"लमजुङ, बेशिसहर मा छोटो तर अर्थपूर्ण छलफल भयो । https://t.co/qOOl9wIKta",17,0,0,362,3111
1.73E+18,RSP,dolprasadaryal,Dol Prasad Aryal,12/5/2023,11:44:34,"रास्वपाको विदेश गतिविधिबारे नयाँ पत्रिकामा राखिएको धारणाा।
https://t.co/Ds0t4WbwbG https://t.co/GuUS2hTfmA",35,4,0,1098,3111
1.73E+18,RSP,dolprasadaryal,Dol Prasad Aryal,12/2/2023,17:55:15,पार्टी सभापतिज्यु लगायत केन्द्रीय नेताहरु बिदेशमा रहनुहुने शुभचिन्तक लगायत नेपाली समुदाय लाई धन्यवाद सहित उहाँहरसंग सुझाब लिने क्रममा आज मलेसिया प्रस्थान गर्दैहुनुहुन्छ । सबैलाई निमन्त्रणा ।।। https://t.co/SJbUqRXrHs,47,4,7,4621,3111
1.73E+18,RSP,dolprasadaryal,Dol Prasad Aryal,12/1/2023,17:50:18,बीबीसी न्यूज नेपालीका विष्णु पोखरेलसँग गरिएको कुराकानी।,24,1,3,1484,3111
1.73E+18,RSP,dolprasadaryal,Dol Prasad Aryal,12/1/2023,11:23:25,महोत्तरीको जलेश्वर मन्दिरमा मंसिर १३ गते भएको कार्यक्रमलाई सम्बोधन गर्दै। https://t.co/UNvcjqiJb4,70,4,4,21381,3111
1.73E+18,RSP,dolprasadaryal,Dol Prasad Aryal,11/30/2023,22:07:24,जलेश्वर महादेव को प्राङ्गणमा ... https://t.co/xAy8C02LJw,19,2,3,752,3111
1.73E+18,RSP,dolprasadaryal,Dol Prasad Aryal,11/27/2023,15:01:37,रास्वपाकाे केन्द्रीय समिति र संसदीय दलकाे संयुक्त बैठक महाेत्तरीकाे जलेश्वरमा  सुरु भएको छ। बैठक बुधबार सम्पन्न हुनेछ। https://t.co/UCgNrhbswQ,39,7,3,858,3111
1.73E+18,RSP,dolprasadaryal,Dol Prasad Aryal,11/27/2023,12:12:16,गुरु नानक जयन्तीको शुभकामना https://t.co/OJNhHv0yiM,12,0,0,290,3111
1.73E+18,RSP,dolprasadaryal,Dol Prasad Aryal,11/24/2023,20:51:34,अब मधेशमा पनि बज्नेछ घण्टी। पहिलो दिन पर्सा र बारामा सफलतापूर्वक कार्यक्रम सम्पन्न भएको छ।  कार्यक्रम सफल पार्न सहयोग गर्नु हुने सबैमा हार्दिक आभार। भोलि हामी रौतहटमा हुनेछौं। रौतहटवासी सम्पूर्णलाई हार्दिक आमन्त्रण। https://t.co/o0S02g25Oo,27,3,0,534,3111
1.73E+18,RSP,dolprasadaryal,Dol Prasad Aryal,11/23/2023,14:50:01,भोलिबाट मधेस प्रदेश का ८ जिल्लामा हामी आउदैछौ ।। https://t.co/fzj8G9Wwfu,20,2,2,479,3111
1.73E+18,RSP,dolprasadaryal,Dol Prasad Aryal,11/23/2023,14:18:36,हार्दिक निमन्त्रणा। https://t.co/1C0FM6x2Rn,20,3,0,525,3111
1.73E+18,RSP,dolprasadaryal,Dol Prasad Aryal,11/19/2023,7:56:05,छठ पर्वको सम्पूर्णमा शुभकामना । https://t.co/g2zGEg8hat,16,1,0,374,3111
1.73E+18,RSP,dolprasadaryal,Dol Prasad Aryal,11/18/2023,14:42:28,"सुनाउन होइन, सुन्न र धन्यवाद दिन सुरु गरिएको घरदैलो अभियानअन्तर्गत धादिङ क्षेत्र नम्बर २ का जनतासँग। https://t.co/A6rXA3uTSZ",32,2,3,1259,3111
1.73E+18,RSP,dolprasadaryal,Dol Prasad Aryal,11/18/2023,9:54:11,"सुनाउन होइन, सुन्न र धन्यवाद दिन सुरु गरिएको घरदैलो अभियानअन्तर्गत धादिङ क्षेत्र नम्बर १ का जनतासँग साक्षात्कार गर्दै। https://t.co/85JEB4rxg8",20,3,3,586,3111
1.73E+18,RSP,dolprasadaryal,Dol Prasad Aryal,11/18/2023,9:44:48,जनकेन्द्रित राजनीतिको आधारः घरदैलोमा जनतालाई आभार! https://t.co/qjN9zAASJ9,37,6,2,911,3111
1.72E+18,RSP,dolprasadaryal,Dol Prasad Aryal,11/11/2023,10:20:15,गल्छी गाउँपालिकाको प्रथम भेला तथा कमिटी गठन कार्यक्रम । https://t.co/3H9NcRFPNC,30,5,1,829,3111
1.72E+18,RSP,dolprasadaryal,Dol Prasad Aryal,11/10/2023,22:01:59,"गृहमन्त्रीज्यू, खुला आकाशमुनि काेही भए, म्याट र ब्ल्याङकेट बिना काेही रहे र कसैले खान नपाए सीडीओलाई कारबाही गर्ने चेतावनी दिनु भएछ। भूकम्पकाे सात दिन बित्दा पनि कुसे गा पा रमेश नेपाली, लक्ष्मण नेपाली र विमला नेपाली आजपनि बिना म्याट खुला आकाशमुनि सुत्दै हुनुहुन्छ,अब कारबाहीकसलाई ? https://t.co/ddhNbq9xlO",47,6,0,1703,3111
1.72E+18,RSP,dolprasadaryal,Dol Prasad Aryal,11/10/2023,9:11:36,"भोलि शनिबार २५ गते धादिङको गल्छी, नुवाकोटको बिदुर र काठमाडौको का म पा १६ नयाँबजार मा सबैलाई हार्दिक निमन्त्रणा ।। https://t.co/sQpoLgaPJf",26,7,0,861,3111
1.72E+18,RSP,dolprasadaryal,Dol Prasad Aryal,11/6/2023,20:49:21,राष्ट्रिय स्वतन्त्र पार्टीको तर्फबाट जाजरकोट र रुकुम (पश्चिम)का भूकम्प प्रभावितको तत्कालिन राहत र दीर्घकालीन व्यवस्थापनका लागि सरकारको ध्यानाकर्षण गराएका छौं। दुर्गमका वास्तविक प्रभावितले राहत नपाउने विगतको कमजोरी नदोहोर्‍याउन सरकारलाई सचेत गराएका छौ। https://t.co/6p6TOyIjv8,31,1,1,971,3111
1.72E+18,RSP,dolprasadaryal,Dol Prasad Aryal,11/6/2023,17:05:32,जाजरकोट र रुकुम (पश्चिम)का भूकम्प प्रभावितको तत्कालीन राहत र दीर्घकालीन व्यवस्थापनका लागि सरकारको ध्यानाकर्षण गराएका छौँ। साथै एकद्वार प्रणालीको नाममा सदरमुकामसहित सुगम ठाउँमा राहत थुप्रिने तर दुर्गमका वास्तविक प्रभावितले नपाउने विगतको कमजोरी नदोहोर्‍याउन पनि सचेत गराएका छौँ। https://t.co/J93q7xdUhB,24,2,0,579,3111
1.72E+18,RSP,dolprasadaryal,Dol Prasad Aryal,11/4/2023,9:34:15,RAT विभागद्वारा आयोजित रक्तदान कार्यक्रममा रक्तदान गर्दै। https://t.co/NNVrtpRYTi,16,0,0,333,3111
1.72E+18,RSP,dolprasadaryal,Dol Prasad Aryal,11/3/2023,20:12:01,प्रथम सल्यानटार कृषि प्रदर्शनी तथा व्यापार मेलालाई सम्बोधन। https://t.co/GHzJq19bNy,25,2,1,824,3111
1.72E+18,RSP,dolprasadaryal,Dol Prasad Aryal,10/28/2023,14:34:59,शुभकामना तथा नगर भेला कार्यक्रम ललितपुर । https://t.co/pXM6UEQOIm,38,3,0,735,3111
1.72E+18,RSP,dolprasadaryal,Dol Prasad Aryal,10/21/2023,6:55:47,"महान चाड विजयादशमी, शुभदीपावली, छठपर्व र नेपाल संवत् ११४४ को पावन अवसरमा देशविदेशमा रहनु भएका सम्पूर्ण नेपालीहरूमा सुख, शान्ति र समृद्धिको हार्दिक मंगलमय शुभकामना व्यक्त गर्दछु । https://t.co/eJqOdN7zA2",82,7,7,1955,3111
1.71E+18,RSP,dolprasadaryal,Dol Prasad Aryal,10/19/2023,12:44:50,"विजयादशमी, शुभ दीपावली, न्यु दया भिन्तुना तथा छठ पर्वको अवसरमा राष्ट्रिय स्वतन्त्र पार्टी काठमाडौं जिल्ला क्षेत्र न. २ ले आयोजना गरेको शुभकामना आदानप्रदान कार्यक्रममा उपस्थिति जनाउँदै। https://t.co/uWcbnEqfsh",35,4,0,801,3111
1.71E+18,RSP,dolprasadaryal,Dol Prasad Aryal,10/15/2023,11:25:21,विजयादशमीको पहिलो दिन घटस्थापनाको शुभकामना । https://t.co/opPOLnUDyY,26,1,1,742,3111
1.71E+18,RSP,dolprasadaryal,Dol Prasad Aryal,10/14/2023,10:37:48,"बडादशैँ, शुभ दीपावली, नेपाल संवत् र छठ पर्वको अवसरमा धादिङ-काठमाडौं सम्पर्क विभाग र लमजुङ-काठमाडौं सम्पर्क विभागले काठमाडौंमा आयोजना गरेको छुट्टाछुट्टै कार्यक्रममा उपस्थिति जनाउँदै। https://t.co/CT15nonAdH",18,1,0,956,3111
1.71E+18,RSP,dolprasadaryal,Dol Prasad Aryal,10/12/2023,12:33:33,काठमाडौँमा आज (२०८० असोज २५ गते) आयोजित ‘रास्वपासँग एनआरएनएको अपेक्षा र एनआरएनएप्रति रास्वपाको धारणा’ विषयक अन्तरक्रिया कार्यक्रम। https://t.co/1CgFgnHKto,18,0,1,631,3111
1.71E+18,RSP,dolprasadaryal,Dol Prasad Aryal,10/5/2023,10:56:01,"जिल्ला समन्वय समिति धादिङको आयोजनामा आजबाट सुरु भएको दुईदिने संघीय, प्रादेशिक र स्थानीय तहहरूको वार्षिक समीक्षा कार्यक्रममा उपस्थिति जनाउँदै। https://t.co/0WDJSBBUjh",19,4,0,559,3111
1.71E+18,RSP,dolprasadaryal,Dol Prasad Aryal,10/4/2023,13:05:50,"अपांगता भएका व्यक्तिहरूका लागि स्वाबलम्बन जीवन पद्धति केन्द्र (सीआईएल), काठमाडौँका अध्यक्ष, महासचिवलगायतका पदाधिकारीहरूसँग भेटघाट । उहाँहरूले अपांगता समावेशी राजनीतिका लागि पहल गरिदिन ५ बुँदे माग पत्र बुझाउनुभएको छ । https://t.co/xeZxf1Cjwv",17,5,0,1209,3111
1.71E+18,RSP,dolprasadaryal,Dol Prasad Aryal,9/28/2023,8:49:14,काठमाडौँ उपत्यकालगायत विभिन्न ठाउँमा वर्षा र सहकालका देवता इन्द्रको पूजा आराधना गरी परम्परागत रूपमा मनाइने महान पर्व इन्द्रजात्राको उपलक्ष्यमा देश विदेशमा रहनुभएका सम्पूर्णमा हार्दिक शुभकामना व्यक्त गर्दछु। https://t.co/QAU8sNsSC6,19,1,0,713,3111
1.70E+18,RSP,dolprasadaryal,Dol Prasad Aryal,9/20/2023,9:54:45,जनताको कठोर संघर्षपछि बनेको जननिर्वाचित संविधानसभाले संविधान बनाएको ऐतिहासिक दिन हो आज। व्यवस्था परिवर्तन भए पनि अवस्था भने परिवर्तन हुन बाँकी नै छ। त्यसका लागि हामीले गर्नुपर्ने काम थुप्रै छन्। अतः यो संविधान दिवसले सबैको ध्यान अवस्था परिवर्तनतर्फ केन्द्रित गरोस्। शुभकामना। https://t.co/j0SbBadkjA,11,1,0,368,3111
1.70E+18,RSP,dolprasadaryal,Dol Prasad Aryal,9/15/2023,11:11:14,धादिङ क्षेत्र नं. २ को पार्टी कार्यालयमा घण्टीमित्रहरूसँग भेटघाट गर्दै। https://t.co/eQ1JJzHyKu,40,0,0,1027,3111
1.70E+18,RSP,dolprasadaryal,Dol Prasad Aryal,9/14/2023,17:40:58,ज्वालामुखी गाउँपालिकाका विभिन्न ठाउँमा भेटघाट। https://t.co/0i1RY4pWzh,17,0,1,550,3111
1.70E+18,RSP,dolprasadaryal,Dol Prasad Aryal,9/14/2023,8:57:30,आज ज्वालामुखी गाउँपालिकामा विभिन्न भेटघाट कार्यक्रम गरी २९ गते बेनिघाटको पालिका भेलामा आउने छु। कार्यक्रममा सबैलाई स्वागत छ। https://t.co/5oVaQej3Lt,34,3,0,1029,3111
1.70E+18,RSP,dolprasadaryal,Dol Prasad Aryal,9/9/2023,16:17:45,रुपन्देहीको तिलोत्तमा नगर भेला। https://t.co/k8GJzinQ0g,59,3,4,4036,3111
1.70E+18,RSP,dolprasadaryal,Dol Prasad Aryal,9/2/2023,16:27:25,"रामेछापको सुनापति, खाँडादेवी र दोरम्बा शैलुङ गाउँपालिकाको संयुक्त भेला। https://t.co/Pqj3tyEB8Y",35,3,1,777,3111
1.70E+18,RSP,dolprasadaryal,Dol Prasad Aryal,8/31/2023,18:37:23,हामी आउदैछौ तपाइँहरुसग भेटघाट गर्न । https://t.co/d6pOn7l00n,50,5,1,902,3111
1.70E+18,RSP,dolprasadaryal,Dol Prasad Aryal,8/31/2023,8:41:36,"हरेक वर्ष श्रावण शुक्ल पूर्णिमाका दिन मनाइने जनै पूर्णिमा, रक्षा बन्धन र क्वाँटी खाने पर्वले सामाजिक, सांस्कृतिक, जातीय एकता र आपसी सद्भाव बढाओस् भन्ने कामना गर्दै देशविदेशमा रहनुभएका सम्पूर्ण आमाबुबा, दाजुभाइ तथा दिदीबहिनीहरूमा सुख, शान्ति र समृद्धिको शुभकामना व्यक्त गर्दछु। https://t.co/hKOL44IvA3",26,2,2,712,3111
1.70E+18,RSP,dolprasadaryal,Dol Prasad Aryal,8/26/2023,13:27:35,नेशनल प्याब्सन मधेश प्रदेश समितिको आयोजनामा वीरगन्जमा आयोजित हाजिरीजवाफ प्रतियोगिता कार्यक्रममा उपस्थिति जनाउँदै । https://t.co/lmtaWcJFO6,27,2,0,597,3111
1.69E+18,RSP,dolprasadaryal,Dol Prasad Aryal,8/24/2023,14:22:53,श्रमिकहरूको न्यूनतम पारिश्रमिक कार्यान्वयनका लागि संस्थागत अनुगमन बढाउन संसदबाट सरकारको ध्यानाकर्षण गराउँदै। https://t.co/0P15GKHxNj,38,6,1,1111,3111
1.69E+18,RSP,dolprasadaryal,Dol Prasad Aryal,8/19/2023,13:05:09,कीर्तिपुर नगर भेला तथा समिति गठन कार्यक्रममा सहभागी। https://t.co/0pEkbr4AeP,38,5,4,898,3111
1.69E+18,RSP,dolprasadaryal,Dol Prasad Aryal,8/8/2023,14:25:11,"हार्दिक निमन्त्रणा 
बर्दघाट नगरपालिका नगर भेला
पार्टी सभापति तथा उपसभापतिको विशेष उपस्थितीमा सम्बोधन हुने नगर भेलामा सम्पूर्ण महानुभाव एवम् शुभचिन्तकज्यूहरूलाई हार्दिक निमन्त्रण गर्दछौं ।

मितिः २०८० श्रावण २७ गते शनिबार
समयः बिहान ७ः३० देखि १०ः३० सम्म https://t.co/7HUWaBjv9Y",36,6,1,1290,3111
1.69E+18,RSP,dolprasadaryal,Dol Prasad Aryal,8/7/2023,17:07:26,"स्वघाेषित शीर्ष नेताहरूकै कारण आज पनि सदन चल्न सकेन ।
जनताका मुद्दामा होइन आफ्नै भागबण्डामा रमाउने दल र तिनका नेताबाट जनताले के अपेक्षा गर्ने ??",60,13,4,2387,3111
1.68E+18,RSP,dolprasadaryal,Dol Prasad Aryal,7/20/2023,12:12:48,काभ्रेका विभिन्न पालिका र वडासम्म पुगेर जनतासँग भेटघाट गरी भलाकुसारी गरियो। पार्टीको एउटा ड्रिम प्रोजेक्ट अध्ययनका लागि युवा नेता प्रविण ढकालले साथ दिनुभयो। https://t.co/9P4qRQIiY6,31,1,1,612,3111
1.68E+18,RSP,dolprasadaryal,Dol Prasad Aryal,7/14/2023,17:36:54,"आज असार २९ गते साँझ ८ बजे र असार ३० गते बिहान ७ बजे पोखरामा भेटघाट, ११ बजे स्याङ्जाको पुतलीबजार नगर भेला कार्यक्रम । उपस्थितिका लागि सबैमा हार्दिक अनुरोध । https://t.co/l06HjtnqH6",37,3,0,907,3111
1.68E+18,RSP,dolprasadaryal,Dol Prasad Aryal,7/12/2023,14:50:33,"नेपालमा ऊर्जा क्षेत्रको अवस्था र चुनौतीहरूका विषयमा स्वतन्त्र ऊर्जा उत्पादकहरूको संस्था नेपाल (इपान) सँग बुधबार घण्टीघरमा भएको अन्तरक्रिया कार्यक्रम। इपानले राष्ट्रिय स्वतन्त्र पार्टीका सांसद, केन्द्रीय सदस्यहरूलाई ऊर्जा क्षेत्रको अवस्थाबारे जानकारी गराएको थियो। https://t.co/NvgX80gzmI",37,0,1,1119,3111
1.68E+18,RSP,dolprasadaryal,Dol Prasad Aryal,7/9/2023,16:18:37,कपिलवस्तुदेखि अर्घाखाँचीका विभिन्न वडा र पालिकाहरूमा देखिएको उत्साह।  असारे झरी नभनी उपस्थित भइदिनुभएकोमा सबैलाई हृदयदेखि आभार व्यक्त गर्दछु। https://t.co/lJpifKXJkl,56,6,1,1975,3111
1.68E+18,RSP,dolprasadaryal,Dol Prasad Aryal,7/7/2023,19:58:17,आज घण्टीघरमा भएको गैरआवासीय नेपालीसम्बन्धी कानून विषयक अन्तरक्रिया कार्यक्रम। https://t.co/mWxzXYb5cX,34,3,1,1046,3111
1.68E+18,RSP,dolprasadaryal,Dol Prasad Aryal,7/7/2023,14:14:30,राष्ट्रिय स्वतन्त्र पार्टीको लुम्बिनी प्रदेशस्तरीय प्रशिक्षण कार्यक्रम आज (शुक्रबार) बाट भैरहवामा सुरु भएको छ। प्रशिक्षण कार्यक्रम दुई दिनसम्म चल्नेछ। https://t.co/L8G5sZ20bg,65,3,3,2574,3111
1.68E+18,RSP,dolprasadaryal,Dol Prasad Aryal,7/7/2023,13:50:17,हामी भोलि धादिङको २ ओटा कार्यक्रम मा आउनेछौ । थाक्रे गा पा र गजुरी गा पा ।। https://t.co/ohlpq9FCDK,44,4,2,2330,3111
1.68E+18,RSP,dolprasadaryal,Dol Prasad Aryal,7/3/2023,21:22:03,"लामो समयदेखि अमेरिका र फिनल्यान्डलाई कर्मभूमि बनाएर विभिन्न पेसा व्यवसायमा आबद्ध हुनुभएका तीन फरक टोलीसँग घण्टीघरमा भएको छलफल। सो छलफल आईटी, हाइड्रो, मेडिकल इनोभेसनलगायतमा लगानी र रोजगार सिर्जना गर्नेबारे केन्द्रित थियो। https://t.co/M4rsfRPE5J",46,3,2,1767,3111
1.68E+18,RSP,dolprasadaryal,Dol Prasad Aryal,7/3/2023,7:52:53,अज्ञानता हटाउँदै सत्मार्ग देखाउने सम्पूर्ण गुरुहरूमा गुरुपूर्णिमाको शुभकामना। https://t.co/JZ6qMH9hFf,31,3,1,833,3111
1.68E+18,RSP,dolprasadaryal,Dol Prasad Aryal,7/2/2023,9:06:55,राष्ट्रिय स्वतन्त्र पार्टी नागार्जुन नगर भेला तथा कमिटी गठन कार्यक्रम। https://t.co/X0oVyfCBJr,32,3,1,1250,3111
1.68E+18,RSP,dolprasadaryal,Dol Prasad Aryal,7/1/2023,12:25:58,आजको दोस्रो कार्यक्रमः ६५ औँ संसद् दिवसको अवसरमा नयाँ बानेश्वरस्थित संसद् भवनको ल्होत्से हलमा आयोजित कार्यक्रम। https://t.co/qspL7KGLc7,18,1,0,412,3111
1.68E+18,RSP,dolprasadaryal,Dol Prasad Aryal,7/1/2023,12:12:21,राष्ट्रिय स्वतन्त्र पार्टी तारकेश्वर गाउँपालिका नुवाकोटको प्रथम गाउँपालिका भेला। https://t.co/8XhOqSkL5Q,28,2,1,821,3111
1.67E+18,RSP,dolprasadaryal,Dol Prasad Aryal,6/30/2023,8:13:37,"मानो रोपेर मुरी फलाउने दिनका रूपमा लिइने  १५ असार, नेपाली किसानहरूका लागि महत्त्वपूर्ण दिन हो। कृषिप्रधान देश भएर पनि खाद्यान्न,मल,बिउको लागि अन्य मुलुकको भर पर्नु परिरहेका बेला राष्ट्रिय धान दिवसले कृषिमा आत्मनिर्भर, आधुनिकीकरण, किसानको जीवनस्तरमा सुधार  ल्याउन सकोस शुभकामना। https://t.co/tZwNmUb1DT",16,1,1,469,3111
1.67E+18,RSP,dolprasadaryal,Dol Prasad Aryal,6/29/2023,14:26:05,"यही असार १५ गते काठमाडौँको तारकेश्वर-५, धिताल चोकमा रोपाइँ गर्दै दही चिउरा खाने रमाइलो कार्यक्रम भएको हुँदा सम्पूर्ण नेपाली आमाबुबा, दाजुभाइ, दिदीबहिनीहरूमा यसै सूचनालाई आधिकारिक मानेर उपस्थित भई कार्यक्रमलाई सफल बनाइदिन अनुरोध गर्दछौँ। -डीपी अर्यालको सचिवालय https://t.co/l1iimhoZIb",61,1,0,1539,3111
1.67E+18,RSP,dolprasadaryal,Dol Prasad Aryal,6/29/2023,7:24:43,"इस्लाम धर्मावलम्बीहरूको महान् चाड बकर इद (इद उल अजहा) को स्वदेश तथा विदेशमा रहनुभएका सम्पूर्ण आमाबुबा, दिदीबहिनी तथा दाजुभाइहरूमा सुख, शान्ति र समृद्धिको कामना गर्दछु। धार्मिक सहिष्णुता र सामाजिक सद्भाव कायम राख्दै देश निर्माणमा एकताबद्ध हुन हामी सबैमा प्रेरणा मिलोस्।  शुभकाना। https://t.co/ezMNwzOXWz",35,1,1,1535,3111
1.78E+18,RSP,hamrorabi,Rabi Lamichhane,4/16/2024,18:59:47,"कान्तिपुर लगायतका केही मिडियाहरुले आज फरक तरकारी पस्केछन्।  ""आलु काउली"" खाँदा खाँदा वाक्क लाग्याथ्यो।  आज ""काउली आलु"" आएछ। फरक त्यत्ति हो। 

भ्रम पढेर भ्याइ सकियो होला भन्ने सम्झेर केही तथ्यहरु २ बुँदामा राख्दैछु:  

बुदा नं. १: 
रवि लामिछानेको नाममा Fake  धितो ऋण खाता Create गरी…",1315,218,626,203120,502292
1.78E+18,RSP,hamrorabi,Rabi Lamichhane,4/13/2024,12:02:07,हाम्रो तर्फबाट तपाईंलाई नयाँ वर्षको धेरै शुभकामना। https://t.co/AVVS1VqK7s,1088,31,86,38234,502292
1.78E+18,RSP,hamrorabi,Rabi Lamichhane,4/12/2024,19:59:59,"नयाँ वर्षसँगै तीन सुरुवात–

- काठमाडौंको माइतीघरदेखि बानेश्वरसम्म कायम निषेधित क्षेत्र हटाइएको छ। 

- ठमेल र दरवारमार्ग क्षेत्र व्यापारिक प्रयोजनका लागि स्पष्ट मापदण्ड, आचारसंहिता र पूर्ण सुरक्षा प्रत्याभूतिसहित नयाँ वर्ष २०८१ सँगै  २४ सै घण्टा खुल्दै छ।
 
- शान्तिपूर्ण आन्दोलन… https://t.co/u8T7xZCaOG",1537,181,293,117364,502292
1.78E+18,RSP,hamrorabi,Rabi Lamichhane,4/11/2024,11:11:05,"देश-विदेशमा रहनु भएका इस्लाम धर्मावलम्बीमा ईद-उल-फ़ित्रको मंगलमय शुभकामना। 
धार्मिक-सांस्कृतिक विविधतामा नेपालीबीचकाे एकतालाई परिस्कृत बनाउन यस्ता पर्वले सदीयाैंदेखि याेगदान गरेका छन्। त्यसकाे सुदृढ निरन्तरता नै  राष्ट्रिय एकताको मुख्य आधार हो। जसलाई थप मजबुद बनाउन हामी सबैलाई… https://t.co/fPG5c4EV8G",879,50,57,40112,502292
1.77E+18,RSP,hamrorabi,Rabi Lamichhane,3/24/2024,8:47:51,"रंगाेत्सवकाे पर्व फागुले नेपालीबीच हार्दिक र सु-सम्बन्ध अभिवृद्धिमा सदा उत्प्रेरणा प्रदान गराेस्, शुभकामना। 

ह्याप्पी हाेली ...!! https://t.co/ta9VwMHsDU",1668,59,141,52704,502292
1.77E+18,RSP,hamrorabi,Rabi Lamichhane,3/23/2024,19:49:34,प्रिय नेपाली कांग्रेसका नेताज्युहरुमा मेरो नमस्कार । आज म सिङ्गो देशलाई साक्षी राखेर नेपाली कांग्रेसलाई मेरो सानो अनुरोध सार्वजनिक गर्दैछु। तपाईंको पार्टीले म माथी कयौं प्रश्नहरु सदनमा निरन्तर उठाइरहेको छ। म तीनको जवाफ सदनमा उभिएर दिन चाहन्थें। तर तपाईहरुले प्रधानमन्त्रीको जवाफ…,1992,277,478,249024,502292
1.77E+18,RSP,hamrorabi,Rabi Lamichhane,3/12/2024,9:20:39,"देश भरका सम्पुर्ण राष्ट्रसेवक  प्रहरीहरु लाई मेरो अपिल:

देशको कुनै पनि भागमा कुनैपनि ब्यक्ति वा समुहले गैरकानुनी काम गरेको छ, गैरकानुनी धन्दा चलाएको छ,कर छली गरेको छ, गुण्डागर्दी, धाक धम्की, तस्करी लगायतका अपराध गरेको छ भने त्यसलाई कारवाही गर्न मेरो वा कसैको आदेश कुर्नु पर्दैन।…",1938,216,483,151790,502292
1.77E+18,RSP,hamrorabi,Rabi Lamichhane,3/11/2024,7:57:06,"२१५१ औं ग्याल्पाे ल्होसारको शेर्पा समुदायलगायत सम्पूर्ण मा हार्दिक शुभकामना। 
यस महत्त्वपूर्ण सांस्कृतिक पर्वले सबै नेपालीबीच उत्साह र  उमङ्ग बढाउँदै आपसी एकता, सद्भाव एवं मित्रता अभिवृद्धि गर्न प्रेरणा दिन सकोस्।",574,32,55,41469,502292
1.77E+18,RSP,hamrorabi,Rabi Lamichhane,3/8/2024,12:55:11,"""चेक लिस्ट"" सहित आएका  छौ । ""कम्प्रोमाइज"" हुन्न। केही समय ""होम वर्क"" मा रहनेछौ।

जय शम्भो.. जय नेपाली सेना ...जय नारी..
शिव रात्री, नेपाली सेना दिवस तथा नारी दिवसको धेरै शुभकामना।",1824,121,276,117936,502292
1.76E+18,RSP,hamrorabi,Rabi Lamichhane,3/1/2024,18:43:20,"घुमौं भरतपुर भन्ने मूल नाराका साथ सुरु भएको 'भरतपुर भ्रमण वर्ष २०२४' को पूर्ण सफलताको शुभकामना छ। मैले चितवन क्षेत्र नं. २ को निर्वाचित सांसद् र राष्ट्रिय स्वतन्त्र पार्टीको सभापतिको हैसियतले यस अभियानलाई सफल पार्न के कस्तो सहयोग गर्नुपर्छ, म सदैव तयार रहनेछु। चितवनले पर्यटनको… https://t.co/GWUugVrzCr",839,43,93,63911,502292
1.76E+18,RSP,hamrorabi,Rabi Lamichhane,2/28/2024,7:29:06,"छोरीहरुकाे चमत्कार! 

लेवनानलाई २-१ ले पराजित गर्दै WAFF Women's Championship को फाइनल प्रवेश गरेकाेमा नेपाली टिमलाई बधाई। अन्तिम मिनेटकाे उत्कृष्ट निर्णायक गाेलका लागि प्रिति राईलाई झन् बधाई।

फाइनलमा जोर्डनलाई पराजित गरेर उपाधी भित्र्याउने आत्मबल र खेल काैशल झनै बढाेस्,… https://t.co/5qAU3OrJEv",1362,86,56,52185,502292
1.76E+18,RSP,hamrorabi,Rabi Lamichhane,2/26/2024,21:09:53,"भजन शिरोमणि भक्तराज आचार्यको निधनले स्तब्ध छु। नेपाली संगीत क्षेत्रमा उहाँकाे याेगदान अतुलनिय छ।
रहरै रहरमा कुनै दिन उहाँको गित गुनगुनाउने धृष्टता गरेको थिएं।आज भारी मनले यहि गित श्रद्धाञ्जली स्वरुप अर्पण गर्दै नेपाली संगीत जगतका यी अजर-अमर सर्जकप्रति श्रद्धाञ्जली अर्पण गर्दछु। https://t.co/QZzHqIQPJY",1088,61,46,47076,502292
1.76E+18,RSP,hamrorabi,Rabi Lamichhane,2/24/2024,20:25:00,"ढाल्न, फाल्न वा पाल्न  सक्ने तागत जनतासँग मात्रै छ। जनता बाहेकका  अरु ""जो कसैले""  रहर गरेर हुन्न..  सक्दैनन्...
धन्यवाद,कपिलवस्तु 🙏 https://t.co/xere1nyfpu",1387,103,97,59912,502292
1.76E+18,RSP,hamrorabi,Rabi Lamichhane,2/19/2024,8:42:12,"विक्रम संवत् २००७ सालको जनक्रान्तिसँगै १०४ वर्ष लामो निरंकुश जहानियाँ राणा शासन अन्त्य भई प्रजातन्त्र स्थापना भएको सम्झनामा आज प्रजातन्त्र दिवस मनाइँदैछ। 

प्रजातन्त्र बाहलीको ७ दशकसम्म पनि मुलुकको आर्थिक रूपान्तरण र दिगाे विकास नहुनुले आमजनता आज पनि निराश छन्। प्रजातन्त्र,… https://t.co/XSLnFvZXB7",617,44,42,39940,502292
1.76E+18,RSP,hamrorabi,Rabi Lamichhane,2/16/2024,17:11:29,"भोलि फागुन ५ गतेदेखि ७ गतेसम्म कर्णाली प्रदेशको राजधानी सुर्खेतको वीरेन्द्रनगर स्थित बुलबुले उद्यानमा हुन गइरहेको कर्णाली उत्सव ""कुडा कर्नालीका""को पाँचौं संस्करण भव्य  रहोस्।उत्सवलाई सफलताको शुभकामना! https://t.co/tMwglw0Ecg",502,35,18,18567,502292
1.76E+18,RSP,hamrorabi,Rabi Lamichhane,2/14/2024,8:53:37,विद्याकी देवी सरस्वतीको सबैलाई आशिर्वाद मिलोस्। वसन्त पञ्चमी/ सरस्वती पूजाको हार्दिक शुभकामना! https://t.co/XbdYvPPdwx,679,38,30,27237,502292
1.76E+18,RSP,hamrorabi,Rabi Lamichhane,2/12/2024,19:11:43,अन्तर्राष्ट्रिय रेडियो दिवसको अवसरमा भोलि (फागुन १ गते)  बिहान ६ बजेको ‘साझा खबर’पछि ६ः३० मा सामुदायिक सूचना नेटवर्क (सीआइएन)को विशेष संवादमा मलाई सुन्न सक्नु हुनेछ। यो संवाद  देशैभरका सामुदायिक रेडियोबाट प्रसारण हुँदैछ। https://t.co/zHcN3HGHZe,552,48,80,24117,502292
1.76E+18,RSP,hamrorabi,Rabi Lamichhane,2/10/2024,17:29:46,क्यानडासँगको एक दिवसीय सिरिजको दोस्रो खेलमा पनि नेपाल विजय भएकाे छ। याेसँगै एक खेलअघि नै नेपालले सिरिज जितेको छ। सम्पूर्ण खेलाडीलाई बधाई। आजको खेलमा कीर्तिमानी अर्धसतक बनाउने अनिल शाहलाई झन् बधाई। https://t.co/Kcfi64fpyf,776,41,19,22097,502292
1.76E+18,RSP,hamrorabi,Rabi Lamichhane,2/10/2024,10:09:47,तामाङ समुदायले उत्साहपूर्वक मनाउने साेनाम ल्हाेसार (नयाँ वर्ष)काे  शुभकामना। विविध संस्कृतिकाे एकीकृत संयाेजनमा आपसी सद्भाव र भाइचारा जीवन्त राख्दै आएका हामीलाई यस्ता सांस्कृतिक पर्वले थप एकताबद्ध बनाउन प्रेरणा मिलाेस्। https://t.co/24eeF9XMZs,441,36,119,14429,502292
1.75E+18,RSP,hamrorabi,Rabi Lamichhane,2/3/2024,21:13:03,हामी जनादेश मान्ने। धन्यवाद अर्घाखाँची। https://t.co/oiJkhdJTHe,1209,96,92,86142,502292
1.75E+18,RSP,hamrorabi,Rabi Lamichhane,1/31/2024,21:16:13,"तामाङ समुदायमाथि भएको ऐतिहासिक उत्पीडनको कथावस्तुमा निर्माण गरिएको नाटक ""मासिन्या"" हेर्ने अवसर आज जुर्यो। कला र साहित्यका माध्यमबाट कति सशक्तरुपमा राजनीतिक विषयवस्तु उठाउन सकिन्छ भन्ने कुरा नाटकले स्थापित गरेको छ। लेखन, निर्देशन र अभिनयका हिसाबमा एउटा अब्बल कलाकृति हेर्ने मौका… https://t.co/LW5tpTRGA1",466,29,19,28104,502292
1.75E+18,RSP,hamrorabi,Rabi Lamichhane,1/30/2024,9:19:59,इतिहासको विभिन्न कालखण्डमा नागरिक अधिकार र स्वतन्त्रताको पक्षमा उभिएर देश र जनताको लागि आफ्नो अमूल्य जीवन आहुति दिने सम्पूर्ण ज्ञात-अज्ञात सहिदप्रति हार्दिक श्रद्धासुमन तथा श्रद्धाञ्जली अर्पण गर्दै तिनकाे बलिदानी संकल्पप्रति उच्च सम्मान अर्पण गर्दछु। https://t.co/oatTMcc7AO,672,40,20,21623,502292
1.75E+18,RSP,hamrorabi,Rabi Lamichhane,1/28/2024,19:41:44,"यो एक दिन वा एक रातमा जोडिएको नाता होइन। धन्यवाद, हैदरावाद। https://t.co/ZncmpR2uVP",1444,93,104,83630,502292
1.75E+18,RSP,hamrorabi,Rabi Lamichhane,1/26/2024,21:48:02,"यु-१९ विश्वकप क्रिकेट प्रतियोगितामा आज अफगानिस्तानलाई हराएर नेपाल सुपर सिक्समा पुगेको खबरले अत्यन्त हर्षित बनाएको छ। नेपालीलाई यो खुसी र गौरवको पल दिलाउने सम्पूर्ण खेलाडी, प्रशिक्षक तथा नेपाली टोलीका सबै सदस्यलाई हार्दिक बधाई तथा धेरैधेरै धन्यवाद। खेल जिताउने चमत्कारिक वलिङका… https://t.co/I4sD99YQC5",1043,62,135,44447,502292
1.75E+18,RSP,hamrorabi,Rabi Lamichhane,1/26/2024,10:31:27,"We extend our best wishes to mark the annual Australia Day. A strong relationship that builds on shared values and development cooperation spanning decades, we recognize the remarkable growth in the number of Nepalis who have chosen Australia for studies, travel, and careers in…",301,19,8,36710,502292
1.75E+18,RSP,hamrorabi,Rabi Lamichhane,1/26/2024,8:19:00,"We extend our best wishes on India’s 75th Republic Day. As we celebrate the inclusive democratic foundations of our constitutions, let us pursue our common aspirations for sustained progress on shared development challenges. Because it builds upon a deep cultural bond, may the…",397,24,22,37118,502292
1.75E+18,RSP,hamrorabi,Rabi Lamichhane,1/25/2024,10:45:30,"राज्यका निकायहरुलाई स्वतन्त्रतापुर्वक काम गर्न दिने ""सर्वदलिय सहमति"" गरेको दिनदेखि देश बन्न शुरु हुन्छ। संविधानले परिकल्पना गरेको समाजका लागि, आवश्यक कानुन बनाउन सिङ्गो संसदले ""सर्वदलीय प्रतिवद्द्ता"" गरेको दिन देश सुमार्गमा हिड्न शुरु हुन्छ। त्यसपछी मिडिया/सोसल मिडियामा  कसैलाई…",930,115,168,112266,502292
1.75E+18,RSP,hamrorabi,Rabi Lamichhane,1/22/2024,23:34:51,"आजकाे पत्रकार सम्मेलनले जति प्रश्नको जवाफ दियो त्यति नै धेरै प्रश्नपनि जन्माएकाे छ, जसलाई हामीले हल गर्नै पर्छ। छ्लेर,भागेर,तोडेर मोडेर भन्दा यथार्थ कुरा भनेर समस्याको समाधान खोज्नु उपयुक्त लागेर यति लेखेको छु। राज्यको निकायलाई झुक्याएको, कीर्ते गरेको जस्ता आरोप पनि आउलान्। तर… https://t.co/ENTUIBVgYM",846,80,145,111322,502292
1.75E+18,RSP,hamrorabi,Rabi Lamichhane,1/22/2024,20:49:18,"पछिल्लो घटनाको सम्पुर्ण  विस्तृत  निचोड आजै  केही बेरमा लेखेर पोस्ट गर्दै यो विषयलाई बिट मार्ने कोशिश गर्नेछु।केही ढिलो हुन सक्ला, प्रतीक्षा गर्नुहोला। प्रक्रियाका लागि कागजमा ल्याप्चे  लगाए पनि  मेरो खातामा पैसा जम्मा नभएको कुरा निरन्तर भन्दै आएको छु र प्रमाणले पनि त्यही देखाएको… https://t.co/VqAvm2ix2c",793,75,104,85628,502292
1.75E+18,RSP,hamrorabi,Rabi Lamichhane,1/22/2024,15:01:58,सम्पुर्ण गाली गलोजहरु सुरक्षीत राख्नु होला। कुनै दिन मन लागे पछुताउन काम लाग्न सक्छ। पार्टी कार्यालयमा आज ४:३० बजे पत्रकार सम्मेलनमा प्रश्न सहित आउनु होला।,751,75,117,61795,502292
1.75E+18,RSP,hamrorabi,Rabi Lamichhane,1/22/2024,11:02:34,"गाली गर्न कोही छुट्नु भो कि? छुट्नु भएको भए गरिहालौं है। मलाई केही कुरा लुकाउनु छैन। पहिलेदेखि जे भन्दै आएँ, त्यसैमा अडिग छु। मिडियामा निरन्तर आइरहेका ""स्लिप"" मा कोहि ""स्लिप"" हुनै पर्दैन।  बाँकी भ्याए सम्म आजै साँझ प्रेस मिटको तयारी गर्दैछु। सारा प्रश्नहरु एकत्रित पार्दै गर्नु…",1067,94,237,142792,502292
1.75E+18,RSP,hamrorabi,Rabi Lamichhane,1/15/2024,8:34:22,माघे संक्रान्ति/मकर संक्रान्ति/माघी/ ध्यूचाकुसल्हुँका रूपमा विभिन्न समुदायमा आ-आफ्नै तरिकाले मनाइने विशेष सांस्कृतिक महत्त्व भएको यस चाडको उपलक्ष्यमा सबैमा शुभकामना। म भने आज माघी मनाउन बर्दियाको विभिन्न ठाउँमा आउँदै छु। यो पार्टीले आयोजना गरेको कार्यक्रम नभइ जनसमुदायसँग माघी… https://t.co/ONq3GHHGox,739,37,41,40690,502292
1.75E+18,RSP,hamrorabi,Rabi Lamichhane,1/12/2024,8:42:56,स-साना राज्यहरूलाई एकीकरण गरी आधुनिक नेपाल राज्य निर्माणको जग बसाल्ने राजा पृथ्वीनारायण शाहको ३०२औं जन्मजयन्ती र सोही अवसरमा मनाइने राष्ट्रिय एकता दिवसको सम्पूर्ण नेपालीहरुमा हार्दिक शुभकामना। https://t.co/qeSTV3QGyw,1370,71,47,40017,502292
1.74E+18,RSP,hamrorabi,Rabi Lamichhane,1/6/2024,13:47:04,ललितपुरको बालकुमारीमा युवाहरूले गरेकाे प्रदर्शनमा प्रशासनले अत्यधिक बल प्रयोग गर्दा दुई युवाले ज्यान गुमाएको घटना नसेलाउँदै हिजो सर्लाहीको बरहथवामा स्थानीयको प्रदर्शनका क्रममा राज्यकै गोली खाई एक युवकको ज्यान गएको छ । लोकतन्त्रमा राज्यको यो खालको छाडा प्रवृत्ति स्वीकार गर्न… https://t.co/pEFOHnxRtX,1086,114,82,90062,502292
1.74E+18,RSP,hamrorabi,Rabi Lamichhane,1/2/2024,14:34:38,"एउटा  योद्धा  लडाइँबाट पिठ्युँ फर्काएर भाग्दैन। हार जीतको पर्बाह नगरी उ इमानका साथ लडिरहन्छ। म आरोप लाग्नै नहुने मान्छे होइन। तर म समाचारमा आएका कुनै सहकारीको संचालक, शेयर होल्डर, बचतकर्ता, सदस्य, लगानीकर्ता, खातावाल केही पनि होइन। मैले ती सहकारीहरूमा कुनै रकम राख्ने, झिक्ने,… https://t.co/Ufku4U7Car",2049,221,255,164948,502292
1.74E+18,RSP,hamrorabi,Rabi Lamichhane,12/30/2023,20:01:42,"जवाफ चाहियो सरकार
• नक्कली भुटानी शरणार्थी प्रकरणमा दोषी उम्काउने? 
• ललिता निवास काण्डमा दोषी उम्काउने?
• सुन काण्डमा तस्करहरू रोजी रोजी जोगाउने ? 
• एनसेल प्रकरणमा मिलेमतो गरी राज्यलाई ठग्ने?
• टेराम्याक्स घोटालामा संलग्नलाई कारबाही नगर्ने?
• वाइडवडी खरिद काण्ड, यती… https://t.co/waVtSuSxEJ",2091,365,281,216346,502292
1.74E+18,RSP,hamrorabi,Rabi Lamichhane,12/29/2023,17:46:29,"आज बालकुमारीमा भएको घटनाले गृह मन्त्रालयको अक्षमता फेरी एकपटक उदाङ्गो भएको छ।
दुई होनहार युवा देश छाड्न खोज्दै थिए, संसार छाड्नु पर्ने बनाइ दिए। यो राज्यले गरेको हत्या हो, जुन राज्यका गृहमन्त्री सर्वहारा वर्गको नारा लगाउँदै त्यो पदमा पुगेका हुन्।
आज भएको घटनाको दोष अहिलेका…",1475,201,160,89719,502292
1.74E+18,RSP,hamrorabi,Rabi Lamichhane,12/28/2023,11:28:32,"अब कान्तिपुर मैले जवाफ दिइरहनु पर्ने हैसियतमा  रहेन। तैपनि शुभचिन्तकहरुलाई भ्रम नपरोस् भनेर यति लेख्दै म सार्वजनिक सुनुवाइ मार्फत जनताको कठघरामा उभिदै छु। 

सहकारी घोटालामा मेरो प्रत्यक्ष संलग्नता भनेर फ्रन्ट पेजमा ठूलो हेडलाइन राखेर समाचार आएपछि अप्रत्यक्ष प्रमाणमात्र देखाएर…",1204,132,251,174953,502292
1.74E+18,RSP,hamrorabi,Rabi Lamichhane,12/28/2023,10:50:20,चितवन-२ बाट प्रतिनिधि सभा सदस्य निर्वाचित भएपछि आज दोस्रोपटक सार्वजनिक सुनवाइ गर्दै छु। जनप्रतिनिधि सधैं 'जनलेखा परीक्षण'मा हुने भएकाले सांसदका रुपमा मैले आफ्नाे निर्वाचन क्षेत्रका समस्या समाधानका लागि गरेका प्रयासकाे मूल्यांकन त्यहाँका नागरिकले गर्नुभएकै छ। निर्वाचन क्षेत्रका… https://t.co/xsXrWrcT1D,515,58,55,44236,502292
1.74E+18,RSP,hamrorabi,Rabi Lamichhane,12/27/2023,12:18:33,"सञ्चारमाध्यमले गर्ने ‘आलोचना’ सकारात्मक दिशानिर्देश र ‘निन्दा’ कुत्सित उद्देश्य प्राप्तिका लागि हो भन्ने बुझ्छु। र, नियत नै खराव राख्नेसँग सही नियतले प्रतिवाद गर्नुको पनि खासै अर्थ हुँदैन कि भन्ने पनि ठान्छु! तर, एउटै झुट निरन्तर ओकल्दा सत्य झैं ठानिने आम प्रवृत्तिबीच केही तथ्य… https://t.co/MIAB17qNUM",1028,178,158,130746,502292
1.74E+18,RSP,hamrorabi,Rabi Lamichhane,12/24/2023,21:19:07,भोलि नारायणगढदेखि बुटवलसम्मको पैदल यात्रामा निस्कदैछौं। तीन दिनमा ११३ किलोमिटर दूरी पार गर्ने लक्ष्य छ। पूर्व-पश्चिम राजमार्गअन्तर्गत नारायणगढ-बुटवल सडकखण्डको स्तरोन्नतिमा भइरहेको विलम्ब र अहिले यात्राक्रममा नागरिकले खेप्नु परेको सास्तीबारे सरकारको ध्यानाकर्षण गराउनु यात्राको… https://t.co/aCNgxKT1rC,1275,87,384,99436,502292
1.74E+18,RSP,hamrorabi,Rabi Lamichhane,12/23/2023,19:28:37,"मलाई खोया प्रहार गर्ने मानिस प्रहरीको नियन्त्रणमा पुगे पछि न कुनै मिडियाले उसलाई भेटेको छ, न कुनै पत्रकारले भेटेको छ। तर कान्तिपुरलाई भने अलौकिक शक्ति प्राप्त रहेछ। प्रहार गर्नेको नाम मात्र होइन कुन सहकारीको वचत कर्ता भन्ने पनि थाहा पाउन भ्याइसकेछ। त्यो पनि प्रहरी सँग कुरै नगरी,… https://t.co/1fSnMwgxrT",1586,186,216,167270,502292
1.74E+18,RSP,hamrorabi,Rabi Lamichhane,12/21/2023,8:53:11,"संस्कृति मन्त्री सुदन किराँतीको पछिल्लो अभिव्यक्ति,सामाजिक सद्भाव र सहिष्णुता खलबलाउने प्रकृतिको,उत्तेजक,गैरजिम्मेवार,पदीय गरिमा बिपरीतको र अत्यन्तै  खेदजनक  छ।यस्तो गैर-जिम्मेवार अभिव्यक्ति दिने र साम्प्रदायिक विद्वेष फैलाउने ब्यक्ति संस्कृति मन्त्री जस्तो जिम्मेवार पदमा कसरी…",1684,225,347,101246,502292
1.74E+18,RSP,hamrorabi,Rabi Lamichhane,12/20/2023,17:31:53,"जनप्रतिनिधि जनताप्रति प्रत्यक्ष जवाफदेही हुनुपर्छ भन्ने मान्यताका साथ मैले बाचापत्रमा लेखेको थिएँ- 'हरेक ४/४ महिनामा सार्वजनिक सुनवाइ गर्छु । र,  तपाईंहरुलाई आफ्नो हर-हिसाब बुझाउँछु।' बाचाअनुसार भदौ १० (२०८०) मा पहिलाे सार्वजनिक सुनवाइ गरेको थिएँ । त्यसको ठीक ४ महिनापछि पुस १२… https://t.co/MqQf8xyMtT",501,40,48,32777,502292
1.74E+18,RSP,hamrorabi,Rabi Lamichhane,12/14/2023,15:58:59,"राष्ट्रिय स्वतन्त्र पार्टीमा वडा तहको नेतृत्व छनोट गर्न आजदेखि अधिवेशन सुरु भएको छ । पार्टीको ‘जान्नेलाई छान्ने’ मूल उद्देश्यलाई मनमा राखी राजनीतिलाई विशुद्ध समाजसेवा ठान्ने, मीठो भाषण मात्र नभइ समाज र पार्टीको वृहत्तर हितका लागि निस्वार्थ खट्ने र पार्टीको उद्देश्य पूरा गर्न… https://t.co/wmnD8x9SdI",542,34,127,38258,502292
1.73E+18,RSP,hamrorabi,Rabi Lamichhane,12/8/2023,11:39:08,"म अहिले कतारमा छु। नेपालमा भर्खरै राज्य व्यवस्था तथा सुशासन समितिको बैठक सुरु भएको छ। भौतिकरूपमा उपस्थिति जनाउन नसके पनि, मेरा केही प्रश्नहरू भिडियोमार्फत् राख्न दिनु भनी अनुमति मागें। तर, नपाएपछि सो भिडियो सामाजिक सञ्जालमा पोष्ट गर्दै छु। आशा छ, सम्बन्धित निकायसम्म मेरा प्रश्न… https://t.co/iiRjhNkBzg",1200,136,200,108837,502292
1.73E+18,RSP,hamrorabi,Rabi Lamichhane,12/6/2023,10:22:15,"स्पाइस नेपालकाे नाममा अहिलेकाे एनसेल जन्मँदादेखि नै चलखेल थियाे । टेलियासाेनेराले बेचेर मलेसियाली कम्पनीले किन्दा नियमानुसारकाे ट्याक्स तिर्न नपर्ने आश्वासनका नाममा कुन कुन  दलका कुन कुन नेताले कति कती रकम खाए, कुन कुन निकायका दैला दैलामा बाँडे र  पचाए, खुला छानबिन गर्न तयार हुने…",784,99,91,112359,502292
1.73E+18,RSP,hamrorabi,Rabi Lamichhane,12/3/2023,15:39:13,"अवसर र रोजगारको लागि विदेश जानु पर्ने बाध्यता, जीविकोपार्जनकै लागि विभिन्न मुलुकमा दुख-कष्ट सहनुपर्ने परिस्थिति र स्वाभिमानमै चोट लाग्ने गरी झुक्नु पर्ने हाम्रो नियति परिवर्तन हुनुको सट्टा बढिरहेको छ। म राजनीतिमा आउनुको एउटा मुख्य कारण, विदेशमा रहेका नेपाली पनि हुन्। विदेशमा… https://t.co/I9cMDfVTs3",660,77,105,63967,502292
1.73E+18,RSP,hamrorabi,Rabi Lamichhane,11/20/2023,7:45:41,"घरदैलोको तेस्रो दिन इच्छाकामना - ५ , पाम डाडा, साठीमुरे, तामिन वरपर। सुन्दर मेरो निर्वाचन क्षेत्र  बारे जानकारी दिन छिटै एउटा बृत्तचित्र बनाउने योजना बनाएको छु। इक्छुक डकुमेन्ट्री मेकरले खबर गर्नु होला। https://t.co/LY7WPxgf5p",587,52,100,31793,502292
1.73E+18,RSP,hamrorabi,Rabi Lamichhane,11/19/2023,9:06:07,"सूर्य देवता र छठी माताको पूजा-आराधना गरेर मनाइने हिन्दू धर्मावलम्बीहरुको महान् पर्व छठका अवसरमा सम्पूर्ण नेपाली दाजुभाइ तथा दिदीबहिनीहरूमा विशेष गरेर तराई-मधेस र काठमाडौं लगायतका ठाउँमा यो पर्व विशेष पूजाआजा गरेर मनाइरहनुभएका सम्पूर्णमा सुख, शान्ति र समृद्धिको हार्दिक शुभकामना । https://t.co/We7u5AjTjo",618,27,19,21925,502292
1.73E+18,RSP,hamrorabi,Rabi Lamichhane,11/17/2023,19:50:18,"घरदैलो चुनावका बेला मात्र होइन, निरन्तर हुनुपर्छ । गत वर्षको मंसिर ४ र मेरो र स्वर्णीम वाग्लेजीको हकमा यसै वर्षको वैशाख १० गते 'घण्टी'मा मतदान गरी रास्वपालाई चौथो शक्तिका रुपमा स्थापित गरिदिनुभएकोमा धन्यवाद।  निर्वाचनको एक वर्ष पूरा भएको अवसरमा रास्वपा आभार व्यक्त गर्न फेरि… https://t.co/yUx0tN0f31",782,37,44,46889,502292
1.72E+18,RSP,hamrorabi,Rabi Lamichhane,11/15/2023,12:42:27,दिदीहरु लक्ष्मी र दुर्गा बाट भाइ टीका लगाइयो।मेरी  दिदिहरुलाई सबै देवी देवताहरुले रक्षा गरून्। https://t.co/LXYmMBNYCq,1101,18,28,38485,502292
1.72E+18,RSP,hamrorabi,Rabi Lamichhane,11/14/2023,14:12:50,"भिन्तुना दु भिन्तुना
न्हुदँया भिन्तुना
भिन्तुनाया सः ज्वना
झि नेपाःमी वइ च्वना ।

जनतालाई ऋण मुक्त गराई राष्ट्रिय विभूति शंखधर साख्वा:ले हाम्रो आफ्नो मौलिक नेपाल संवत् सुरु गरेका थिए। सुरुका दिनहरूमा नेपाल संवत् दैनिक कामकाजमा प्रयोग गर्ने गरिएकोमा बीसौं शताब्दीमा नेपाल संवत् को… https://t.co/N9i33kA3Sq",285,15,11,20665,502292
1.72E+18,RSP,hamrorabi,Rabi Lamichhane,11/14/2023,12:49:35,प्रधानमन्त्री ज्यु ले मेरै अगाडि आज एक कार्यक्रममा  गलत तथा भ्रमपुर्ण अभिव्यक्ति दिनु भयो। टिकटक बन्द गर्ने सन्दर्भमा सत्ता पक्षीय  र विपक्षी  सबै दलको सहमति र छलफल पछि निर्णयमा पुगेको बताउनु भयो। म लगायत रास्वपा का कुनै नेता सँग यस विषयमा कुनै औपचारिक अनौपचारिक छलफल वा सहमति…,1106,94,173,113083,502292
1.72E+18,RSP,hamrorabi,Rabi Lamichhane,11/13/2023,16:16:56,"सामाजिक संजाललाई नियमन गर्ने हो, बन्द गर्ने होईन। समस्या कन्टेन्टको हो, प्लेटत्फर्मको होईन। अराजकता अभिव्यक्तिमा होला, माध्यमको के दोष ? टिकटकका कयौं युजर र कन्टेन्ट खराब छन् तर सबै युजर र कन्टेन्ट खराब छैनन्।प्राविधिक रुपमा खराब लाई कन्ट्रोल गर्न सकिन्छ। टिकटकमा हालेको भिडियो… https://t.co/e5wcnZuKZ2",1188,117,197,94773,502292
1.72E+18,RSP,hamrorabi,Rabi Lamichhane,11/12/2023,11:57:18,"दीपोत्सवको पर्व तिहारकाे आज दोस्रो दिन। काग, कुकुरजस्ता पशु-पन्छीसहित मानिसको स्वयम् पूजा (म्ह:), हाम्रो मौलिक नयाँ वर्ष (नेपाल सम्वत् ११४४) तथा दाजुभाइ, दिदीबहिनीको सम्बन्धको पर्याय भाइटीकाजस्तो पाँच दिने धार्मिक-सांस्कृतिक निरन्तरताकाे याे संयुक्त चाडले नेपालीबीच हार्दिकता…",478,26,35,29241,502292
1.72E+18,RSP,hamrorabi,Rabi Lamichhane,11/7/2023,19:33:42,"आदरणीय  ""सर्वदलीय हेड सर"" हरु यता सुन्नुस् है, 

आज बैठक गर्ने सबै पार्टी मिलेर भुकम्प पीडितका घरमा पाल र ब्लान्केट पुर्याउनुहोस् र यो चिसोमा जनता जोगाउनुस्। ब्यवस्था आफै जोगिन्छ, परिवर्तन आफै जोगिन्छ।।सुत्केरीहरुको जिउ सुन्निएको छ, अस्थाइ शौचालय छैन, पुरिएका चौपायाका कारण… https://t.co/imljISG60o",1096,149,111,122031,502292
1.72E+18,RSP,hamrorabi,Rabi Lamichhane,11/4/2023,20:27:16,"अहिलेको आवश्यकता भनेको सबैले आ-आफ्नो ठाउँबाट आफूले सक्दो सहयोग गरी उद्दार तथा राहतको कामलाई जसरी हुन्छ प्रभावकारी बनाउने हो। राहत र उद्दारको क्रममा हामी राजनीति भन्दा बाहिर रहेर काम गरिरहेका छौ। डा. मुकुल ढकाल, डा. तोसिमा कार्की लगायतको चिकित्सकहरूको टोली उपचारमा संलग्न… https://t.co/QdNmA1Q3YX",871,63,50,90675,502292
1.72E+18,RSP,hamrorabi,Rabi Lamichhane,11/4/2023,6:33:15,कार्तिक १७ गते राति जाजरकोट केन्द्रबिन्दू भएर आएको भूकम्पले ठूलो क्षति भएकोमा  अत्यन्त मर्माहत छौं। ज्यान गुमाउनेहरूप्रति हार्दिक श्रद्धान्जली र घाइतेहरूको शीघ्र उपचार र स्वास्थ्यलाभको कामना गर्दछौं।विपद्को यो घडीमा सरकारलाई  सम्पूर्ण  साधनश्रोत परिचालन गरेर उद्धार तथा राहतमा…,470,39,12,33190,502292
1.72E+18,RSP,hamrorabi,Rabi Lamichhane,11/3/2023,15:08:47,"एसिया छनोटमा युएईलाई आज ८ विकेटले हराउँदै सन् 2024 को T20 विश्वकपमा छनोट भएकोमा टीम नेपाललाई हार्दिक बधाई।  
दशकपछि फेरि अर्को अबसर आएको छ। खेलाडीले अब थप  अभ्यास र आत्मविश्वास बढाउनु पर्नेछ भने सरकारले यि दुबैका लागि थप वातावरण बनाउनु पर्नेछ । https://t.co/BWEuYJqBBA",1248,61,40,34492,502292
1.72E+18,RSP,hamrorabi,Rabi Lamichhane,10/27/2023,12:51:20,We are deeply saddened by the passing away of former Chinese Premier Li Keqiang.  Our thoughts and prayers are with his family and the people of China during this difficult time.,259,12,6,16366,502292
1.72E+18,RSP,hamrorabi,Rabi Lamichhane,10/24/2023,16:49:39,"विजया दशमी कै दिनमा एसिसि यू-१९ प्रिमियर कपको उपाधि जितेर सबै नेपालीहरूलाई विशेष उपहार दिने नेपाली यू-१९ क्रिकेट टोलीलाई हार्दिक धन्यवाद तथा बधाई। प्लेयर अफ द सिरिज दिपेश कँडेल र शृङ्खलामा सबैभन्दा धेरै रन बनाउने कप्तान देव खनाललाई विशेष बधाई।
फोटो: विभिन्न मिडिया https://t.co/lmMwDLeE1F",468,26,9,15405,502292
1.72E+18,RSP,hamrorabi,Rabi Lamichhane,10/24/2023,12:04:01,"असत्यमाथि सत्य, अन्यायमाथि न्याय, खराबमाथि असल र आसुरी शक्तिमाथि दैवी शक्तिको विजयको उत्सवको रूपमा मनाइने विजया दशमीको उपलक्ष्यमा सम्पूर्ण आमाबुवा, दाजुभाइ, दिदीबहिनीहरूमा सुख, शान्ति र समृद्धिको हार्दिक मङ्गलमय शुभकामना ! यस विजया दशमीले हामी सबैलाई हाम्रो समाज र मुलुकमा सत्य,… https://t.co/3ZM2CUlCh0",741,24,26,30510,502292
1.72E+18,RSP,hamrorabi,Rabi Lamichhane,10/21/2023,9:34:23,"बडा दशैं, दिपावली, छठ, नेपाल सम्बतका  अवसरमा संसार भर रहेका  सबै नेपाली  दाजुभाई‍-दिदीबहिनीहरूमा सुख, शान्ति तथा समृद्धिको मंगलमय शुभकामना। https://t.co/7IJJKJNf5w",990,59,328,53943,502292
1.71E+18,RSP,hamrorabi,Rabi Lamichhane,10/19/2023,8:46:42,पर्व वा सन्दर्भ विशेषमा शुभकामनासहित उपहार अदान-प्रदान गर्ने सर्वव्यापी चलन छ। जुन हार्दिक सम्बन्ध निरन्तरताको कामनासँग जोडिन्छ। व्यक्तिको भावनात्मक पक्षसँग जोडिएको यो चलन अत्यन्तै सकारात्मक हुँदा-हुँदै पनि राष्ट्रिय स्वतन्त्र पार्टीले भने उपहार स्वीकार नगर्ने नीति लिएको छ।… https://t.co/ryrczfEexg,543,56,184,41122,502292
1.71E+18,RSP,hamrorabi,Rabi Lamichhane,10/18/2023,17:43:18,"चितवनमा विभिन्न कार्यक्रम गर्ने क्रममा बाटोमा ब्लु बस भेटियो। शुरु गर्दा धेरै गाली खाएको थिएं। आज सबैको मुहारमा यस्तो हाँसो देखियो। एउटा सपना छ, एक  दिन देश भर यो खुशी बाड्न पाइनेछ। https://t.co/jaOxu0gaNI",947,61,75,56070,502292
1.71E+18,RSP,hamrorabi,Rabi Lamichhane,10/17/2023,21:52:13,"राष्ट्रिय स्वतन्त्र पार्टीले काठमाडाैंमा आयाेजना गरेकाे दुई दिवसीय 'नीति मन्थन' सकिएकाे छ। हाम्रो निमन्त्रणा स्वीकार गरेर पाल्नु हुने सम्पुर्ण  प्यानलिष्टहरु  प्रति आभारी छाैं। साथै,अहाेरात्र खट्नुहुने सबै  रास्वपा नेतृत्व  सहित नीति मन्थनकाे नेतृत्वकर्ता डा. स्वर्णीम वाग्लेलाई… https://t.co/NGbxd7EO2l",669,43,63,52442,502292
1.71E+18,RSP,hamrorabi,Rabi Lamichhane,10/16/2023,15:00:54,"मुलुकमा शान्ति-सुरक्षा र सामाजिक सुव्यवस्था कायम गर्ने महत्त्वपूर्ण भूमिका रहेको नेपाल प्रहरी थप व्यावसायिक, जवाफदेही र राजनीतिक हस्तक्षेपरहित बनोस् । प्रहरी संगठनलाई साधन-स्रोत सम्पन्न बनाउँदै प्रहरी कर्मचारीको मनोबल बढाउन निरन्तर नीतिगत पहल गर्ने प्रतिबद्धतासहित ६८औं प्रहरी… https://t.co/SuwFT6vRCG",277,12,14,20754,502292
1.71E+18,RSP,hamrorabi,Rabi Lamichhane,10/15/2023,20:02:27,"चुनाव पछी नीति, कार्यक्रम बनाउने गरी होइन, हामी हाम्रा नीति कार्यक्रम चुनाव अघि नै तर्जुमा गर्दै छौँ । ८४ पछी नीति बनाउने होइन, नीति अनुसार काम गर्ने हो । असोज ३ मा पहिलो चरणको जनआवाज सुन्ने कार्यक्रम  अन्तर्गत म रोल्पा पुगेँ, पार्टीका अरू साथीहरू अन्य गाउँहरू पुगे । गाउँबाट… https://t.co/8Go9hIHiq1",504,32,64,42427,502292
1.71E+18,RSP,hamrorabi,Rabi Lamichhane,10/15/2023,12:33:33,"नेपालीको महान् चाड बडा दसैं सुरु भएकाे छ। नवरात्रिको पहिलाे दिन आज घटस्थापना गरि दसैंकाे स्वागत गर्ने परम्परा छ। घटस्थापनाको अवसरमा सम्पूर्ण नेपाली बुवा-आमा, दाजु-भाइ तथा दिदी-बहिनीहरूमा  हार्दिक मङ्गलमय शुभकामना। 
दुर्गा भवानीले सबैको रक्षा गरुन् । https://t.co/9vzyG8KZVF",446,26,34,17853,502292
1.71E+18,RSP,hamrorabi,Rabi Lamichhane,10/14/2023,11:44:07,"गत उप-निर्वाचनमा मलाई र डा. स्वर्णिमलाई @SwarnimWagle हराउन  ड्राफ्ट भएर एउटा मात्र हस्ताक्षर हुन बाँकी रहेको  ""महागठवन्धन""ले आज कोशीमा सार्थकता पाएछ। राम्रो भो, अब केन्द्रमा पनि यस्तै सहकार्य होस्।  र आगामी निर्वाचन सम्ममा सबै पुराना दल एक ठाँउमा बसेर यस्तै महागठवन्धन… https://t.co/qQHkr6Dgj8",789,100,93,83681,502292
1.71E+18,RSP,hamrorabi,Rabi Lamichhane,10/13/2023,6:01:44,"धन्यवाद सरकार,
‘लर्न एण्ड अर्न’ कार्यक्रममा लागि इजरायलमा रहेका विद्यार्थीमध्ये १० जनाले हमासको आक्रमणमा ज्यान गुमाएपछिको निकै त्रासद परिस्थितिमा पनि सरकारले विमान पठाएर २५४ विद्यार्थीलाई स्वदेश फर्काएको छ। सरकारको यो कदम उच्च प्रशंसनीय छ। स्यावास सरकार ... ! अकल्पनीय त्रासदीबाट… https://t.co/rRwnlPdZMA",680,37,20,37261,502292
1.71E+18,RSP,hamrorabi,Rabi Lamichhane,10/8/2023,22:09:48,"इजरायलमा भएको आतंककारी हमलामा  परि निर्दोष नेपालीहरुले अनाहकमा ज्यान गुमाउनु परेको दु:खद  खबरले स्तब्ध छु। शोकको यो दु:खद घडीमा  भोलिका लागि तय भएका पार्टीका सबै औपचारिक कार्यक्रमहरु रद्ध गरिएको जानकारी गराउदछु। हमलामा परेका घाइतेहरुको उपचार, बेपत्ताहरुको खोजी, सुरक्षित…",777,63,95,68846,502292
1.71E+18,RSP,hamrorabi,Rabi Lamichhane,10/8/2023,12:14:01,"इजरायलमा भएका नेपालीहरुको अवस्था, सुरक्षित राख्ने योजना, नेपाल फर्काउने तयारी बारे आज सदनमा परराष्ट्र मन्त्रीको जवाफ चाहिन्छ।  कयौं नेपालीहरु विभिन्न वाध्यताको शिकार बनेर भारतिय परिचयमा समेत इजरायलमा रहेको हुन सक्ने जानकारीहरु आएका  छ्न्। उनीहरु नेपाली हुन् र शायद नेपाली… https://t.co/1ajbLtBSpU",609,58,48,48235,502292
1.71E+18,RSP,hamrorabi,Rabi Lamichhane,10/7/2023,14:13:48,"बझाङमा रहेकाले यस विषयमा लेख्न ढिलो भयो। 
धन्यवाद कान्तिपुर @ekantipur_com !! मैले वर्षौ पछि यति शक्तिशाली हेडलाईन देखेको हुँ। हरेक दिन,हरेक मिडियाको हेडलाईन, हरेक विषयमा यति शक्तिशाली हुनु पर्छ। हाम्रो समस्या यहि हो कि मिडियालाई समाचार बाहेक सारा बिज्नेश चाहिएको छ, नेतालाई जनता… https://t.co/eFQX2tVQZJ",1042,94,187,78712,502292
1.71E+18,RSP,hamrorabi,Rabi Lamichhane,10/4/2023,17:49:40,"भुकम्पले निकै क्षति पुगेको बझाङ जिल्ला पुगेका छौं। आज राति नै चैनपुर पुग्ने छौं । राहत उद्दारमा सरकारलाई झक्झक्याउने छौं , सकेको पहल गर्नेछौं । रास्वपा बझाङका साथीहरू हिजै देखि सहयोगमा जुट्नु भएको छ। https://t.co/DVqnzhM6s4",901,78,57,42453,502292
1.71E+18,RSP,hamrorabi,Rabi Lamichhane,10/3/2023,19:24:46,"आजको भूकम्पबाट बझाङ्ग,बाजुरा  लगायतका जिल्लाहरुमा निकै क्षती पुगेको खवर आएको छ। प्रभावित क्षेत्रहरूमा  उद्वार र राहत कार्यलाई तीव्रता दिन सरकार समक्ष अनुरोध गर्दछु। साथै, प्रशासनसँग सहकार्य गरि  उद्धार कार्यमा सहयोगी बन्न  रास्वपा सदस्यहरुलाई आग्रह समेत गर्दछु।",537,47,31,22573,502292
1.71E+18,RSP,hamrorabi,Rabi Lamichhane,10/3/2023,10:21:16,"WELL PLAYED TEAM NEPAL 🇳🇵 🇳🇵 🇳🇵 
भारत सँग २३ रनको मात्र अन्तर भनेको नेपाली कृकेट टिमले गरेको निरन्तरको उत्कृष्ट प्रदर्शन नै हो। हाम्रो भविष्य निकै उज्ज्वल छ। उत्कृष्ट खेलका लागि धन्यवाद टिम नेपाल।",943,50,38,34049,502292
1.71E+18,RSP,hamrorabi,Rabi Lamichhane,10/1/2023,11:02:28,चाड पर्वहरुको मुखमा आम उपभोक्ताहरुलाई मार पर्ने गरि सरकारले गरेको मुल्यवृद्दि प्रती हाम्रो गम्भीर आपत्ति छ। यसको विरोध स्वरूप आज प्रधानमन्त्री ज्युले बोलाउनु भएको अन्य विषयको बैठक हामीले बहिस्कार गरेका छौ। थप कार्यक्रम बारे  जानकारी दिनेछौं।,732,79,298,46792,502292
1.71E+18,RSP,hamrorabi,Rabi Lamichhane,9/29/2023,9:40:15,"सम्पुर्ण पुराना दलहरुलाई अपिल:
देशमा ब्याप्त बेथितिलाई ठिक गर्ने अन्तिम अवसरका रुपमा अब यो ४ वर्ष तपाईहरु सबै मिल्नुस्। देशका तमाम समस्या सुल्झाउन हामी बाहेकको  सहमतिय सरकार बनाउनुस्। हामी प्रतिपक्षी मोर्चा सम्हाल्छौं। यो अवसरको सदुपयोग गरेर ३३ वर्षमा गरेका गलत काम सच्याउने हो कि… https://t.co/0Krv8OoFtK",1424,228,224,164220,502292
1.71E+18,RSP,hamrorabi,Rabi Lamichhane,9/28/2023,8:38:36,"आज हरेक वर्ष अनन्त चतुर्दशीका दिन मनाइने विशेष पर्व इन्द्रजात्रा परेको छ। इन्द्रजात्रा जस्ता सांस्कृतिक पर्वहरू हाम्रो गौरव हुन् , मुलुकलाई सजाउने गहना हुन्। नेपालीकाे पहिचान, सम्मान तथा समृद्धिका लागि संस्कृतिको संरक्षण-संवर्द्धन गर्नु अत्यन्त महत्त्वपूर्ण छ। इन्द्रजात्राको… https://t.co/mO2mxd0Snu",428,20,10,21629,502292
1.71E+18,RSP,hamrorabi,Rabi Lamichhane,9/24/2023,9:22:12,नेपाल क्रिकेट संघ (क्यान) को नयाँ कार्यसमितिका पदाधिकारीहरूलाई बधाई तथा सफल कार्यकालको शुभकामना । धेरै आशा गरिएको नेपाली क्रिकेटको विकासको अभिभारा अब तपाईँहरूको हातमा छ ।  नेपाली क्रिकेट टिमका पूर्व कप्तान पारस खड्का क्यानको सचिव पदमा निर्वाचित हुनुले केही धेरै आशा जगाएको छ ।… https://t.co/s1Y8VtyAR9,500,29,16,25735,502292
1.70E+18,RSP,hamrorabi,Rabi Lamichhane,9/20/2023,9:02:30,"जननिर्वाचित संविधानसभाद्वारा संविधान बनाइनु ऐतिहासिक थियो । जनताले हदै सम्मको सङ्घर्ष गरेर नयाँ संविधान बनाएको ८ वर्ष पुगिसकेको छ । तर मुलुकको बागडोर सम्हालेको अहिलेको सम्पूर्ण प्रमुख नेतृत्व व्यवस्था परिवर्तनमा सफल भए पनि जनताको अवस्था परिवर्तनमा चुकेको छ। आज म, विगत ३ दशकको… https://t.co/oq3RfnjL6R",1108,71,173,70297,502292
1.70E+18,RSP,hamrorabi,Rabi Lamichhane,9/18/2023,9:39:38,"हिन्दु नारीहरूकाे महान् चाड हरितालिका तिजको पावन अवसरमा सबै दिदी बहिनीहरूलाई सुस्वास्थ्य, दीर्घायु र उत्तरोत्तर प्रगतिको शुभकामना। व्रत लगायतका धर्म परम्परालाई निरन्तरता दिनुहुने दिदी बहिनीहरूले स्वास्थ्यको पनि ख्याल राख्नु होला। https://t.co/T2JEtn5v2N",449,22,21,21698,502292
1.70E+18,RSP,hamrorabi,Rabi Lamichhane,9/14/2023,20:07:08,विभिन्न माध्यम बाट जन्म- दिनको शुभकामना दिनुहुने सम्पूर्णमा हृदय देखि धन्यवाद । तपाईंहरुको माया आशीर्वाद शुभेच्छा र सुझाव सदैव मिलीरहोस्। https://t.co/dUcDSSFXa7,1200,20,123,47980,502292
1.70E+18,RSP,hamrorabi,Rabi Lamichhane,9/14/2023,14:28:05,"चिकित्सक माथीको कुटपिट अराजकताको पराकाष्ठा हो। लापरबाही र जटिलता, आम जीवनले सजिलै छुट्याउन सकिने कुरा हुँदै होइन। त्यसैले कुनै पनि बहानामा हुने यस्ता क्रियाकलाप प्रती खेद प्रकट गर्द्छु। चिकित्सक कुट्ने माथि कडा भन्दा कडा कारवाही होस्। गृहमन्त्री ज्यु, गम्भीर ध्यानाकर्षण गराउन…",647,67,172,61039,502292
1.70E+18,RSP,hamrorabi,Rabi Lamichhane,9/12/2023,7:29:46,"संविधानसभाका अध्यक्ष, पूर्व सभामुख एवम् शालीन नेता सुवासचन्द्र नेम्बाङको असामयिक निधनको खबरले मर्माहत भएको छु । उहाँ प्रति भावपूर्ण श्रद्धाञ्जली अर्पण गर्दै शोक सन्तप्त परिवारमा हार्दिक समवेदना प्रकट गर्दछु । https://t.co/enaVRXhqlP",998,41,90,52845,502292
1.70E+18,RSP,hamrorabi,Rabi Lamichhane,9/4/2023,10:59:05,"Good Luck Nepal, Good Luck Skipper...
 🇳🇵 https://t.co/DNOWDHmv7o",6489,133,180,163324,502292
1.70E+18,RSP,hamrorabi,Rabi Lamichhane,8/31/2023,11:43:11,"रक्षा बन्धन (जनै पुर्णिमा), ऋषितर्पणी, क्वाँटी खाने दिन क्वाःती पुन्ही, गाईजात्रा, साः पारू को अवसरमा सबैमा शुभकामना।",536,24,68,25978,502292
1.70E+18,RSP,hamrorabi,Rabi Lamichhane,8/30/2023,21:42:59,प्रतिस्पर्धामा अनुभवको ठुलो महत्व हुन्छ। नम्बर १ टिमसँग नम्बर १५ टिमले पहिलो पटक खेलेको हो। यो अनुभव कुनै दिन इतिहास लेख्न काम लाग्नेछ। यात्रा लामो छ र मलाई हाम्रो टिम प्रति विश्वास छ।,1106,75,43,38039,502292
1.70E+18,RSP,hamrorabi,Rabi Lamichhane,8/30/2023,10:55:20,"आजदेखि सुरु हुन गइरहेको एसिया कप क्रिकेट शृङ्खलाको उद्घाटन खेलमा नेपालले ओडीआईकाे वरियतामा एक नम्बरमा रहेको पाकिस्तानसँग प्रतिस्पर्धा गर्दैछ। नेपाललाई अन्तर्राष्ट्रिय प्रतियोगितामा पुर्‍याउन याेगदान गर्नुहुने सम्पूर्ण खेलाडी, प्रशिक्षक र सरोकारवालाहरूप्रति कृतज्ञता र आजकाे… https://t.co/m8dQAvCcOn",730,39,18,26241,502292
1.70E+18,RSP,hamrorabi,Rabi Lamichhane,8/27/2023,21:31:55,"आफुलाई जिताएर सदन पुर्याउनु हुने चितवन २ का आदरणीय मतदाता, जनता जनार्दन सँग सार्वजनिक सुनुवाइ मार्फत आज आफ्नो हिसाब बुझाएको छु।सरोकार राख्ने  विभिन्न निकायहरुका साथमा करीब ४ घण्टा जन अदालतमा उभिएर प्रश्न गुनासो समस्या सुन्दै समाधानको प्रयास गरेको छु। धन्यवाद प्यारो  चितवन https://t.co/CVlpcqmo1F",619,49,94,21883,502292
1.69E+18,RSP,hamrorabi,Rabi Lamichhane,8/24/2023,17:30:08,"हामीले उद्घोष गरे अनुसार यही भाद्र १० गते चितवनमा प्रथम सार्वजनिक सुनवाइ हुन गइरहेको छ। जनप्रतिनिधि जनता प्रति प्रत्यक्ष रूपमा जवाफदेही हुनुपर्छ भन्ने मान्यताका साथ सुरु हुन गइरहेको यस कार्यक्रममा सम्पूर्ण चितवनवासीले आफ्ना समस्या, गुनासो र सुझावहरू लिएर आइदिनु होला। यो कार्यक्रम… https://t.co/wtaVxrboFL",461,43,56,31522,502292
1.69E+18,RSP,hamrorabi,Rabi Lamichhane,8/23/2023,20:35:56,Congratulations to India on this remarkable achievement in space exploration! This milestone under the impeccable leadership of honourable Shree Narendra Modi ji @narendramodi  as well as team @isro not only deepens our understanding of the universe but also serves as an…,1369,118,58,54826,502292
1.69E+18,RSP,hamrorabi,Rabi Lamichhane,8/20/2023,10:56:06,"CIB ले गैरकानुनी आदेश नसुनोस्, नमानोस्। ललिता निवास प्रकरणका निर्णयकर्ता  सबैको बयान नै बिनाको अपुरो अधुरो फाइल  पेश नगरोस्। गृहमन्त्री ज्यु, केही त गडबड छ.. ठुलै गडबड छ।",1146,145,137,60516,502292
1.69E+18,RSP,hamrorabi,Rabi Lamichhane,8/14/2023,15:58:34,"Parliament is ""HIJACKED"" !!",1685,163,270,152126,502292
1.69E+18,RSP,hamrorabi,Rabi Lamichhane,8/12/2023,15:10:43,अन्तर्राष्ट्रिय युवा दिवस २०२३ को हार्दिक शुभकामना । https://t.co/obfxy5c4SG,629,43,35,31710,502292
1.69E+18,RSP,hamrorabi,Rabi Lamichhane,8/11/2023,13:58:21,"१) आधिकारिक रुपमा संसद सुचारु गरिदिनु हुन सभामुखज्युमा अनुरोध गर्यौं।
२) संसद अबरुद्ध भएको दिनको तलब/ भत्ता/ सुबिधा फिर्ता गर्ने ब्यवस्था मिलाइदिन हुन अनुरोध गर्यौं। https://t.co/wMUxiML9f9",980,97,91,70986,502292
1.78E+18,RSP,Himalayabiraj,Biraj Bhakta Shrestha,4/18/2024,22:05:53,"उच्च अदालतको फैसला बमोजिम नेपाल प्रहरीले लैनचौर स्थित स्काउटको जग्गामा सिलबन्दी गर्न सुरु गरेको छ।
युवा तथा खेलकुद मन्त्रालयले यस अघि नै ५ सदस्यीय छानबिन समिति बनाएर कार्य अघि बढाइ सकेकोमा विधिवत् रूपमा थप कारबाही उक्त समितिको सिफारिस बमोजिम अगाडि बढाइने छ।
#स्काउट #लैनचौर",108,23,9,3589,12962
1.78E+18,RSP,Himalayabiraj,Biraj Bhakta Shrestha,4/17/2024,14:45:09,"अहिलेको हावापानीमा सबैजना आफ्नो स्वास्थको ख्याल राख्नुहोला।
सेतो मत्स्येन्द्रनाथको जात्राको शुभकामना।
नेपालको जय होस्। 🙏🏾 https://t.co/puYUvemaeP",138,7,2,2412,12962
1.78E+18,RSP,Himalayabiraj,Biraj Bhakta Shrestha,4/14/2024,19:29:40,"कर्णाली राजमार्गकाे नाग्म गमगडी सडकखण्डअन्तर्गत हिमा गाउँपालिका-३ मा एउटा सानाे चिटिक्क परेकाे स्कुल भेटिन्छ । जसकाे नाम हाे, हिमा आधारभूत विद्यालय । चिटिक्क परेकाे स्कुल छ । ठाँटिएका विद्यार्थी र शान्त वातावरणमा पढाइ हुने हिमा आधारभूत विद्यालय सिंगाे हिमा गाउँपालिकाको मान हो । https://t.co/6QqbrovWSV",135,8,3,3182,12962
1.78E+18,RSP,Himalayabiraj,Biraj Bhakta Shrestha,4/13/2024,7:32:08,"शुभकामना 
नेपाल प्रशिद्ध अन्तर्राष्ट्रिय धावक आदरणीय हरी रोकायको महिनौ देखिको अथक प्रयासमा सुरु भएको जुम्ला रारा ५औ अल्ट्रा म्याराथनमा आज ४९ कि.मी.  र ५ कि.मि. दौडमा बालबालिका देखि वृद्धसम्मका नागरिक सहभागी भएका छन। 
कर्णालीको जुम्लाबाट नयाँ वर्ष २०८१को  मङ्गलमय शुभकामना।🇳🇵🙏 https://t.co/iq3Ld7cHXW",215,13,4,4158,12962
1.78E+18,RSP,Himalayabiraj,Biraj Bhakta Shrestha,4/12/2024,19:51:13,"नेपालका बहुप्रशंसित समाज मानवशास्त्री आदरणीय डोर बहादुर विष्ट,२०४८ सालमा जुम्ला पुगेर चौधबीस क्षेत्रको विकास र सामाजिक रूपान्तरणमा निकै धेरै काम गर्नु भयो।डिल्लीचौर गाविसको लासीमा ""कर्णाली इन्स्टिच्युट""स्थापना गरेर यस ठाउँलाई परिचित गराउनु भयो।आज त्यहि ठाउँमा पुग्ने अवसर जुर्यो । https://t.co/siMyBeZezT",88,4,7,4510,12962
1.78E+18,RSP,Himalayabiraj,Biraj Bhakta Shrestha,4/12/2024,12:59:03,"जाउँ जुम्ला।
प्रकृतिको सुन्दरता अपरम्पार छ,भूगोल जतिसुकै नमिलेको किन नहोस् त्यही भूगोलमा पलाएका डाँडाकाँडा र लेकवेशी रङ्गले रंगीन छन्।
तिनैमध्येको एक टुक्रा जुम्ला हो, हिमालको पाउमा लमतन्न। 
यहीँ भइरहेको छ,जुम्ला रारा अल्ट्रा म्याराथन ।
#जुम्ला_रारा_अल्ट्रा_म्याराथन
#सिंजा_सभ्यता https://t.co/3EjCOWBctX",214,16,12,6247,12962
1.78E+18,RSP,Himalayabiraj,Biraj Bhakta Shrestha,4/11/2024,9:09:05,"मन्त्रालयले जग्गा भाडा सम्बन्धी पहिलो सम्झौता, सम्झौताबमोजिम भएका कामकारबाही र जग्गा भाडाविवादमा उच्च अदालत पाटनबाट गत वर्ष भएको फैसला कार्यान्वायनमा स्काउटबाट भएका पहलको प्रगति विवरणसम्बन्धी कागजात उपलब्ध गराउन यसअघि नै निर्देशन दिएको थियो । https://t.co/kmyOl8GWgo",148,23,3,5445,12962
1.78E+18,RSP,Himalayabiraj,Biraj Bhakta Shrestha,4/11/2024,9:02:48,"खेलकुद शिक्षा सम्बन्धी शैक्षिक कार्यक्रमको विकास गर्ने लक्ष्यसहित युवा तथा खेलकुद मन्त्रालय र काठमाडौं विश्वविद्यालयबीच समझदारी पत्रमा हस्ताक्षर भएको छ। 
#NewBeginnings https://t.co/AVH9Ja8EUj",51,7,1,2084,12962
1.78E+18,RSP,Himalayabiraj,Biraj Bhakta Shrestha,4/6/2024,22:44:00,आज बिहान जनकपुरमा तिनै तहका प्रतिनिधि र निजी क्षेत्र र खेलकुद क्षेत्रका पत्रकार साथीहरूसँगको बैठक भयो। जनकपुर उप-महानगरपालिकाका मेयर श्री मनोज शाहको अध्यक्षतामा भएको बैठकमा जनकपुर क्षेत्रको खेलकुद विकासको बारेमा चर्चा गर्यौ। https://t.co/lZD1YAG8Io,116,10,7,4498,12962
1.77E+18,RSP,Himalayabiraj,Biraj Bhakta Shrestha,3/31/2024,19:03:57,"गत ३५ दिनमा हाम्रो मन्त्रालयले गरेका महत्वपूर्ण कार्यहरुको विवरण र निर्णयहरु।
@youthmoys https://t.co/r0D8xlCyyv",269,31,34,30750,12962
1.77E+18,RSP,Himalayabiraj,Biraj Bhakta Shrestha,3/31/2024,7:58:11,"🏏 इलाममा सहकर्मी दीपक बोहरा र उत्साही युवाहरूसँग क्रिकेट खेल्ने रमाइलो अवसर जुर्यो।
यस्तै क्षणहरूले त हामीलाई खेलकुद मानिसहरूलाई एकजुट बनाउन र सहकार्य बढाउनमा आश्रित छ भनेर बुझाउँछ।
एकता र मित्रताको भावनालाई बलियो बनाउन यी क्षणहरू महत्त्वपूर्ण छन्।🇳🇵
#खेलकुद #युवा #राष्ट्रियएकता https://t.co/iJcW1LvBb3",348,25,12,15255,12962
1.77E+18,RSP,Himalayabiraj,Biraj Bhakta Shrestha,3/29/2024,20:15:23,Ilam tira. https://t.co/sKmlKrbo5o,296,15,25,9885,12962
1.77E+18,RSP,Himalayabiraj,Biraj Bhakta Shrestha,3/28/2024,19:59:55,"खेलाडीहरूले आफ्नो पुरस्कार पाउने भए!🇳🇵
लामो समय देखि राष्ट्रिय खेलाडीहरूले नपाएको पुरस्कार प्रति हाम्रो ध्यानाकर्षण भएर सम्माननीय प्रधानमन्त्री र अर्थमन्त्री सङ्ग आज भेटघाट गरी यस विषयमा कुरा राख्यौँ र छिटै सो पुरस्कार उहाँहरूलाई वितरण गर्ने कुरा यहाँहरू माझ अवगत गराउन चाहन्छु।🙏 https://t.co/V9iyebjwAf",767,85,34,36262,12962
1.77E+18,RSP,Himalayabiraj,Biraj Bhakta Shrestha,3/28/2024,10:49:16,"भारतको गुजरातमा हुने मैत्रीपूर्ण क्रिकेट प्रतियोगितामा सहभागी भई भारतबाटै @ACCMedia1 Mens Premier Cupमा सहभागी हुन जाने नेपाली राष्ट्रीय क्रिकेट समूहलाई पूर्ण सफलताको कामना।🙏
यी दुवै प्रतियोगिताले हाम्रो विश्वकप तयारीलाई अझ निखार्छ भन्नेमा विश्वस्त छु। 🇳🇵
विजयी भव:✊
#nepalpress https://t.co/hUUHyhgc9u",312,24,1,5152,12962
1.77E+18,RSP,Himalayabiraj,Biraj Bhakta Shrestha,3/26/2024,20:29:12,"ताकेता!!
ANFAका पदाधिकारीहरुले राखेपबाट स्वीकृति नलिई विदेश भ्रमणमा गएको सम्बन्धमा मन्त्रालयले राखेपलाई कानुन बमोजिम आवस्यक कारवाही गरि मन्त्रालयलाई जानकारी गराउन पत्र पठाईसकेको र त्यसै सम्बन्धमा पुन: ताकेता गरिएको ब्योहोरा सम्बन्धित सबैमा जानकारीको लागि अनुरोध गर्दछौ।
#follow_up https://t.co/xwqRXL8DRs",377,40,83,15218,12962
1.77E+18,RSP,Himalayabiraj,Biraj Bhakta Shrestha,3/24/2024,7:41:02,"वसन्तको आगमन !!!
रङ्गहरूको पर्व फागु पूर्णिमा (होली) को शुभकामना!🙏 https://t.co/eb62zrMw4e",350,10,14,7327,12962
1.77E+18,RSP,Himalayabiraj,Biraj Bhakta Shrestha,3/20/2024,18:25:40,"आज @ICC अध्यक्ष ग्रेग बार्कलेसंग युवा तथा खेलकुद मन्त्रालयमा क्रिकेटको बढ्दो लोकप्रियता र अन्तर्राष्ट्रिय मञ्चमा यसको महत्वलाई पहिचान गर्दै नेपालको क्रिकेट विकासको प्रयासलाई सहयोग गर्न आईसीसी उत्साहित र प्रतिबद्ध रहेको अध्यक्ष #GregBarclay ले जानकारी गराउनु भयो। 
#sports 🇳🇵 https://t.co/HfninNd2se",623,30,8,9947,12962
1.77E+18,RSP,Himalayabiraj,Biraj Bhakta Shrestha,3/17/2024,22:24:28,"Paris Paralympic Games 2024 का लागि छनौट हुनुभएकोमा तेक्वान्दो खेलाडी पलेशा गोवर्धनलाई हार्दिक बधाई एवं उत्कृष्ट प्रस्तुतिको लागि विशेष शुभकामना।💐🏅🙏
#SportsNepal #Paralympics #nepal 🇳🇵 https://t.co/zCfpMMCFqp",295,15,2,5579,12962
1.77E+18,RSP,Himalayabiraj,Biraj Bhakta Shrestha,3/15/2024,20:25:29,"रंगशालाहरुको सञ्चालन सम्बन्धमा आवश्यक मापदण्ड सहितको कार्यविधि जारी नहुँदा सम्मका लागि रङ्गशालामा खेल बाहेकका अन्य गतिविधि गर्नका लागि स्थगित गर्न परिषद्लाई निर्देशन ।
#sports #Nepal 🇳🇵 https://t.co/E23nfmVi5h",470,58,25,16352,12962
1.77E+18,RSP,Himalayabiraj,Biraj Bhakta Shrestha,3/13/2024,20:51:21,"शपथ ग्रहण पश्चात हामीले नेपाली खेल क्षेत्रमा खेलाडी बाहेक अरु सबैले खेल्ने गरेका र त्यसलाई रोक्दै खेलाडीले मात्र खेल खेल्ने बनाउनु हाम्रो सङ्कल्प रहेको बताएका थियौँ। 
त्यसै अनुरूप आज हामीले पहिलो निर्णय गरेका छौँ ।
#राष्ट्रियएकता #खेलकुद 🇳🇵🙏 https://t.co/nQY6PH289D",645,77,33,28061,12962
1.77E+18,RSP,Himalayabiraj,Biraj Bhakta Shrestha,3/6/2024,12:45:13,"ढलको कामको लागि बाटो निर्माण स्थगित गर्न गरेको पत्र पश्च्यात लामो समय देखि स्थानीय र सडक प्रयोगकर्ताहरुले भोग्न परेको समस्यालाई समाधानको लागि निरन्तर प्रयास पश्च्यात सडक विभागले हिजो १३ वडालाई पुनः निर्माणको लागि पत्राचार गरेको छ।
आशा छ समन्वयमा यो समस्या छिट्टैसमाधान हुनेछ। https://t.co/VZO562H5Az",206,6,9,12089,12962
1.76E+18,RSP,Himalayabiraj,Biraj Bhakta Shrestha,3/3/2024,17:53:48,"जीवन्त जनकपुरमा बटुलेका सम्झनाहरु।
जय सिया राम!!!🪷
#मिथिला #तपोभूमि #ज्ञानभूमि #देवभूमि🙏🇳🇵 https://t.co/0nvbyROIw9",64,4,1,3012,12962
1.76E+18,RSP,Himalayabiraj,Biraj Bhakta Shrestha,3/3/2024,16:41:50,"यदि कतै पूर्वीय दर्शन धमिलो भयो भने , स्पष्टताको लागि नेपाल आउनु।
#तपोभूमि  #ज्ञानभुमि #देवभूमि #अखण्डज्योति #गुरुराष्ट्र #नेपाल 🇳🇵🙏",48,4,2,3936,12962
1.76E+18,RSP,Himalayabiraj,Biraj Bhakta Shrestha,3/1/2024,8:37:44,"गहिराइमा डुब्नुको पनि छुट्टै आनन्द छ, कहिले काँही केही मित्रहरू सङ्ग सत्सङ्ग हुन्छ, बाँकी दुनियाँ त सतहमा शव जस्तै तैरँदै व्यस्त छन्।
#Depths https://t.co/7DqlPe4SHX",70,3,0,2387,12962
1.76E+18,RSP,Himalayabiraj,Biraj Bhakta Shrestha,2/29/2024,10:45:47,"""दृष्टिको अभिव्यक्ति"" एकल चित्र प्रदर्शनीको बहु आयामका धनी विजेन्द्र भिनाजुलाई धेरै धेरै बधाई र यस क्षेत्रको योगदानको लागि धन्यवाद।🙏🎉
कला,संगीत ,साहित्य ,कविता आदि श्रृजना/रचनाको क्षेत्रलाई पनि संवर्धन र प्रवर्द्धनलाई पुनः जागरण गर्न अत्यावश्यक छ।
तस्बिर : राकेश प्रधानाङ्ग दाइ https://t.co/evXYnUhHFG",95,2,0,2837,12962
1.76E+18,RSP,Himalayabiraj,Biraj Bhakta Shrestha,2/25/2024,18:38:26,"जनकपुर साहित्य महोत्सवमा
'सांस्कृतिक सम्बन्धको डोरी' विषयमा इतिहासलाई सापेक्षताको आधारमा भविष्य सङ्ग जोड्ने, नीतिगत सुधार र संयुक्त कार्यक्रमहरू गरी दुई सभ्यताको गरिमालाई आगामी पुस्ताको अपनत्व र आत्मसम्मान हुने गरी प्रवर्द्धन गर्ने निष्कर्ष निकाली फर्केका छौँ #राष्ट्रियपहिचान 🇳🇵 https://t.co/rEZWbi5Upf",91,2,1,2417,12962
1.76E+18,RSP,Himalayabiraj,Biraj Bhakta Shrestha,2/25/2024,17:49:04,"श्रमजीवी पत्रकारहरुको समस्याको बारेमा संसद्को आजको शून्य समयमा सरकारको ध्यााकर्षण गरेका छौं।
#forgoodjournalism #democracy https://t.co/fXuwt6jsQV",179,17,3,4996,12962
1.76E+18,RSP,Himalayabiraj,Biraj Bhakta Shrestha,2/23/2024,14:43:23,"जनकपुर साहित्य महोत्सवको लागि जनकपुर तिर ।
जय मिथिला, जय मधेश।🇳🇵🙏 https://t.co/obMxptTKSq",212,2,5,7082,12962
1.76E+18,RSP,Himalayabiraj,Biraj Bhakta Shrestha,2/23/2024,8:16:30,"हिजो आकस्मिक समयमा,
बालकुमारी घटना छानबिन आयोगको प्रतिवेदन कार्यान्वयन र मिटरव्याज पीडितका समस्यामा सरकारले वेवास्ता गरेको आवाज उठाएका छौं। https://t.co/Hi4Yv6nj1i",195,21,9,5649,12962
1.76E+18,RSP,Himalayabiraj,Biraj Bhakta Shrestha,2/21/2024,18:55:58,"सांस्कृतिक सम्बन्धको डोरी दुई फरक भूगोलमा विकसित दुई फरक सभ्यता बिचको सांस्कृतिक सम्बन्धका केस्राहरूलाई केलाउँदै संवादमा हुने छौँ ।
#राष्ट्रियपहिचान 🇳🇵✊ https://t.co/bBvThbGezQ",112,5,3,4031,12962
1.76E+18,RSP,Himalayabiraj,Biraj Bhakta Shrestha,2/20/2024,11:17:03,‘यस परियोजनालाई विकासप्रेमी र वातावरणप्रेमीको द्वन्दभन्दा पनि रचनात्मक हिसाबले काम गरी एडिबीलाई रिकोइस्ट गरेर विकास नपुगेको ठाउँमा विकास गर्न लगाऔँ’। https://t.co/UdsNM2MGTZ,95,3,5,4127,12962
1.76E+18,RSP,Himalayabiraj,Biraj Bhakta Shrestha,2/14/2024,19:34:43,"उद्यमशीलताको शुभकामना।🙏
काम गर्नेले मेहनत गरीरहेका छन्।
श्री पञ्चमीको शुभ दिनमा नयाँ उद्यम सुरु गर्नुहुने:
१.माकु छें बेकरीको ओम बहालमा तेश्रौं शाखा विस्तार।
२.सोनाम वेरको धर्मपथ शाखा शुभारम्भ।
३.स्वयम्भूमा कलाकृति,सङ्गीत मैत्री माया क्याफेको उद्घाटन।
नेपाल बन्दै छ,बन्छ पनि।🇳🇵 https://t.co/58PWtsWITL",42,1,0,1363,12962
1.76E+18,RSP,Himalayabiraj,Biraj Bhakta Shrestha,2/14/2024,13:30:21,"सरस्वती मया दृष्टा वीणा पुस्तक धारिणी।।
हंस वाहन संयुक्ता विद्यादानं करोतु मे ।।।
आज श्रीपञ्चमीको दिन हनुमानढोका दरबारको नासल चोकमा वसन्त-श्रवण कार्यक्रम सम्पन्न भएको छ ।
आजको दिन सरस्वतीको पूजा गरी विद्या प्रारम्भ गरेमा सर्वसिद्धि प्राप्त हुन्छ भन्ने विश्वास छ ।
#संस्कृति ✡️ https://t.co/M8v1PExj8Z",127,4,3,2103,12962
1.76E+18,RSP,Himalayabiraj,Biraj Bhakta Shrestha,2/13/2024,16:12:51,"काठमाडौँ ८,छाउनी स्थित राष्ट्रिय सङ्ग्रहालयको ८५औँ स्थापना दिवसको शुभकामना।
सम्बन्धित तहहरू बिचको सहकार्य,समन्वयले मात्रै देशै भरीको अमूल्य सांस्कृतिक विविधता,मूर्त/अमूर्त सम्पदाहरू स्थानीयको अपनत्व हुने गरी संरक्षण,प्रवर्द्धन भई अन्तर्राष्ट्रिय नरम कूटनीतिमा समेत मद्दत गर्नेछ।🇳🇵 https://t.co/MmCfnOWEIo",40,0,0,1127,12962
1.76E+18,RSP,Himalayabiraj,Biraj Bhakta Shrestha,2/11/2024,21:25:57,"हार्दिक बधाई!!!
NSJF २०७९ पीपुल्स च्वाइस अवार्डका विजेता Sikka Suwal Shrestha लाई हार्दिक बधाई। 🎉
युवाहरुलाई कुलतबाट बचाउन र सामाजिक सदभावलाई कायम राख्न खेलकुदलाई अझै उचाइमा पुर्याउन शुभकामना।
""Be Good, Do good"" 🙏
AVM School https://t.co/J8DKJ3pZ3y",72,4,0,2068,12962
1.76E+18,RSP,Himalayabiraj,Biraj Bhakta Shrestha,2/11/2024,17:17:02,"प्रदेशसभा देखि नै सुशासनको निम्ति सूचना प्रविधिको महत्त्वको आवाज उठाईरहेका छौँ।
प्रविधि भनेको औजार मात्र होइन,अहिलेको अवसर पनि हो भन्ने कुरा अब बुझ्नै पर्छ।
CAN Federation द्वारा आयोजित CAN INFOTECH २०२४ मा नेपाली संस्थाद्वारा बनाएका सफ्टवेयर र उपलब्ध उपकरणहरू अबलोकन गरेका छौँ। https://t.co/H5knbLjzGa",71,3,0,1999,12962
1.76E+18,RSP,Himalayabiraj,Biraj Bhakta Shrestha,2/10/2024,17:12:36,"फिदे मास्टर सुजेन्द्र प्रसाद श्रेष्ठ (भुयु दाइ) स्मृति ब्लिज़ बुद्धिचाल प्रतियोगिता सम्पन्न गर्नुभएकोमा""MAKHAN CHESS SPORTS CLUB"",मखं त्वाःलाई शुभकामना।
आगामी दिनहरुमा पनि आम नागरिकहरुलाई यस्तै रचनात्मक क्रियाकलापहरूमा आबद्ध गरी सौहार्द समाज निर्माण गर्न मद्दत गर्न अनुरोध सहित।🙏 https://t.co/rL7m6qXJI0",32,3,0,1239,12962
1.76E+18,RSP,Himalayabiraj,Biraj Bhakta Shrestha,2/10/2024,14:09:53,"साेनाम ल्हाेसार (नयाँ वर्ष)काे शुभकामना।🙏
सांस्कृतिक विविधता हाम्रो साझा सम्पत्ति।✊
#राष्ट्रियपहिचान 🇳🇵 https://t.co/1RcjXqkz1r",51,4,1,1348,12962
1.76E+18,RSP,Himalayabiraj,Biraj Bhakta Shrestha,2/9/2024,18:57:11,पाँचौ राष्ट्रिय शैक्षिक परामर्श संघको वार्षिक कार्यक्रममा। https://t.co/FhSKrMDNGG,46,9,99,1525,12962
1.76E+18,RSP,Himalayabiraj,Biraj Bhakta Shrestha,2/8/2024,19:28:16,"बागमती प्रदेश सभा सदस्य शैलेन्द्र बज्राचार्यको छोरी सहस्रीको बाःहृा: पिकाःगु र छोरा श्रीवत्समानको जन्मदिनको अवसरमा पूर्व मन्त्री राजेन्द्र प्रसाद श्रेष्ठ,सहकर्मी मित्र प्रतिनिधि सभा सदस्य सुमना श्रेष्ठ र भाइ अंशु किरण शाही सङ्ग नेवारी परम्परागत झ्व भ्वे (भोज)मा।
शुभकामना! 🙏 https://t.co/ZrpDNzV9lJ",73,2,2,2640,12962
1.76E+18,RSP,Himalayabiraj,Biraj Bhakta Shrestha,2/7/2024,18:26:27,"धेरै लामो समयको अन्तराल पछि प्रतिनिधि सभामा सम्पती शुद्धिकरण (मनि लाउण्डरिङ्ग) निवारण तथा व्यावसायिक वातावरण प्रवद्र्धधन सम्बन्धी केही ऐनलाई संशोधन गर्ने विधेयक २०८० काे छलफलमा। 
उक्त विधेयक बहुमतले पारित भएको छ। https://t.co/CLk1oHEEEp",191,21,6,5810,12962
1.75E+18,RSP,Himalayabiraj,Biraj Bhakta Shrestha,2/6/2024,11:03:07,"थप विनम्र र जिम्मेवार बनाएको छ।
कहिले काँही थाकेर अलि हराएको जस्तो लाग्दा, हामी प्रति गरिएको आशाले मार्ग दर्शन र प्रोत्साहन प्रदान गर्छ।
सर्वेक्षणमा सहभागी, काठमाडौँ ८,राष्ट्रिय स्वतन्त्र पार्टी र शिलापत्र मिडिया नेटवर्क प्रति हार्दिक कृतज्ञ। 🙏❤️🇳🇵 https://t.co/1sVicl3B6h",113,12,7,5091,12962
1.75E+18,RSP,Himalayabiraj,Biraj Bhakta Shrestha,2/4/2024,15:12:30,"आदिवासी जनजाति आयोगको तेश्रो स्थापना दिवस।✊
जनजाति आयोगले धेरै अघि नै सरकारलाई ७१ वटा सिफारिस गरेता पनि त्यसमध्ये ५ % भन्दा कम कार्यान्वयन भएको छ,सुझावहरू कार्यान्वयन गर्न नसक्दा आदिवासी समुदायको विश्वास गुमेको छ र लोक कल्याणकारी राज्यको स्थापनामा समेत बाधा पुग्न सक्छ।🇳🇵
#ILO169 https://t.co/6EED6jYkB2",86,7,4,3198,12962
1.75E+18,RSP,Himalayabiraj,Biraj Bhakta Shrestha,2/3/2024,23:07:23,"सांस्कृतिक ज्ञान पुस्तान्तरण गर्न लिडर सोसाइटी र कामपाको संयुक्त आयोजनामा ""ब्रिज टक्स""अन्तर पुस्ता संवादमा""घ्य:चाकुसँल्हु र क्वाँटी पुन्हि""को सामाजिक र वैज्ञानिक महत्त्व सम्बन्धी हनुमानढोकामा पहिलो शृङ्खला सम्पन्न भएको छ।
#revivedaboo #bridgetalks #intergenerationaldialogueseries https://t.co/k05JjpaPOM",79,3,0,2016,12962
1.75E+18,RSP,Himalayabiraj,Biraj Bhakta Shrestha,2/1/2024,17:17:39,"संखुवासभा""छुजुङ खोला""मा भइरहेको कार्यले प्राकृतिक प्रकोप बढाएको र स्थानियहरुको आस्था,सम्पदामा असर परेको ज्ञापन पत्र प्राप्त गर्यौं।
सम्बन्धित मन्त्रालय,सिडीओ र जनप्रतिनीधीमा स्थानीयको अपनत्व,आस्थाको संरक्षण हुनेगरी विकासकार्यमा अघि बढ्नुपर्ने पहल गरेका छौँ।
#आदिवासीअधिकार #ILO169 https://t.co/rbl4qwZust",38,2,1,1131,12962
1.75E+18,RSP,Himalayabiraj,Biraj Bhakta Shrestha,1/31/2024,16:24:59,"बहुप्रतिक्षित मेलम्ची खानेपानीको समानुपातिक वितरण तथा पाइप सञ्जाल विस्तारको जिम्मेवारी प्राप्त ""आयोजना कार्यान्वयन निर्देशनालय""(PID) सङ्ग काठमाडौँ ८ को कार्य अवस्थाको विस्तृत जानकारी लिएका छौँ।
समन्वयको अभावलाई समाधान गर्ने गरी सम्बन्धित निकायहरु सङ्गको संवाद पनि सुरु गरेका छौँ। https://t.co/IccHJOO3kz",79,7,2,2477,12962
1.75E+18,RSP,Himalayabiraj,Biraj Bhakta Shrestha,1/30/2024,9:49:41,"सहिदहरुको बलिदानलाई सार्थक बनाउनु छ। 
वीर अमर सहिदहरुलाई सम्मान र धन्यवाद सहित सम्पूर्ण ज्ञात अज्ञात सहिदहरु प्रति हार्दिक श्रद्धाञ्जली। 🌸🌸🌸🌸🙏🇳🇵
#सहिददिवस https://t.co/VMk5XfsGiL",110,8,0,3762,12962
1.75E+18,RSP,Himalayabiraj,Biraj Bhakta Shrestha,1/27/2024,16:03:20,"सेना दिवस २०८० को उपलक्षमा आयोजित
""नेपाली सेना फोटो तथा विशेष युनिट प्रदर्शनी""
मा काठमाडौँ ८,विश्व सम्पदा हनुमान ढोकामा तैनाथ शार्दूल जङ्ग गुल्मका गुल्म पति मेजर श्री पूर्ण प्रजापति ज्यूको निमन्त्रणामा सहभागी भई नेपाली सेनाको विविध कार्यक्षेत्र र योगदान बारे बुझ्ने अवसर पायौँ।🇳🇵 https://t.co/tPR9zikLI6",99,6,1,2223,12962
1.75E+18,RSP,Himalayabiraj,Biraj Bhakta Shrestha,1/26/2024,10:57:47,"जलवायु परिवर्तनको प्रभाव बालबालिकामा प्रचुर मात्रामा पर्ने कुरा सबैमा अवगत छ। समाधान र जबाफदेहिता खोज्दै वर्षौँदेखिको कामको प्रशंसा स्वरूप ११ वटा देशका सयौँ अभियन्ता मध्ये नेपालबाट छानिएकोमा प्रिय सृष्टिलाई धेरै बधाई।
सन्ततिको‌ भविष्यको निमित्त तिम्रो यात्रामा सधैँ साथ दिनेछु।",31,2,1,2118,12962
1.75E+18,RSP,Himalayabiraj,Biraj Bhakta Shrestha,1/24/2024,17:28:27,"आज राती ९ बजे @TvYoho को लोकप्रिय कार्यक्रम ""सत्य संवाद"" मा वरिष्ठ सञ्चारकर्मी @jibrambhandari सङ्गको संवादमा हुनेछौं। https://t.co/HJZ70OTmU8",155,6,8,4804,12962
1.75E+18,RSP,Himalayabiraj,Biraj Bhakta Shrestha,1/23/2024,18:24:40,"देशभरी कै नागरिकहरुको स्वास्थ्य सेवाको आशाको रूपमा रहेको वीर अस्पतालमा आर्थिक अभावले गर्दास्वास्थ्य सेवामा प्रभाव परेको छ।
९६० बेड ६००मा घटेपछि ७७जिल्लाका सेवाग्राही सेवाबाट वञ्चित भइरहेका छन्।
सम्बन्धित निकायहरुमा पहल गरेका छौँ,आशा छ छिट्टै नै जिम्मेवार निकायहरुको ध्यान पुग्नेछ। https://t.co/yyxhC6cbxp",48,6,0,1738,12962
1.75E+18,RSP,Himalayabiraj,Biraj Bhakta Shrestha,1/23/2024,14:20:03,"काठमाडौँ ८,वडा १३ को सडक व्यवस्थापन , सडक सचेतना,ज्येष्ठ नागरिक तथा बाल्- बालिकाहरूको लागि खुल्ला क्षेत्रको प्रवर्द्धन गर्न स्थानीयहरु,समाज सेवी,सम्पदा प्रेमी र लोक प्रिय सङ्गीतकार योगेश्वर अमात्य दाई सँग,छिट्टै कार्यक्रम संचालन गर्ने गरी उत्साहजनक र उपलब्धि मूलक छलफल भएको छ। https://t.co/8sjgLu06Bm",64,3,1,2831,12962
1.75E+18,RSP,Himalayabiraj,Biraj Bhakta Shrestha,1/20/2024,16:01:30,"कालीमाटी अवस्थित तख्ती अजिमा (निलबाराही) क्षमा पूजामा प्रसाद ग्रहण!!!
संस्कृति र अमूर्त सम्पदा संरक्षणमा निस्वार्थ निःशर्त अनवरत योगदान दिइरहनु भएको सम्पूर्णमा नमन्।🙏
#राष्ट्रियपहिचान 🇳🇵 https://t.co/zoBYYAF2eU",28,2,0,1056,12962
1.75E+18,RSP,Himalayabiraj,Biraj Bhakta Shrestha,1/20/2024,15:32:24,"हाम्रो संस्कृति, हाम्रो गौरव !!!🇳🇵✊
काठमाडौँ ८, विश्व सम्पदामा सूचीकृत स्वयम्भू स्थित हारती अजिमा पूजा (छा: ह्याक्यु) को प्रसाद ग्रहणका साथसाथै महिला दीदी-बहिनीहरुलाई उद्यमशीलता सम्बन्धी जानकारी प्रधान गर्ने अवसरको पनि प्राप्त भयो।
#उद्यमशीलसमाज #संस्कृति 🇳🇵 https://t.co/QHItrRoACb",17,1,0,764,12962
1.75E+18,RSP,Himalayabiraj,Biraj Bhakta Shrestha,1/20/2024,15:26:48,"हाम्रो संस्कृति, हाम्रो गौरव !!!🇳🇵✊
काठमाडौँ ८, विश्व सम्पदामा सूचीकृत स्वयम्भू स्थित हारती अजिमा पूजा (छा: ह्याक्यु) को प्रसाद ग्रहणका साथसाथै महिला दीदी-बहिनीहरुलाई उद्यमशीलता सम्बन्धी जानकारी प्रधान गर्ने अवसरको पनि प्राप्त भयो।
#उद्यमशीलसमाज #संस्कृति 🇳🇵 https://t.co/neFvm6USGK",53,5,2,1346,12962
1.75E+18,RSP,Himalayabiraj,Biraj Bhakta Shrestha,1/20/2024,15:05:09,"रक्तदान,जीवनदान!
लिनेलाई पनि फाइदा,दिनेलाई पनि फाइदा।
सामाजिक कार्यमा युवा जागरण !✊
डल्लु युवा पावर र  सरस्वति तेक्वान्दो डोजाङको संयुक्त आयोजना र लायन्स क्लब अफ काठमाडौँ कोर सिटिको सह आयोजनामा भएको रक्तदान कार्यक्रममा रक्तदान गर्ने अवसरको लागि  आयोजक सबैलाई धेरै धेरै धन्यवाद।🙏 https://t.co/mOXn6IqiPF",63,4,1,1927,12962
1.75E+18,RSP,Himalayabiraj,Biraj Bhakta Shrestha,1/18/2024,16:32:22,"हामीसँग आफ्नै मौलिक संवत् (नेपाल संवत्) छ।बेला-बेलामा व्यावहारिक प्रचलनमा ल्याउने चर्चा चल्छ। केहीले घोषणा गर्छन।तर,अभ्यासमा लैजाँदैनन्।राष्ट्रिय स्वतन्त्र पार्टीले भने नेपाल संवत् ११४४ को अवसरमा घोषणा गरेयता आफ्ना पत्राचारमा यसरी नेपाल संवत् उल्लेख गरिरहेको छ। https://t.co/ccXd9baMiN",138,9,12,14013,12962
1.75E+18,RSP,Himalayabiraj,Biraj Bhakta Shrestha,1/18/2024,10:15:21,शुभ दिन।🙏 https://t.co/geJGPtynLg,100,5,7,4962,12962
1.75E+18,RSP,Himalayabiraj,Biraj Bhakta Shrestha,1/17/2024,14:38:02,"सम्माननीय सभामुखज्यूलाई सांसदको रूपमा पहिलो वार्षिक कार्य प्रगति प्रतिवेदन  बुझाएका छौँ ।भेटमा मैले केही अनुभव र अनुरोध गरे। सम्माननीय ज्यूले पनि महत्त्वपूर्ण सुझावहरू दिनुभयो र जनप्रतिनिधिको रूपमा हाम्रो पारदर्शिता र जवाफदेहिताको अभ्यासलाई सराहना गर्नुभयो।
हार्दिक धन्यवाद 🙏 https://t.co/YxmS2vkKtR",125,6,6,3758,12962
1.75E+18,RSP,Himalayabiraj,Biraj Bhakta Shrestha,1/17/2024,12:04:11,विघ्नहर्ता नेपालद्वारा आयोजित जलवायु परिवर्तन सम्बन्धी कार्यक्रममा त्रि.वि अन्तर्गत मानव शास्त्र विभागका प्र. डा.विनोद पोखरेलसंग दिगो विकास र जलवायु परिवर्तनको असरका बारेमा कुरा भयो।विकास र नीति निर्माणमा यस्ता अध्ययनलाई ध्यान नदिएकाले अहिले आर्थिक र सामाजिक विचलन सिर्जना भएको छ। https://t.co/hoJKlTrzXE,35,0,0,1291,12962
1.75E+18,RSP,Himalayabiraj,Biraj Bhakta Shrestha,1/15/2024,10:27:37,"घ्य: चाकु संल्हु, माघे संक्रान्ति/मकर संक्रान्ति, माघी पर्वको अवसरमा समस्त नेपालीजनमा स्वस्थ र खुसी रहनुहोस्,जीवनमा मिठास छाइरहोस्,उत्साह र सामाजिक सद्भाव रहिरहोस् भन्दै हार्दिक मंगलमय शुभकामना व्यक्त गर्दछु।।🇳🇵🙏 https://t.co/0KvNRQZydy",175,3,5,4350,12962
1.75E+18,RSP,Himalayabiraj,Biraj Bhakta Shrestha,1/14/2024,15:35:57,"जनप्रतिनिधिको रूपमा संसदीय अभ्यास अन्तर्गत प्रदेश सभामा झैँ प्रतिनिधि सभामा पनि पहिलो वार्षिक प्रतिवेदन सार्वजनिक गरेका छौँ। निर्मम समीक्षा गरी आगामी दिनमा अझै राम्रो काम कसरी गर्नेमा सुझावको आशा गरेका छौँ।🇳🇵
#अनुरोध #पद्धति #कोसिस #जनउत्तरदायी #अभ्यास
https://t.co/oPcnxmvcGm",139,10,4,4058,12962
1.75E+18,RSP,Himalayabiraj,Biraj Bhakta Shrestha,1/13/2024,20:22:47,"आजको वार्षिक प्रतिवेदन सार्वजनिक कार्यक्रममा उपस्थित भएर र विभिन्न माध्यमबाट शुभकामना प्रदान गरी कार्यक्रमको गरिमा बढाई दिनुभएको सबै प्रति आभार।
काठमाडौँ ८ सचिवालय,आयोजक साथीहरू र आम नागरिकहरू माझ यो सुसंस्कृत अभ्यासलाई पुर्‍याउन सहयोग गर्नुहुने सञ्चार माध्यममा पनि विशेष धन्यवाद। https://t.co/QVLhXNTJTy",81,5,2,3702,12962
1.75E+18,RSP,Himalayabiraj,Biraj Bhakta Shrestha,1/13/2024,13:33:52,"श्री भैरबटोल खानेपानी तथा सरसफाई उपभोक्ता समिति नागार्जुन न.पा. ४, ५, ६ को ११औं साधारण सभा तथा जेष्ठ नागरिक सम्मान कार्यक्रम। 
विधिवत प्रक्रियाबाट सुसंस्कृत,सभ्य र भव्य रूपमा कार्यक्रम आयोजना गर्नु भएकोमा बधाई तथा पूर्ण सफलताको शुभकामना। 🙏 https://t.co/BlzYn8rrMk",61,4,0,1775,12962
1.75E+18,RSP,Himalayabiraj,Biraj Bhakta Shrestha,1/13/2024,10:47:23,"विनम्रता पूर्वक आजको कार्यक्रमको पुनः स्मरण।
सुसंस्कृत लोकतान्त्रिक अभ्यासको कोशिश गर्दै यस वर्षको वार्षिक कार्य प्रगति प्रतिवेदन सार्वजनिक समारोहमा उपस्थितिका लागि हार्दिक अनुरोध गर्दछौं । 🙏🇳🇵
सम्पर्क : 984-141-6789 , 9867437608 
#Accountability #जवाफदेहिता https://t.co/eIKIFU58M1",79,6,2,2371,12962
1.75E+18,RSP,Himalayabiraj,Biraj Bhakta Shrestha,1/13/2024,10:07:14,"भ्रष्टाचार र दण्डहीनता।
यस्तै काण्डहरुले गर्दा चरम मूल्यवृद्धि भई आम नागरिक हरुमा नैराश्यता छाएको छ। 
अझै सुध्रिन चाहेका छैनन्। https://t.co/fyRKwAgKKQ",147,12,22,29470,12963
1.75E+18,RSP,Himalayabiraj,Biraj Bhakta Shrestha,1/12/2024,14:31:02,"कामना प्रकाशन, (@NepalSamacharpatra) २९औं वर्षमा प्रवेश गरेकोमा हार्दिक मङ्गलमय शुभकामना।🙏
आउने दिनहरुमा पनि स्थानीय देखि राष्ट्रिय,अन्तर्राष्ट्रिय स्तरको जानकारीहरु आम मानिसहरुको सुसूचित हुने अधिकारलाई निष्ठाको साथ सम्पन्न गर्न पनि शुभकामना व्यक्त गर्दछौं।🌸 https://t.co/AzsPcruZdK",15,0,0,1100,12963
1.75E+18,RSP,Himalayabiraj,Biraj Bhakta Shrestha,1/12/2024,11:25:32,"हार्दिक निमनत्रणा!!!
पूर्व उप-प्रधान तथा गृह मन्त्री, राष्ट्रिय स्वतन्त्र पार्टीका सभापति एबम् संसदीय दलका नेता माननीय रवि लामिछाने ज्यू को प्रमुख आतिथ्यमा भोलि हुन गइरहेको कार्यक्रममा हार्दिक निमन्त्रणा । 🙏
थप जानकारीको लागि: 9841416789, 9867437608 https://t.co/yh3cNNz0Gp",226,13,29,15531,12963
1.75E+18,RSP,Himalayabiraj,Biraj Bhakta Shrestha,1/11/2024,14:58:28,"नागार्जुन नगरपालिकाको ८औं नगर सभामा हामीलाई प्रमुख अतिथिको रूपमा प्रगती विवरण प्रस्तुत गरी हाम्रो अनुभव र दृष्टिकोणहरु राख्ने अवसर दिनु भएको धन्यवाद।
८ औं नगर सभाको पूर्ण सफलताको शुभकामना। 🙏🇳🇵
Think Global, Act local.
#स्थानीयसरकार #अपनत्व #दिगोविकास https://t.co/v4yqDvGRfq",34,2,0,1482,12963
1.75E+18,RSP,Himalayabiraj,Biraj Bhakta Shrestha,1/11/2024,10:03:50,"सुसंस्कृत राजनीतिको अभ्यास गर्ने कोशिस अनुरूप जन उत्तरदायित्वलाई निरन्तरता दिंदै वार्षिक कार्य प्रगति प्रतिवेदन सार्वजनिक समारोहमा उपस्थितिका लागि हार्दिक अनुरोध गर्दछौं । 🙏🇳🇵
थप जानकारीको लागि ९८६७४३७६०८ https://t.co/Jr20JiNcYE",115,9,7,5093,12963
1.75E+18,RSP,Himalayabiraj,Biraj Bhakta Shrestha,1/10/2024,22:08:43,"हामीलाई थाहा छ यो यात्रा सजिलो छैन भनेर ,
गन्तव्य महत्त्वपूर्ण की गति महत्त्वपूर्ण त्यो पनि थाहा छैन। 
तर एउटा कुरा थाहा छ सबै भन्दा महत्त्वपूर्ण चाहिँ “साथ” नै हो।✊🇳🇵 https://t.co/8Ych1QkJHY",365,16,35,23013,12963
1.74E+18,RSP,Himalayabiraj,Biraj Bhakta Shrestha,1/10/2024,12:11:59,"विकसित हुँदै गरेको राजनीति, संसदीय पद्धति र प्रणालीका राम्रो जानकार @12khari का संवाददाता सञ्चारकर्मी द्वय रमेश वाग्ले र रोमन आचार्य सङ्गको अन्तरवार्ता ।
सल्लाह , सुझाव र सहयोग को अपेक्षा सहित। 🙏
@jornalist_roman  https://t.co/PfupuRhSml",151,14,7,6835,12963
1.74E+18,RSP,Himalayabiraj,Biraj Bhakta Shrestha,1/9/2024,10:47:51,"धन्यवाद @NepalRastraBank ।
वित्तीय साक्षरताको लागि वित्तीय चेतनाको यो पहलको लागि।
#जनहितमाजारी 
#अर्थसमिति #राष्ट्रबैंक #अर्थमन्त्रालय #उद्यामिसमाज 
#entrepreneurship https://t.co/Md1AyNTQZN",36,7,0,1521,12963
1.74E+18,RSP,Himalayabiraj,Biraj Bhakta Shrestha,1/8/2024,14:51:12,"अबको युग नवीनता (Innovation)को युग हो।
हामीलाई जहिले पनि सत्संग (fellowship) को माध्यमबाट श्रृजनात्मक सोचबाट समाधानहरुमा केन्द्रित हुन प्रोत्साहन गर्ने साथी शिरिष दली सङ्ग।
@albatrossnepal लाई नयाँ एल्बम ""रातको रानी"" को पूर्ण सफलताको कामना। 
#MusicalRevolution https://t.co/tVmSgRi4lZ",43,2,0,1332,12963
1.74E+18,RSP,Himalayabiraj,Biraj Bhakta Shrestha,1/8/2024,13:53:53,अकर्मण्यता र दण्डहीनताको एउटा ज्वलन्त उदाहरण।,113,8,7,7735,12963
1.74E+18,RSP,Himalayabiraj,Biraj Bhakta Shrestha,1/7/2024,19:29:25,"आज अर्थ समिति बैठकमा राष्ट्रिय योजना आयोगको सोह्रौँ योजना (आर्थिक वर्ष २०८१/८२-२०८५/८६) अवधारणा - पत्रमा हाम्रो धारणा ।
@NEPALNPC @PM_nepal_ 
https://t.co/IH5jh3n3c1",8,1,0,233,12963
1.74E+18,RSP,Himalayabiraj,Biraj Bhakta Shrestha,1/7/2024,18:58:53,"काठमाडौँ ८,मनमोहन मेमोरियल हस्पिटलको निमन्त्रणामा भ्रमण गरेका छौँ।
सरकारी कार्यक्रमहरु साथै विपन्नहरुलाई सुलभ सेवा प्रदान गरिरहेको जानकारी डा.नस्तुप्रसाद शर्माले दिनुभयो।
आम नागरिक र विशेष गरी काठमाडौँ ८का नागरिकहरुलाई स्वास्थ्यको पहुँचमा पुर्याउन प्रारम्भिक छलफल पनि भएको छ। https://t.co/MYcaXu38Ie",93,8,0,2479,12963
1.74E+18,RSP,Himalayabiraj,Biraj Bhakta Shrestha,1/7/2024,9:40:33,"सांस्कृतिक सम्पदाहरू नेपाल र सबै नेपालीहरुको पैतृक सम्पत्ति। 🙏🇳🇵
संरक्षण र पुर्नस्थापनाको लागि आभार तथा सम्मान। https://t.co/vS7693S6yg",64,3,2,2819,12963
1.74E+18,RSP,Himalayabiraj,Biraj Bhakta Shrestha,1/6/2024,13:26:23,"नयाँ पुस्ता चलाख छन् है साथीहरु, बोलेको पत्याउँदैनन् , व्यवहार हेर्छन्। https://t.co/Qf8JJR4XYa",217,8,6,8344,12963
1.74E+18,RSP,Himalayabiraj,Biraj Bhakta Shrestha,1/6/2024,13:05:25,"३ वर्ष अगाडी बागमती प्रदेश सभा मा हुँदा, काठमाडौँ को वायु प्रदुषण बारे सार्वजनिक अपील गरेका थियौं।
#AirPollution https://t.co/NpRSwasmNp",21,2,1,1266,12963
1.74E+18,RSP,Himalayabiraj,Biraj Bhakta Shrestha,1/6/2024,12:27:26,"मीन पचास (जाडो महिना)को छुट्टी अनि शनिवार पनि।।।
तारा सङ्ग सिक्दै र आफूले जानेको अनुभवहरू अभ्यास पनि गर्दै। 
पहिले हामी हुर्केको जस्तै टोल, चोक,चौतारीमा छिमेकीहरु सँग खल्ने,समाजिक व्यवहारहरू सिक्ने बुझ्ने संस्कार हराउँदै गएको छ।
घरहरू नजिक भए तर मन् हरु टाढा हुँदै गयो।
#NextGen https://t.co/UObDYjHp9n",121,5,0,4049,12963
1.74E+18,RSP,Himalayabiraj,Biraj Bhakta Shrestha,1/5/2024,17:26:06,"स्वास्थ्य लाभको कामना व्यक्त गर्न बाको सहकर्मी मित्रहरू कामपाका पूर्व मेयर विद्यासुन्दर शाक्यज्यू,पूर्व वडा अध्यक्षहरु सुभानकुमार श्रेष्ठज्यू,विजयकृष्ण श्रेष्ठज्यू र पवित्र बज्राचार्यज्यू।उहाँहरु सङ्ग काठमाडौँको समग्र अवसर,चुनौतीको बारेमा पनि अझै धेरै सिक्ने अवसर पनि प्राप्त भयो। https://t.co/JK1MGEO3Rt",50,1,1,3508,12963
1.74E+18,RSP,Himalayabiraj,Biraj Bhakta Shrestha,1/5/2024,9:40:54,"हामीलाई एकअर्का सँग आन्दोलनको नाममा , सामाजिक सञ्जालमा,संघर्षको नाममा लडाएर रजाई गरिरहेका छन्,हामीलाई आधारभूत कुरामा अल्झाई रहेकाछन् ,जब हामीमा यो कुराको चेत जाग्छ तब यिनीहरु शक्तिहिन हुन्छन् र हामीलाई जुधाएर गरिने यस्ता गठबंधन,छल कपट ,देश र जनता माथिको षडयन्त्रहरु अन्त्य हुन्छ।",103,18,14,5519,12963
1.74E+18,RSP,Himalayabiraj,Biraj Bhakta Shrestha,1/4/2024,19:55:12,"हामीलाई मलामी जाँदा नमस्कार गर्नु हुँदैन भनेर सिकाउनु भएको थियो। 
मलामी जाँदा नमस्कार गर्नु भएकोलाई साङ्केतिक रूपमा सिर झुकाएर प्रतिक्रिया दिएकोमा नमस्कार फर्काएन ठुलो मान्छे भयो भनेर रिसाउनु भएछ।
मलामी गएको बेला बाहेक उहाँलाई हजार नमस्कार।🙏*१०००",202,11,13,13939,12963
1.74E+18,RSP,Himalayabiraj,Biraj Bhakta Shrestha,1/4/2024,19:27:48,"भावपूर्ण श्रद्धाञ्जली🌸
हामीलाई सधैँ हौसला दिनुहुने मिलनसार 
रत्न दास खड्गी""बा""को आज भएको असामयिक निधनले मर्माहत तुल्याएको छ। दुखको यस घडीमा स्वर्गीय आत्माको चिर शान्तिको कामना गर्दै श्रद्धाञ्जली अर्पण गर्दछौँ,साथै शोक सन्तप्त परिवारजनमा हार्दिक समवेदना पनि व्यक्त गर्दछौँ। https://t.co/fstLoTqhC9",8,0,0,778,12963
1.74E+18,RSP,Himalayabiraj,Biraj Bhakta Shrestha,1/4/2024,13:24:11,"नेपाल तेक्वान्दो संघ बागमती प्रदेशको विधि अनुसार दोस्रो साधारण सभा को पूर्व तयारी बैठकमा सहभागि भएका छौं । बागमती प्रदेशमा तेक्वान्दोको प्रभावशाली भविष्यको लागि बलियो आधार निर्माण गर्न  बैठकमा मुख्य रणनीति र भावी योजनाबारे  छलफल सम्पन्न भयो||
#ltaekwando https://t.co/6otqbyGilw",15,0,0,740,12963
1.74E+18,RSP,Himalayabiraj,Biraj Bhakta Shrestha,1/4/2024,10:27:54,"गर्न नसकिने भनाइ राख्ने मानिसहरूले केही गर्न खोजी रहेकाहरूलाई अवरोध पनि गर्नु हुँदैन।
~Kong Qiu~ कन्फ्यूशियस https://t.co/sVhwXf4JJm",34,2,1,1529,12963
1.74E+18,RSP,Himalayabiraj,Biraj Bhakta Shrestha,1/4/2024,9:03:08,"आज हलिं नेवा: दबू द्वारा आयोजना गरिएको छलफल, जुम बैठकमा सहभागी हुँदै छौँ।
""हलिं नेवा: दबूया न्हियान्हिथंया प्रसारणय् क्षेत्र नं ८ या प्रतिनिधि सभाया सांसद विराजभत्त श्रेष्ठ नाप खँल्हाबल्हा""
Zoom ID: 91373284094

Date: Thursday, January 4, 2024

Time: 9:00 pm (Nepal) https://t.co/8kFjrL6sJd",37,4,1,1608,12963
1.74E+18,RSP,Himalayabiraj,Biraj Bhakta Shrestha,1/3/2024,14:31:34,"वातावरणीय मानव अधिकार रक्षक सम्मेलन  ""वातावरण, वायु प्रदूषण, र मानव स्वास्थ्य"" मा प्यानललिस्टको रूपमा हाम्रो अध्यनलाई प्रस्तुत गर्दै।
#climatechange  #environment https://t.co/w0vwfJ1spz",57,5,2,2192,12963
1.74E+18,RSP,Himalayabiraj,Biraj Bhakta Shrestha,1/2/2024,9:18:00,"उड्नेहरू पनि देखेका छौँ, उडाउनेहरू पनि।
उचाल्नेहरू पनि देखेका छौँ, उचालिनेहरु पनि।
जति उडे पनि , जति उचाले पनि, ढिलो चाँडो बास बस्न त धर्ती मै आउनु पर्छ।
#समय https://t.co/Yk9UcoUIjO",617,32,33,40541,12963
1.74E+18,RSP,Himalayabiraj,Biraj Bhakta Shrestha,1/1/2024,11:13:44,"नयाँ वर्षको शुभकामना!!!
ई.स नयाँ वर्ष २०२४ मा विगतमा भन्दा पनि बढी पर्यावरण संरक्षण, संस्कृति संरक्षण, जिम्मेवार र रचनात्मक भएर  सामाजिक सदभाव कायम होस् भन्ने सबैमा शुभकामना। 
#happynewyear2024",35,2,2,1803,12963
1.74E+18,RSP,Himalayabiraj,Biraj Bhakta Shrestha,12/31/2023,18:38:28,"ए गोधुली साँझका रङ्गहरू, बताईदे दे न मलाई निःशब्दमा तेरो कालजयी कथाहरु। https://t.co/0a8RpfzqUm",33,1,1,1585,12963
1.77E+18,RSP,ManavJyotee,Santosh Pariyar,3/20/2024,14:04:16,"लु है, आज साँझ! https://t.co/QOO54qi4qH",68,8,7,3084,1216
1.77E+18,RSP,ManavJyotee,Santosh Pariyar,3/6/2024,20:37:25,पार्टी सभापति ज्युको नेतृत्वमा राष्ट्रिय स्वतन्त्र पार्टीबाट सरकारमा सहभागी हुने साथीहरूलाई हार्दिक बधाई! सफल-कार्यकालको सुभकामना! https://t.co/VAMyEtiUaI,77,2,8,3786,1216
1.76E+18,RSP,ManavJyotee,Santosh Pariyar,2/29/2024,18:58:54,बहस............! https://t.co/i9HTBLEYV0,54,4,1,1640,1216
1.76E+18,RSP,ManavJyotee,Santosh Pariyar,2/23/2024,19:07:11,खगेन दाइको किताब पल्टाउने अब! https://t.co/mIdQQ215V1,101,3,9,5361,1216
1.76E+18,RSP,ManavJyotee,Santosh Pariyar,2/17/2024,8:36:02,विचारलाई परिपक्व बनाउन परिस्कृत गर्दै जानुपर्छ। https://t.co/6ISbwv56Iq,28,3,0,823,1216
1.75E+18,RSP,ManavJyotee,Santosh Pariyar,1/31/2024,20:48:41,"तामाङ समुदायमाथि राज्यले गरेको उत्पीडनको कथामा बनेको बेजोड नाटक ""मासिन्या"" आज हेरियो। लेखन, निर्देशन र अभिनयका हिसाबमा एउटा स्वादिलो नाटक हेर्न पाइयो जब कला र साहित्यले विद्रोह गर्छ तब राजनीतिले बाटो बिराउँदैन र समाज रुपान्तरण हुन्छ। 
""मासिन्या"" नाटक समुहलाई हार्दिक बधाई! https://t.co/HScZSfKW4a",42,6,1,1423,1216
1.75E+18,RSP,ManavJyotee,Santosh Pariyar,1/12/2024,18:41:52,नयाँ कार्यसमितिको पहिलो बैठकमा! https://t.co/dtnhwblPh4,39,2,0,2058,1216
1.73E+18,RSP,ManavJyotee,Santosh Pariyar,12/12/2023,12:37:29,यता भेटौं है। https://t.co/Tqul3ak5ZO,28,4,1,781,1216
1.73E+18,RSP,ManavJyotee,Santosh Pariyar,12/9/2023,6:37:13,"साढे तीन हजार वर्ष पुरानो 
तिम्रो आक्रोसको आकाशमै हुनेछ
मुक्तिको नयाँ सूर्योदय।

लु आज यता भेटम है साथीहरू! https://t.co/C7FolOBbk8",28,2,1,1373,1216
1.73E+18,RSP,ManavJyotee,Santosh Pariyar,12/5/2023,19:08:08,"न्यायको जित भएको छ। रुकुममा नवराज बि. क. लगायत 6 जनाको जघन्य हत्याको अपराधमा सलग्न 23 जनालाइ रुकुम जिल्ला अदालतले भर्खरै जन्म कैदको सजायँ हुने फैसला सुनाएको छ।

यस्तै, नवराजकी प्रेमिकासहित उनको परिवारका तीन जनालाई जातीय विभेदसम्बन्धी मुद्दामा २ वर्षको कैद तोकिएको छ। https://t.co/BQgrq5xje5",71,14,2,3355,1216
1.73E+18,RSP,ManavJyotee,Santosh Pariyar,11/22/2023,20:17:40,तिम्रो दक्षिण फर्किएको टोपी र दक्षिणपन्थ सकिएकै हो त?,6,1,0,435,1216
1.72E+18,RSP,ManavJyotee,Santosh Pariyar,11/14/2023,16:00:42,राष्ट्रिय विभूति शंखधर साख्वाप्रति हार्दिक नमन! न्हुदयाँ भिन्तुना! https://t.co/S4d33FnatE,55,2,2,3061,1216
1.72E+18,RSP,ManavJyotee,Santosh Pariyar,11/10/2023,14:18:25,विमर्श! https://t.co/5SJv1Z8Ize,112,4,1,10712,1216
1.71E+18,RSP,ManavJyotee,Santosh Pariyar,10/13/2023,19:40:23,असोज २९ गते सोमबार बिहान ८:००-१०:०० भेटौं है त। https://t.co/Z5Bh2rPr1e,52,8,4,4576,1216
1.71E+18,RSP,ManavJyotee,Santosh Pariyar,10/3/2023,3:24:08,सहरमा नभएका रहर! https://t.co/g9obgAndM1,8,0,0,520,1216
1.69E+18,RSP,ManavJyotee,Santosh Pariyar,8/11/2023,14:13:21,अवरुद्ध सदन सुचारु गर्नका लागि सम्माननीय सभामुख समक्ष राष्ट्रिय स्वतन्त्र पार्टीको तर्फबाट बुझाइएको निवेदन। https://t.co/K8Ub3XekJM,31,5,0,2069,1216
1.69E+18,RSP,ManavJyotee,Santosh Pariyar,8/9/2023,22:17:08,RT @dadaghare3: संसद चल्न नदिएपछि संसद भबन परिसर बाटै माननीय श्री सन्तोष परियार द्वारा संसद र सभामुख लाइ संबोधन गर्दै  @ManavJyotee https:/…,0,6,0,0,1216
1.69E+18,RSP,ManavJyotee,Santosh Pariyar,8/6/2023,21:27:23,अक्षरहरूबाट शब्द र शब्दहरूबाट वाक्य त सजिलै बन्छन्। भावना त मनले मिसाउनुपर्छ।,14,0,2,547,1216
1.69E+18,RSP,ManavJyotee,Santosh Pariyar,8/5/2023,8:20:28,मेरो शनिबार अक्षरहरूसँग। तपाईंहरूको नि?,6,0,0,435,1216
1.68E+18,RSP,ManavJyotee,Santosh Pariyar,7/1/2023,12:04:47,दाइ पत्रकार र पत्रकार साथीहरूसँग... https://t.co/Bpr10KKc2u,9,0,0,659,1216
1.66E+18,RSP,ManavJyotee,Santosh Pariyar,5/8/2023,18:48:37,आउ मिलाउँ..........हाम्रा हातहरू! https://t.co/PtqguayCYM,359,8,8,18826,1216
1.65E+18,RSP,ManavJyotee,Santosh Pariyar,5/5/2023,7:23:22,"२५६७ औं बुद्धजयन्तीको हार्दिक सुभकामना!
अन्तमा बुद्ध भन्नुहुन्छ: ""अप्प दीपो भव""(be a light unto yourself)!",19,0,1,1016,1216
1.65E+18,RSP,ManavJyotee,Santosh Pariyar,5/1/2023,8:59:48,"प्रारम्भमा यो संसार यस्तो थिएन। संसारभरका मानिसहरूको मजदुरीले नै आजको संसार संभव भएको हो। श्रम गर्नेहरू र श्रमलाई सम्मान गर्नेहरू हामीभन्दा अगाडी छन्। श्रम नगर्ने र श्रमिकहरूलाई विभेद गर्नेहरू हामी जस्तै छन्। 
हामी सबै श्रम गरौं। 
अन्तरास्ट्रिय मजदुर दिवसको हार्दिक सुभकामना!",33,2,2,1621,1216
1.65E+18,RSP,ManavJyotee,Santosh Pariyar,4/23/2023,11:04:27,तनहुँको राजनीतिक विरासत तोड्ने क्रममा! https://t.co/qHMxkoNBux,143,4,4,8364,1216
1.64E+18,RSP,ManavJyotee,Santosh Pariyar,4/3/2023,8:39:26,प्रथम-व्यक्त्ति भाष्यमा नेपाली राजनीति सम्बन्धि एउटा लामो आलेख लेख्दैछु। केही छुटाउनै नहुने साहित्य छन् भने सहयोग गर्नुस् न है!,23,2,2,2314,1216
1.64E+18,RSP,ManavJyotee,Santosh Pariyar,4/2/2023,19:44:49,"""रुदाने""को 'थाहा' नपाउनेहरूलाई चाहिँ माफ!",15,2,0,996,1216
1.62E+18,RSP,ManavJyotee,Santosh Pariyar,2/6/2023,23:31:14,"यो त अती भयो। कसरी लेखिन्छन् यस्ता समाचार? नभनिएको कुरा लेखिएको छ। पार्टी महामन्त्री आजको सामान्य छलफल (बैठक होइन)मा हुनुहुन्न। साथीहरू, पत्रकारीता यती धेरै पनि हुन्न है।https://t.co/9owX7pQRBK",39,10,4,3477,1216
1.58E+18,RSP,ManavJyotee,Santosh Pariyar,10/8/2022,21:40:24,साँढे फुकेर असन छिरेपछि जे पनि गर्छ! ठोको ताली👏,3,0,0,0,1216
1.58E+18,RSP,ManavJyotee,Santosh Pariyar,10/5/2022,20:35:49,हुँ यात्री एउटा रुमल्ली हिँड्ने जंगली बाटोमा! https://t.co/LaY8fiXoxq,6,0,0,0,1216
1.57E+18,RSP,ManavJyotee,Santosh Pariyar,9/16/2022,9:13:44,"राज्य, राज्य निर्माण र राष्ट्र जस्ता अवधारणाहरूको परम्परावादी राजनीतिक भाष्य परिवर्तन नभएसम्म यीनिहरू आम 'नागरिक'का लागि हुन सक्दैनन्।",3,0,0,0,1216
1.57E+18,RSP,ManavJyotee,Santosh Pariyar,9/15/2022,11:20:03,आउ मिलाउँ हाम्रा हातहरू https://t.co/hbbaGDSi4J,11,0,0,0,1216
1.57E+18,RSP,ManavJyotee,Santosh Pariyar,9/10/2022,18:44:14,बग्न मन छ झरना जस्तै तिमीसम्म पुग्न! https://t.co/elKajhQWBN,13,1,1,0,1216
1.56E+18,RSP,ManavJyotee,Santosh Pariyar,8/20/2022,14:16:49,तपाइँको  दार्शनिक चेतकै कारण हो हामीले  दर्शन बुझ्ने आँट गरेको। तपाइँलाई देखेरै हो निष्ठाको राजनीतिमाथि विश्वास नडगमगाएको। हाम्रो पुस्ताको राजनीतिक विचार निर्माणमा तपाइँको  ठूलो भूमिका छ प्रदिप दाइ। हाम्रो विचारलाई परिपक्व बनाउन पनि तपाइँ उठ्नु पर्छ। https://t.co/hDRAIhyc0r,15,0,0,0,1216
1.55E+18,RSP,ManavJyotee,Santosh Pariyar,8/3/2022,20:02:33,कुटनीति विल्कुलै थाहा नभएको नेपाली राजनीतिले अब कुटनीतिक दबाब झेल्नुपर्ने हो। कसरी पार लाउलान त खै।,4,0,0,0,1216
1.55E+18,RSP,ManavJyotee,Santosh Pariyar,7/23/2022,18:44:13,भोलि २ बजे पर्यटन बोर्ड भृकुटीमण्डपमा भेटौं है त! https://t.co/0makPq2uai,10,0,0,0,1216
1.54E+18,RSP,ManavJyotee,Santosh Pariyar,7/6/2022,8:41:04,रँगहरु भर्ने क्रममा जीवन सादा पो लाग्ने रहेछ!,5,0,0,0,1216
1.54E+18,RSP,ManavJyotee,Santosh Pariyar,6/22/2022,14:51:56,यता छलफल गरौं है! https://t.co/ZXPNvUl2hK,8,1,0,0,1216
1.54E+18,RSP,ManavJyotee,Santosh Pariyar,6/20/2022,8:37:34,"भाष्य परिवर्तन गरौं- लोकन्त्रमा सरकार जनताको अभिभावक होइन कारिन्दा हो। बरु, जनतालाई लोकतन्त्रको असली अभिभावक बनाउँ। कहाँ-कहाँ छन् बाधा सबै पन्छाउँ।",6,0,0,0,1216
1.54E+18,RSP,ManavJyotee,Santosh Pariyar,6/14/2022,9:43:21,MMC सँग पैसो मात्र आउँछ भन्नेहरू अब हेर केके आउँछ।,1,0,0,0,1216
1.54E+18,RSP,ManavJyotee,Santosh Pariyar,6/11/2022,10:00:28,"चुरेको भित्री भागलाई चुरे फेदीका गाउँले शोषण गर्छ। फेदीलाई बर्दिवास, लालबन्दी, चन्द्रनिगाहपुरजस्ता साना सहरले शोषण गर्छ। ती सहरलाई फेरि जनकपुर, वीरगन्ज, भरतपुरजस्ता सहरले शोषण गर्छ। जनकपुरलाई चलाउने काठमाडौं छ।
दोरम् पुङ्दोला! गजब Raju Syangtan बोस।
https://t.co/HQzc8cXwG9",12,2,0,0,1216
1.53E+18,RSP,ManavJyotee,Santosh Pariyar,6/9/2022,10:13:19,दलितलाई पढ्न नदिने यस्ता विद्यालयहरू भत्काइदिउन! नभत्काएसम्म यीनिहरूको बुद्धि फिर्दैन।,7,0,0,0,1216
1.53E+18,RSP,ManavJyotee,Santosh Pariyar,6/6/2022,11:07:22,"बजारमा जो चर्चा छ- बामपन्थ, हामपन्थ र रामपन्थको!",4,0,0,0,1216
1.53E+18,RSP,ManavJyotee,Santosh Pariyar,5/25/2022,15:31:18,'विचारभन्दा माथि देश' र देशभन्दा माथि राजा भन्ने  ऋषिमुनि थाक्नु भएछ।,19,0,0,0,1216
1.53E+18,RSP,ManavJyotee,Santosh Pariyar,5/15/2022,7:52:43,"आकशको उडान जति पनि भर्न सकिन्छ तर, धर्ति छोड्नु खतरनाक हुन्छ।",5,0,0,0,1216
1.50E+18,RSP,ManavJyotee,Santosh Pariyar,3/7/2022,21:05:30,"सतीप्रथाको टेको समाएर महिलाले प्राचीन समयदेखि भोग्दै आएका समस्याको मूलसम्म पुग्ने प्रयास हो यो किताब। मूल पहिचान भए नै समस्याको समाधान पहिल्याउन सकिन्छ। महिलाप्रतिका विभेद र हिंसाको मुख्य कारण उनीहरूको यौनजीवन नियन्त्रण गर्ने पुरुषहरूको व्यग्र चाहना नै हो।
 
 भेटौं है साथीहरू! https://t.co/lpuG36SBZ5",22,6,0,0,1216
1.48E+18,RSP,ManavJyotee,Santosh Pariyar,1/13/2022,14:36:45,दक्षिण भारतीय समाजमा मुलत: जातको व्यवस्था छ। यो व्यवस्था यती जब्बर छ कि यसले लोकतन्त्रको आधारभूत मान्यताहरूलाई टेर्दैन। संविधान र कानुनलाई खुलमखुल्ला चुनौती दिन्छ। विकासको गतिसँग यसको कुनै सरोकार छैन। मानवताको न्युनतम गुञ्जायस यो व्यवस्थामा छैन।,9,0,0,0,1216
1.78E+18,RSP,MPnishadangi,Nisha Dangi,4/26/2024,10:39:21,"प्रतिनिधि सभाको विधेयक अधिवेशन २०८० माघ २२ देखि २०८१ वैशाख २ गतेसम्मको सदन, समिति र पार्टीका विभिन्न क्रियाकलापमा मेरो उपस्थिति, सहभागिता र मैले गरेका कामको विवरण। https://t.co/RslpFyaiVF",55,10,5,2109,3520
1.78E+18,RSP,MPnishadangi,Nisha Dangi,4/24/2024,20:46:49,इलाम-०२ https://t.co/pQ3CFAd32N,35,7,1,941,3520
1.78E+18,RSP,MPnishadangi,Nisha Dangi,4/13/2024,0:35:59,"यो नयाँ वर्षमा हाम्रो जीवनमा सकारात्मक परिवर्तनको वर्ष बनोस् । राष्ट्र निर्माणको साझा अभियानमा जोडिएका हामी सबैले नेपाल र नेपालीको समग्र स्थितिमा आमूल परिवर्तन ल्याउन सशक्त प्रयास गर्ने सङ्कल्प गरौँ !
नयाँ वर्ष २०८१ को शुभकामना",32,4,5,1105,3520
1.78E+18,RSP,MPnishadangi,Nisha Dangi,4/2/2024,22:35:01,"आज मन्त्रालयगत प्रश्नोत्तरमा मा. वन तथा वातावरण मन्त्री ज्यूलाई जलवायु परिवर्तनका सम्बन्धमा मेरो प्रश्न, खण्ड-२ https://t.co/YKxQeCWgK2",31,2,0,951,3520
1.78E+18,RSP,MPnishadangi,Nisha Dangi,4/2/2024,22:31:47,आज मन्त्रालयगत प्रश्नोत्तरमा मा. वन तथा वातावरण मन्त्री ज्यूलाई जलवायु परिवर्तनका सम्बन्धमा मेरो प्रश्न : https://t.co/caKq3kywkL,37,2,3,912,3520
1.78E+18,RSP,MPnishadangi,Nisha Dangi,4/2/2024,13:02:01,"थोरै लगानीमा, धेरै लाभ दिन सक्ने इभी कन्भर्जनको उचित सम्भाव्यता, पर्यावरण र लागत अध्ययन गरेर आवश्यक मापदण्ड, कार्यविधि र  स्पष्ट कानुन ल्याउन आज सभामुख मार्फत सरकारको ध्यानाकर्षण गराएकी छु । https://t.co/ovGzNUxoQD",70,14,0,1940,3520
1.77E+18,RSP,MPnishadangi,Nisha Dangi,3/24/2024,21:21:48,यस वर्षको होली https://t.co/tdqH1I8Tg8,31,2,0,759,3520
1.77E+18,RSP,MPnishadangi,Nisha Dangi,3/18/2024,21:40:54,धर्मसन्तान ग्रहण गर्ने सम्बन्धको कानुनी समस्यामा ध्यान दिन र यसमा उचित संशोधन गरियोस् भनि आज सभामुख मार्फत सम्बन्धित निकायको ध्यानाकर्षण गराएकी छु । https://t.co/ChyG5nLXEm,82,9,1,2923,3520
1.77E+18,RSP,MPnishadangi,Nisha Dangi,3/15/2024,22:12:34,"https://t.co/YHVkLjG5R1
पालैपालो सडक भत्काउने विकासे प्रवृत्तिले दिक्क रास्वपा सांसद डाँगी",25,1,2,609,3520
1.77E+18,RSP,MPnishadangi,Nisha Dangi,3/14/2024,22:41:55,"निर्माणमुखी सामग्रीको व्यवस्थापन तथा नियमन सम्बन्धमा व्यवस्था गर्न बनेको विधेयक, २०८० को छलफलमा https://t.co/e3Jf8zlrHL",57,9,4,1615,3520
1.77E+18,RSP,MPnishadangi,Nisha Dangi,3/11/2024,20:50:18,"https://t.co/CvcNQ5WbC8
सांसद भएपछिको मेरो पहिलो लेख
पढेर प्रतिकृया दिनुहोला",138,15,4,5125,3520
1.77E+18,RSP,MPnishadangi,Nisha Dangi,3/7/2024,21:26:50,हार्दिक बधाई तथा सफल कार्यकालको शुभकामना https://t.co/AhL8dQhXCx,51,7,3,1331,3520
1.76E+18,RSP,MPnishadangi,Nisha Dangi,3/1/2024,17:53:01,यात्रुलाई केही मिनेट नकुर्ने विमान सेवा प्रदायकले बिना सूचना ‘डिले’ भन्दै विमानस्थलमा किन घण्टौं कुराउँछ ? आज सम्माननीय सभामुख महोदय मार्फत सम्बन्धित निकायलाई मेरो प्रश्न । https://t.co/10Zdg2NOhB,55,5,4,2922,3520
1.76E+18,RSP,MPnishadangi,Nisha Dangi,2/8/2024,21:05:26,सरकारले श्रोत नखुलेको सम्पत्ति (कालोधन) लाई सोझै सेतो बनाउने गरि ल्याएको (सम्पति शुद्विकरण) विधेयक माथि मेरा भनाई । https://t.co/cEcJ8jIMCE,197,23,7,5554,3520
1.76E+18,RSP,MPnishadangi,Nisha Dangi,2/7/2024,15:45:02,सवारी साधन दुर्घटना न्युनिकरणका उपाय सहित आज संसदमा जरुरी सार्वजनिक महत्वको प्रस्ताव दर्ता गराएकाछौं । https://t.co/2n0qlcOW9y,43,5,4,3217,3520
1.75E+18,RSP,MPnishadangi,Nisha Dangi,1/31/2024,20:39:55,"हामीले त नाटक “मासिन्या” हेर्यौ
अब तपाईहरुको पालो https://t.co/SsWwjtbmC3",49,1,1,1117,3520
1.75E+18,RSP,MPnishadangi,Nisha Dangi,1/11/2024,18:52:52,"पूर्व-पश्चिम राजमार्गअन्तर्गत नारायणगढ-बुटवल सडक खण्डको स्तरोन्नतिमा भइरहेको विलम्ब, नागरिकले खेप्नु परेको सास्ती, निर्माणमा ढिलाइ हुनुको विविध कारण र थप ढिलाइ नहुन चलिनु पर्ने कदम निर्वाह गरिनुपर्ने कुरामा नेपालका लागि चिनियाँ राजदूत महामहिम सोङ्बीच छलफल गरिएको छ । https://t.co/3WHfZSh3QG",43,4,2,1162,3520
1.74E+18,RSP,MPnishadangi,Nisha Dangi,12/30/2023,20:35:47,जवाफ चाहियो सरकार https://t.co/SBwdmtFdx6,79,7,3,3131,3520
1.74E+18,RSP,MPnishadangi,Nisha Dangi,12/29/2023,17:02:27,"भिडलाई नियन्त्रणमा लिने थुप्रै उपायहरु हुँदाहुँदै गोली चलाइयो ।सरकारले जनताको सुरक्षा गर्ने हो हत्या होइन । सरकारले दुई युवकको हत्या गर्यो, हत्या गर्नु अपराध हो । 
सरकारले ग्वार्को आन्दोलनमा गोली चलाउने कार्यको घोर भर्त्सना गर्दछु ।",57,11,3,2342,3520
1.74E+18,RSP,MPnishadangi,Nisha Dangi,12/27/2023,21:46:28,नारायणगढ देखि सुरु भएको हाम्रो दबाब पैदल यात्रा बुटवल पुगेर सकिएको छ । यस यात्रामा हामीलाई साथ दिनुहुने सम्पूर्णमा धन्यवाद । https://t.co/E6nBLviNEJ,124,7,12,6091,3520
1.74E+18,RSP,MPnishadangi,Nisha Dangi,12/27/2023,21:44:16,"रास्वपाले सुरु गरेको ‘दबाब यात्रा’को उद्देश्य के हो ?
https://t.co/6gpczarsiG",70,10,3,3395,3520
1.74E+18,RSP,MPnishadangi,Nisha Dangi,12/27/2023,21:42:55,दबाव यात्राको दोस्रो दिन https://t.co/GPoBvvfeTu,36,3,3,1146,3520
1.74E+18,RSP,MPnishadangi,Nisha Dangi,12/24/2023,13:34:33,"रास्वपाको दबाब यात्रा:
नारायणगढ-बुटवल सडकखण्डको स्तरोन्नति कहिले हुन्छ पुरा ? https://t.co/IRJLBmWoNw",165,5,13,7672,3520
1.74E+18,RSP,MPnishadangi,Nisha Dangi,12/14/2023,14:38:03,"लामो समय देखि बाग्मती करिडोर निर्माणका लागि रोक्का राखीएका व्यक्तिगत जग्गाको उचित नाप गरि फुकुवा गर्न मन्त्रालयले ढिलासुस्ती गर्नुको कारणबारे स्पष्टीकरण माग गर्दै, अविलम्ब समाधानको लागि माननीय शहरी विकास मन्त्रीज्यूलाई ध्यानाकर्षण पत्र बुझाएकी छु । https://t.co/V5SjWLYoy7",34,1,0,1073,3520
1.73E+18,RSP,MPnishadangi,Nisha Dangi,12/10/2023,18:46:52,11th NEPAL HUMAN RIGHTS INTERNATIONAL FILM FESTIVAL https://t.co/zTCzazy4UW,16,0,1,731,3520
1.73E+18,RSP,MPnishadangi,Nisha Dangi,12/10/2023,14:20:53,आज राष्ट्रिय स्वतन्त्र पार्टीको केन्द्रिय पूर्वाधार विकास विभागद्वारा अधिकार सम्पन्न बाग्मती सभ्यता एकीकृत विकास समितिसँग  छलफल गरिएको छ । @sobita465 @ChandaKarki9 https://t.co/mKnTNkvfRE,9,0,0,511,3520
1.73E+18,RSP,MPnishadangi,Nisha Dangi,12/1/2023,18:43:03,#rastriyaswatantraparty https://t.co/spvJJN1f2z,27,1,1,651,3520
1.73E+18,RSP,MPnishadangi,Nisha Dangi,11/30/2023,21:31:00,"रुकुम (पश्चिम), जाजरकोट र सल्यानका भूकम्प प्रभावित क्षेत्रहरु https://t.co/hcK5EnKv4b",12,1,1,796,3520
1.73E+18,RSP,MPnishadangi,Nisha Dangi,11/29/2023,22:09:28,हामी सबैलाई बधाई। https://t.co/EK5y2fIOSf,39,4,9,1438,3520
1.73E+18,RSP,MPnishadangi,Nisha Dangi,11/17/2023,20:20:29,पहिलो अधिवेशनमाको जस्तै गरेर दोस्रो अधिवेशनमा भए गरेका काम कारवाहिको संक्षिप्त जानकारी यस रिपोर्ट कार्डको माध्यमबाट सार्वजनिक गरेकी छु । सधैजसो सुधारका लागी तपाईहरुबाट निरन्तर सुझावको अपेक्षा गर्दछु । https://t.co/NS9CWmp2Y3,37,5,0,1360,3520
1.72E+18,RSP,MPnishadangi,Nisha Dangi,11/11/2023,16:08:05,"जाजरकोट र रुकुम(पश्चिम) लगायतका जिल्लाहरुमा गएको भूकम्पपछि अबको केही महिनामा पुननिर्माणको कार्य सुरु हुनेछ । पुननिर्माणको क्रममा त्यस क्षेत्रमा प्रयोग हुने विभिन्न सामाग्रीहरुको मुल्यवृद्दि गरिन सकिन्छ, यसतर्फ सरकारको समयमै ध्यान जाओस् र यसमा हाम्रो निगरानी र खबरदारी सधै रहनेछ । https://t.co/zBRgAn1Ai8",26,4,0,1704,3520
1.71E+18,RSP,MPnishadangi,Nisha Dangi,10/19/2023,17:37:18,Asian women parliamentarian caucus 2023 https://t.co/JQsKyTHvzC,57,3,2,2293,3520
1.71E+18,RSP,MPnishadangi,Nisha Dangi,10/18/2023,12:22:28,"निर्माणाधीन अरुण तेस्रो जलविद्युत् आयोजनाको विद्युत् गृहस्थल र प्रवेश मार्ग बन्द गराएर स्थानीय आन्दोलित छन्। तर, सरकारले उनीहरुको माग सम्बोधनमा गम्भीर नभएकाले सम्बन्धित निकायको ध्यानाकर्षण https://t.co/FMcKoDGuGS",31,0,2,894,3520
1.71E+18,RSP,MPnishadangi,Nisha Dangi,10/6/2023,19:43:49,"५२ वर्षको यो लामो अन्तरालपछि शिक्षा विधेयक आउनु सुखद पक्ष हो । तर, विधेयकको मस्यौदा बनाउने क्रममा सरकारले सरोकारवाला पक्षसँग वृहत् छलफल नगरेको स्पष्ट देखिन्छ ।त्यसैले अब विधेयकमाथि वृहत् छलफल गरेर संशोधन गर्नुको विकल्प छैन । https://t.co/3Ag7mRCYEZ",92,9,2,3285,3520
1.71E+18,RSP,MPnishadangi,Nisha Dangi,10/5/2023,21:01:51,दशकौँ वर्ष पहिचानको लडाइ लडिएको भए पनि त्यसले दिने प्रतिफल शून्यको अवस्थामा छ । तसर्थ लैङ्गिक रूपमा पिल्सिएकाहरूलाई सार्वभौम नेपाली भई बाच्न पाउने संवैधानिक अधिकारको लागि मजबुत कानुन निर्माण र कार्यान्वयनतर्फ अगाडी बढ्न आज सम्बन्धित निकायहरूको सभामुख मार्फत ध्यानाकर्षण गराएकी छु। https://t.co/JD9kiIFP1m,43,4,2,1583,3520
1.71E+18,RSP,MPnishadangi,Nisha Dangi,10/3/2023,20:42:38,"बझाङ सदरमुकाम चैनपुर आसपास केन्द्रबिन्दु बनाएर आज दिउँसो २ पटक भूकम्प गएको छ । भूकम्पका कारण केहि घर र विधालयमा समेत क्षति पुगेको छ, त्यसैले सम्माननीय सभामुख मार्फत पीडितको उद्धार, पुनर्स्थापना र  राहत वितरणको लागि यथाशीघ्र सम्बन्धित निकायको ध्यानाकर्षण गराएकी छु । https://t.co/CnywH4qCzQ",104,14,4,6829,3520
1.71E+18,RSP,MPnishadangi,Nisha Dangi,10/2/2023,17:15:06,कानूनको मनसाय विपरीत कैद सजाय मिनाह गर्ने प्रवृत्ति बढेको सम्बन्धमा सरकारको ध्यानाकर्षण गराउदै राष्ट्रपति समक्ष आग्रह गरिएको छ । https://t.co/Z0Xb2wnKP5,54,4,5,2211,3520
1.71E+18,RSP,MPnishadangi,Nisha Dangi,9/28/2023,8:18:09,प्रकृतिप्रेमी इन्द्रसँग जोडिएको यस पर्वले प्रकृतिको संरक्षण र कृषिप्रधान मुलुकको समृद्धिमा टेवा पुगोस् । समाजमा रहेको तहगत भिन्नतालाई पुरेर समानताको पाठ सिकाउने यस जात्रालाई उल्लासका साथ मनाउ । इन्द्र जात्राको सम्पूर्णमा हार्दिक मङ्गलमय शुभकामना । https://t.co/skmGRU7LCi,18,2,0,909,3520
1.71E+18,RSP,MPnishadangi,Nisha Dangi,9/26/2023,23:01:40,"युथ फेस्टिभल कमिटी (Youth Festival Committee), गोकर्णेश्वर द्वारा आयोजित दसैँ खसी कपका केही झलकहरु: https://t.co/g1W8ADPyy4",17,0,1,674,3520
1.70E+18,RSP,MPnishadangi,Nisha Dangi,9/20/2023,16:12:33,संविधान दिवस (राष्ट्रिय दिवस) २०८० https://t.co/FeE29WUk9y,15,0,3,738,3520
1.70E+18,RSP,MPnishadangi,Nisha Dangi,9/19/2023,21:50:42,वडा वडामा रास्वपा सम्बन्धमा जरुरी सुचना https://t.co/MmEd7TUi5L,27,4,0,1220,3520
1.70E+18,RSP,MPnishadangi,Nisha Dangi,9/12/2023,7:25:01,भावपूर्ण श्रद्धाञ्जली https://t.co/dLRCuiWAoJ,21,1,4,1666,3520
1.70E+18,RSP,MPnishadangi,Nisha Dangi,9/9/2023,21:40:13,https://t.co/UHbPK0gy2b,119,5,6,5264,3520
1.70E+18,RSP,MPnishadangi,Nisha Dangi,8/31/2023,8:29:14,जनै पूर्णिमाको सम्पुर्णमा शुभकामना https://t.co/DxLKjjNUlt,16,0,0,890,3520
1.69E+18,RSP,MPnishadangi,Nisha Dangi,8/24/2023,16:37:45,देशैभर रहेका बाल सुधार गृहको अवस्था सुदृढीकरणको लागि आज सम्माननीय सभामुख मार्फत सरकार र सम्बन्धित मन्त्रालयको ध्यानाकर्षण गराएकी छु। https://t.co/2Ex1BI6Js0,91,9,4,4112,3520
1.69E+18,RSP,MPnishadangi,Nisha Dangi,8/11/2023,14:14:43,राष्ट्रिय स्वतन्त्र पार्टीका सम्पूर्ण संसदहरुले सदन सुचारु गर्न र सदन अबरुद्ध भएको दिनको तलब/ भत्ता/ सुबिधा नलीनकालागि सभामुखलाई पत्र बुझाएका छौ । https://t.co/jBgOjeunvp,101,9,2,2797,3520
1.69E+18,RSP,MPnishadangi,Nisha Dangi,8/8/2023,21:43:18,तोकिएको समयमा संसद सुरू नभएपछी दिदीबहिनीले फोटो खिचाइयो । @sobita465 https://t.co/89E8v6iX1V,764,20,38,36249,3520
1.68E+18,RSP,MPnishadangi,Nisha Dangi,7/17/2023,10:01:14,साउनको पहिलो सोमबार https://t.co/o3EWrR2N7H,140,6,8,6027,3520
1.68E+18,RSP,MPnishadangi,Nisha Dangi,7/14/2023,9:30:58,भानु जयन्तीको शुभकामना 🙏 https://t.co/U4TAT72Gy0,40,1,0,3007,3520
1.68E+18,RSP,MPnishadangi,Nisha Dangi,7/8/2023,21:17:29,https://t.co/UftxO0JFdl,84,0,3,4585,3520
1.68E+18,RSP,MPnishadangi,Nisha Dangi,7/3/2023,23:19:31,"उपसभामुखको जन्मदिनमा 
@Indiraranamagar https://t.co/jkAOH0FzFT",115,3,10,7707,3520
1.68E+18,RSP,MPnishadangi,Nisha Dangi,7/3/2023,11:02:34,"गुरु ब्रह्मा गुरु विष्णु गुरु देवो महेश्वरः  गुरु साक्षात परब्रह्म  तस्मै श्री गुरुवे नमः
सम्पूर्ण गुरुहरु प्रति नमन https://t.co/gZjwRu4v0M",19,0,0,1052,3520
1.67E+18,RSP,MPnishadangi,Nisha Dangi,6/30/2023,23:14:47,धान दिवसको दिन https://t.co/1yZs8AReGR,475,9,53,23275,3520
1.67E+18,RSP,MPnishadangi,Nisha Dangi,6/29/2023,14:52:11,इस्लाम धर्मावलम्बीहरूको महान् पर्व इद-उल-अजहा (बकर इद)को  शुभकामना https://t.co/L0UI9K4TRf,13,0,0,981,3520
1.67E+18,RSP,MPnishadangi,Nisha Dangi,6/28/2023,13:07:48,"विनियोजन विधेयक २०८०/८१ माथिको छलफलमा कृषि तथा पशुपन्छी विकास मन्त्री ज्यूलाई मेरा प्रश्नहरु:
१)  लम्पी स्किन (Lumpy Skin Disease) रोगको खोपको वितरण कसरी गर्ने योजना बनाउनु भएको छ ?
२) तरकारीमा प्रयोग हुने  विषादीको परीक्षण कसरी गर्ने र विषादीमुक्त तरकारी कहिलेबाट खान पाउछौँ ? https://t.co/P7GYyIwxKF",36,5,1,1347,3520
1.67E+18,RSP,MPnishadangi,Nisha Dangi,6/28/2023,12:49:51,विनियोजन विधेयक २०८०/८१ माथिको छलफलमा कृषि तथा पशुपन्छी विकास मन्त्री ज्यूलाई मेरा प्रश्नहरु: https://t.co/pGuvrNG3jm,15,0,0,876,3520
1.67E+18,RSP,MPnishadangi,Nisha Dangi,6/26/2023,21:45:38,देशभरि लापरवाही तरिकाले सरकारी भवन बनाउने कम्पनीहरुलाई कालो सूचीमा राख्ने मात्र होइन खारेज गर्नका लागि सभामुख मार्फत सम्बन्धित निकायको ध्यानाकर्षण गराएकी छु । https://t.co/S1rl2CGIdC,46,1,1,2322,3520
1.66E+18,RSP,MPnishadangi,Nisha Dangi,5/22/2023,21:53:31,आजबाट बायाेमेट्रिक हाजिरी गरियाे । https://t.co/O15jObd2a0,74,1,4,3121,3520
1.66E+18,RSP,MPnishadangi,Nisha Dangi,5/22/2023,21:50:23,सरकारले उचित योजना बनाएर स्वदेशी दुध उत्पादनलाई प्राथमिकतामा राख्नुको सट्टा कृषकहरुलाई नै निरुत्साहित बनाएर भारतबाट दुध आयात गर्न खाेज्नु चिन्ताकाे बिषय हाे I यसरी राज्यले कृषकहरुलाई अन्यायमा राख्न मिल्दैन स्वदेशी उत्पादित दुधले बजार पाउनुपर्छ । https://t.co/8fiexm57Yx,335,36,15,19444,3520
1.66E+18,RSP,MPnishadangi,Nisha Dangi,5/9/2023,16:56:37,"लोकसेवा आयोग जस्तो जिम्मेवार निकायले डाटा सुरक्षित नराख्नु, डाटा ब्याकअप गर्न नसक्नु र अन्तिममा आएर पुन: फारम भर्न लगाउने जस्तो  लापरबाही गर्ने र डाटा रिकभर हुदैन भने जिम्मेवार निकायमा बसेकालाई कारबाही गर्न सभामुख मार्फत सम्बन्धि निकायकाे ध्यानाकर्षण गराएकी छु । https://t.co/vgefTVEEkc",968,105,25,45258,3520
1.65E+18,RSP,MPnishadangi,Nisha Dangi,5/5/2023,9:49:14,यहाँहरु सम्पुर्णलाई बुद्ध जयन्ती तथा उभौली पर्वको हार्दिक मंगलमय शुभकामना । https://t.co/UEb96aiCLA,22,0,0,1663,3520
1.65E+18,RSP,MPnishadangi,Nisha Dangi,5/2/2023,16:14:18,हामी सबैलाई बधाई छ । https://t.co/UtRgfxXJJ5,65,1,3,2284,3520
1.65E+18,RSP,MPnishadangi,Nisha Dangi,5/1/2023,12:40:09,"श्रमिक आन्दोलनको उत्सवको रुपमा मनाइने अन्तर्राष्ट्रिय श्रमिक दिवसलाई सभा, सम्मेलन, नारा, जुलुस, भाषण र खोत्रो आश्वासनमा मात्र सिमित नराखि श्रमजिवी श्रमिकहरुको सामाजिक सुरक्षा र हकअधिकार सुनिश्चित गर्न एकिकृत भएर पहल गरिनुपर्छ ।  
अन्तर्राष्ट्रिय श्रमिक दिवसको शुभकामना ।। https://t.co/3Af6WZ3pIY",432,19,15,14306,3520
1.65E+18,RSP,MPnishadangi,Nisha Dangi,4/30/2023,19:57:38,पहिलो अधिवेशनमा भए गरेका काम कारवाहिको संक्षिप्त जानकारी यो रिपोर्ट कार्डको माध्यमबाट सार्वजनिक गरेकी छु । सुधारका लागी निरन्तर सुझावको अपेक्षा गर्दछु । https://t.co/SJvvfZOsHr,1346,178,105,126039,3520
1.65E+18,RSP,MPnishadangi,Nisha Dangi,4/27/2023,16:57:48,२०८०/०१/५ गते संदनमा  उठाएको आवाजलाई सरकारले केही हदसम्म सुनेको छ। यसकाेलागि सरकारलाई धन्यवाद । https://t.co/dHnhLQL5qe,31,1,5,2046,3520
1.65E+18,RSP,MPnishadangi,Nisha Dangi,4/18/2023,23:45:26,स्वकिय सचिव पदका लागि सात दिनभित्र आवेदन दिनका लागि सूचना प्रकाशित गरिएकोमा उक्त समय अवधि भित्र ११६ जनाको आवेदन प्राप्त भएको थियो । प्रारम्भिक चरणमा छनौट भएका मध्ये १९ जनाले लिखित परीक्षा र अन्तरवार्तामा सहभागिता जनाउनुभएको थियो । https://t.co/0anKpMmQwt,226,21,34,20148,3520
1.64E+18,RSP,MPnishadangi,Nisha Dangi,4/2/2023,17:32:15,प्रतिनिधि सभामा आन्तरिक उत्पादन बढाउन आग्रह !! 🇳🇵 https://t.co/jSpamHBMpD,68,9,6,6263,3520
1.64E+18,RSP,MPnishadangi,Nisha Dangi,4/1/2023,21:30:13,हार्दिक शुभकामना!!! https://t.co/xGKLONdg65,142,7,10,9806,3520
1.64E+18,RSP,MPnishadangi,Nisha Dangi,3/31/2023,17:24:34,"तपसिल बमोजिम कर्मचारी आवश्यक भएकाले योग्यता पुगेका, कर्मशील तथा इच्छुक नेपाली युवाहरूले यो सूचना प्रकाशित भएको मितिले ७ दिनभित्र आफ्नो व्यक्तिगत विवरणसहित आवेदन दिन सूचित गरिन्छ । https://t.co/gK53Yqj1gB",54,5,10,5880,3520
1.64E+18,RSP,MPnishadangi,Nisha Dangi,3/27/2023,21:50:45,"प्रतिनिधि सभामा मेराे पहिलो सम्बोधन 🇳🇵
Click the link below:
https://t.co/BIxa2WjLvB",12,0,1,1416,3520
1.64E+18,RSP,MPnishadangi,Nisha Dangi,3/27/2023,21:18:23,मेची अस्पतालले दिदै आएको सेवा सुबिधामा थप सुधार ल्याउन स्वास्थ्य मन्त्रालयका सचिव डा. रोशन पोखरेलसँगको भेटमा अर्थपूर्ण कुराकानी गरेकी छु। त्यस्तै अस्पतालको नयाँ भवन अनुगमन गरि छिट्टै नयाँ भवनबाट सेवा सुरु गर्नकालागि शहरी विकास मन्त्रालयका सचिव सुरेश आचार्यसँग छलफल गरेकी छु । https://t.co/pH0liuCfLQ,11,0,0,978,3520
1.64E+18,RSP,MPnishadangi,Nisha Dangi,3/27/2023,21:13:32,झापाली र समग्र हात्ती आतंकबाट ग्रसित  जनताहरुले दु:ख भोग्दै आएको विषयमा वन मन्त्रालयका सचिव डा. रेवती रमण पौडेलसँग छलफल गरी उपयुक्त योजना र समाधानका लागि पत्राचार गरिनुका साथै पिडित जनताहरुले राहत पाउनका लागि भाेगिरहेका समस्याहरुकाे अन्त्यका लागि छलफल समेत गरिएकाे छ । https://t.co/oN4zfkgTrk,10,0,0,786,3520
1.63E+18,RSP,MPnishadangi,Nisha Dangi,2/27/2023,23:14:33,आज मेची प्रादेशिक अस्पतालमा गरिएको छलफल तथा अनुगमन https://t.co/tSDiniKaRY,8,0,0,673,3520
1.63E+18,RSP,MPnishadangi,Nisha Dangi,2/20/2023,21:51:11,"Grateful to have participated in an insightful discussion with esteemed colleagues from the German-South Asian Parliamentary Group!
#globalcooperation #diplomacy #interculturaldialogue https://t.co/usdo0iCXeK",6,0,0,647,3520
1.63E+18,RSP,MPnishadangi,Nisha Dangi,2/19/2023,13:45:19,https://t.co/BIOJxDOCdy,12,0,5,2719,3520
1.63E+18,RSP,MPnishadangi,Nisha Dangi,2/16/2023,19:44:01,"रास्काेट अस्पताल, कालिकोट https://t.co/SiT0IVEfch",9,0,1,650,3520
1.62E+18,RSP,MPnishadangi,Nisha Dangi,1/30/2023,9:12:49,सहिदहरूको बलिदानलाई सम्मान र सम्झना। देशमा स्वतन्त्रता र न्यायका लागि वहाँहरुको वीरता र दृढ संकल्प सधैं यसरि आउने पुस्ताको लागि प्रेरणा बनिरहोस। 🙏 https://t.co/oDLESf6CcB,10,0,0,981,3520
1.62E+18,RSP,MPnishadangi,Nisha Dangi,1/26/2023,9:20:30,आज श्रीपञ्चमी-सरस्वती पुजा सरस्वती माताको कृपाले देश तथा विदेशमा रहनु भएका सम्पुर्ण नेपालीहरुले चाहेको शैक्षिक सफलता ज्ञान बुद्धि र विवेक प्राप्त होस् हार्दिक मंगलमय शुभकामना । https://t.co/zbLPWSL24T,8,0,0,449,3520
1.62E+18,RSP,MPnishadangi,Nisha Dangi,1/22/2023,9:48:32,साँस्कृतिक पर्व सोनाम ल्होछारको देश तथा विदेशमा रहनुभएका सम्पूर्णमा हार्दिक शुभकामना 🙏 https://t.co/da7soDWrfh,9,0,0,433,3520
1.62E+18,RSP,MPnishadangi,Nisha Dangi,1/21/2023,19:56:36,एक सक्षम उपसभामुखको रुपमा  मा. इन्दिरा आमालाई पाउनु देशकै लागि गौरवपूर्ण विषय हो। उहाँलाई सफल कार्यकालको लागि हार्दिक बधाई तथा शुभकामना | https://t.co/flqRBA43y6,8,0,0,421,3520
1.61E+18,RSP,MPnishadangi,Nisha Dangi,1/15/2023,9:28:35,"मकर संक्रान्तिले हामी भित्रको उज्यालोलाई सुदृढ़ बनाई भ्रमको अन्धकारबाट टाढा बस्न सङ्केत गर्दछ।
यस पर्वले सबैको जीवनमा उर्जा र उत्साहका साथ खुशी, समृद्धि र प्रबुद्धता प्राप्त गर्न मद्दत गरोस्। देश तथा विदेशमा रहनुभएकाे सम्पूर्ण नेपालीहरुमा मकर संक्रान्तिकाे हार्दिक शुभकामना ! 🙏",5,0,0,316,3520
1.61E+18,RSP,MPnishadangi,Nisha Dangi,1/10/2023,22:54:56,https://t.co/YnmxryV1ar,9,0,1,2066,3520
1.78E+18,RSP,shisir,Shisir Khanal,4/18/2024,20:10:57,आज साँझ :   ईलाम चुलाचूली बाट अस्ताउदो सूर्य । https://t.co/heduGtIJM7,198,13,20,10765,11428
1.78E+18,RSP,shisir,Shisir Khanal,4/13/2024,8:12:57,"नयाँ बर्ष २०८१ सालको उपलक्षमा हजुर र हजुरको आत्मियजनमा सुख, शान्ति एवं उत्तरोत्तर प्रगतिको हार्दिक मंगलमय शुभकामना ! https://t.co/4PALV6cMWc",90,4,8,2898,11428
1.78E+18,RSP,shisir,Shisir Khanal,4/6/2024,11:04:58,"प्रतिनिधि सभाकाे बैठकमा प्रस्तुत  गर्न लागिएकाे  अत्यन्त महत्वपुर्ण तथा चासोकाे बिषयमा रहेकाे बैङ्क तथा वित्तीय संस्था सम्बन्धी ऐन, २०७३, अध्ययन गरी  यहाँहरुलाई  लागेका  सुझाव तथा संशोधनहरू तल फर्म मार्फत भरेर  हामीलाइ पठाउनु  होला हामी तपाईंहरुले पठाउनुभएका  सुझाव तथा… https://t.co/ENXCVWdiSm",102,11,6,6199,11428
1.78E+18,RSP,shisir,Shisir Khanal,4/3/2024,17:56:47,"संघीय निजामती सेवा विधेयक २०८० को सैद्धान्तिक छलफल। सार्वजनिक प्रशासन अनुमान गर्न सकिने, पारदर्शी, जवाफदेही र राजनीति प्रभाव बाट बाहिर हुनुपर्छ। https://t.co/RWWehnSzbn",88,13,5,4094,11428
1.77E+18,RSP,shisir,Shisir Khanal,4/1/2024,14:08:32,विद्युतीय व्यापार विधेयक २०८० को  मस्यौदा पढ्दै गर्दा  प्रविधि र यसको प्रयोग को बुझाई कम रहेको देखियो।  व्यवसायीहरूलाई कानुनको दायरामा ल्याउने अवधारणाबाट निर्देशित भएको देखिन्छ।  यस विधेयकमा रहेका प्रावधान हुबहु लागू गर्ने हो भने स्टार्टअप नयाँ उद्यमीहरुलाई निरुत्साहित गर्नेछ। https://t.co/AaXWgjWLVj,78,9,0,3910,11428
1.77E+18,RSP,shisir,Shisir Khanal,3/31/2024,15:38:45,ऊर्जा राष्ट्रिय स्वार्थसँग र राष्ट्रिय सुरक्षा  जोडिएको विषय हो। अन्तर्राष्ट्रिय सौर्य गठबन्धन को स्थापनासँग सम्बन्धित सम्झौतामाथि छलफलको‌ क्रम मेरो विचार । https://t.co/QFZy2ymxJR,35,7,3,3034,11428
1.77E+18,RSP,shisir,Shisir Khanal,3/31/2024,12:36:07,देशका सबै निर्वाचन क्षेत्रमा - निर्वाचन क्षेत्र रणनैतिक सडक बन्दा पनि काठमाण्डौ ६ मा तीन वर्ष मा शुरू हुन सकेको छैन । प्राविधिक त्रुटिमा काभ्रेस्थलीका जनताको के दोष ? https://t.co/TPqvhvE6pV,69,3,4,6861,11428
1.77E+18,RSP,shisir,Shisir Khanal,3/30/2024,9:25:13,"सङ्‌घीय निजामती सेवाको गठन, सञ्चालन र सेवाका सर्त सम्बन्धमा व्यवस्था गर्न बनेको विधेयक, २०८० माथी छलफल गर्दैछौ । सुझाव र संशोधन सहित जोडीनुहोला । https://t.co/K01zbZkHPI",57,7,3,2993,11428
1.77E+18,RSP,shisir,Shisir Khanal,3/28/2024,11:10:23,"सङ्‌घीय निजामती सेवाको गठन, सञ्चालन र सेवाका सर्त सम्बन्धमा व्यवस्था गर्न बनेको विधेयकमा सुझाव :
https://t.co/dZpqS1sMAb  
  
सङ्‌घीय निजामती सेवाको गठन, सञ्चालन र सेवाका सर्त सम्बन्धमा व्यवस्था गर्न बनेको विधेयक, २०८० डाउनलाेड गर्नकाे लागी तल दिइएकाे  लिङ्कमा जानुहोस् ।… https://t.co/kT8NTzlzUk",105,24,10,8606,11428
1.77E+18,RSP,shisir,Shisir Khanal,3/27/2024,21:13:02,"""तत्वबोध""काे याे “पडकास्ट” श्रृङ्खलामा लामो समय नेपालको सक्रिय राजनीतिमा संलग्न भई विभिन्न पद तथा जिम्मेवारीमा रहेर भुमिका निर्वाह गर्नुभएका  पूर्व प्रधानमन्त्री डा. बाबुराम भट्टराई सँग संवाद गरेको छु। दुई फरक पुस्ता बीचको यस संवादमा नेपालमा चाहिएको नेतृत्व, राजनीति, बैकल्पिक…",74,17,5,9887,11428
1.77E+18,RSP,shisir,Shisir Khanal,3/20/2024,13:18:39,"विनियोजन विधेयकको सिद्धान्त र प्राथमिकको मा छलफलमा भाग लिँदै - मैले राखेको प्राथमिकता को क्षेत्र:
 (1) पुँजी निर्माण प्राथमिकता (२) Competitive Advantage भएका “low hanging fruits” को जोड (३) पर्यटनमा - Connectivity मा ध्यान (३) Start Up Programs  (४) Project Bank (५) बलियो आर्थिक… https://t.co/YT0GpBbtC9",40,3,2,2562,11428
1.77E+18,RSP,shisir,Shisir Khanal,3/19/2024,18:45:07,"सन् २०१३ अप्रिलदेखि दुई वर्षसम्म म संगीताको विज्ञान शिक्षक थिएँ।
त्यति बेला उनी कक्षा ८ र ९ मा थिइन्। म टिच फर नेपालमार्फत पहिलो समूहको फेलोको रूपमा उनको स्कुल पुगेको थिएँ।

यो लेखमा म संगीताको कथा यसकारण प्रस्तुत गर्दै छु ताकि — संगीता जिम्बा अपवाद होइन, नियम बनुन्। हाम्रा…",103,12,0,10881,11428
1.77E+18,RSP,shisir,Shisir Khanal,3/18/2024,16:13:59,"गत एक दशकमा सडक दुर्घटनामा मर्नेहरूको सङ्ख्या ६१% प्रतिशतले बढेको छ। यही अवस्था रहे, २०३० सम्म आइपुग्दा म मृत्यु आधा हुने हैन दुई गुणाले बढी,  हरेक वर्ष ५,००० जति नेपाली ले सडक मा ज्यान गुमाउने छन्। 

यो मृत्यु को दोष, “लापरबाही गर्ने ड्राइभर” मात्रै हैन, समस्या छ भन्ने थाहा पाई… https://t.co/1Rtp7id9X5",106,10,4,6333,11428
1.77E+18,RSP,shisir,Shisir Khanal,3/14/2024,12:52:12,"सम्माननीय सभामुख महोदय,

चक्रपथकाे सर्भिस ट्रयाक निर्माणमा भएकाे ढिलासुस्ती ले सार्है गार्हो पार्यो।

गत वर्ष देखि नै मैले संसदमा सामाखुशी, गोंगबु क्षेत्रका व्यवसायी, स्थानीय बासिन्दा र देशैभरीबाट काठमाडौमा पाहिलो पाईला टेक्ने १०औ हजार नागरिकले भोगिरहेको -  हिउँदमा धुलो र वर्षाको… https://t.co/XVdv98cgVF",133,19,8,8379,11428
1.76E+18,RSP,shisir,Shisir Khanal,2/25/2024,12:50:43,"मेलम्चीको पानी ५ औ पटक उद्घाटन भएको पनि एक महिना १३ दिन भयो। तर सामाखुसी होस कि गोङ्गबु, मनमैजु, नेपालटार, फुटुंंङ, धर्मस्थली का वस्ति बस्तीमा किनेको ट्याङ्कर बाहेकको पानी आउँदैन। https://t.co/e1OHf7Jm8S",83,6,5,6309,11428
1.76E+18,RSP,shisir,Shisir Khanal,2/23/2024,16:17:30,नेपालका लागि यूरोपियन युनियनका राजदूत भेरोनिक लोरेन्जोले रास्वपाका सभापति रवि लामिछानेसँग पार्टी केन्द्रीय कार्यालय वनस्थलीमा भेटवार्ता गर्नुभयो। उहाँहरुले नेपाल र ईयूको पचास वर्षे सहकार्यको समीक्षासहित आउँदा दिनमा अझै बलियो सम्बन्ध स्थापित गर्नुपर्नेमा जोड दिनुभयो। सभापति… https://t.co/jAnM4znuby,38,3,1,3887,11428
1.76E+18,RSP,shisir,Shisir Khanal,2/15/2024,10:32:20,"RT @SGnepal: #सरकार ले #स्टार्टअप #उद्यम र #उद्योग प्रवर्द्धनको लागि सहुलियतपूर्ण ब्याजदरमा #कर्जा लगानी अधिकतम रु २५ लाखसम्म प्रवाह गर्न ""…",0,2,0,0,11428
1.76E+18,RSP,shisir,Shisir Khanal,2/10/2024,8:10:14,सोनाम ल्योसारको सबैमा धेरै धेरै शुभकामना।,15,1,0,1346,11428
1.76E+18,RSP,shisir,Shisir Khanal,2/9/2024,9:52:01,"नेपालको उच्च शिक्षा अत्यन्त विषम परिस्थिति तर्फ लाग्दै गर्दा , विद्यार्थी सङ्ख्याको हिसाबले दुई-तिहाइ भन्दा बढी ओगटेको, जेठो त्रिभुवन मार्फत विश्वविद्यालयको सुधार को नेतृत्व गर्ने बाटोमा सरकार अगाडि बढ्ला भन्ने अलि अलि आशामा पनि ""सर्ट लिस्ट"" को लिस्टले निराशा बढ्यो । बोली एउटा…",110,28,3,10408,11428
1.74E+18,RSP,shisir,Shisir Khanal,12/23/2023,10:24:36,"हामी तयार ! 

@gparajuli https://t.co/uCPEd4tcEM",43,3,0,2261,11428
1.73E+18,RSP,shisir,Shisir Khanal,12/13/2023,11:05:35,पूर्वशिक्षामन्त्री तथा रास्वपा सांसद शिशिर खनालले संविधानको परिकल्पना र सर्वोच्च अदालतको व्याख्याअनुसार नै अवधि तोकेर निजीलाई शैक्षिक गुठीमा लैजाने प्रस्ताव गरिएको प्रस्ट्याए । ‘संविधानले शिक्षामा पेसा व्यवसाय गर्न नपाउने भनेको छैन । सम्पत्तिको अधिकार पनि छ । त्यति हुँदाहुँदै…,64,12,6,11630,11428
1.73E+18,RSP,shisir,Shisir Khanal,12/5/2023,19:11:20,RT @manishjhanepal: हालै Ncell ले गरेको शेयर विक्री र स्वामित्वमा हेरफेर सम्बन्धी प्रक्रियामा केही प्रश्न उठेकोले (प्रतिनिधि सभा) सार्वजनिक…,0,51,0,0,11428
1.73E+18,RSP,shisir,Shisir Khanal,11/18/2023,7:18:46,"सांसदको रुपमा - मेरो दोस्रो ""रिपोर्ट कार्ड""
२०८० बैशाख २४ देखि कार्तिक १६ सम्मको प्रतिनिधि सभा सञ्चालन अवधिमा गरेका गतिविधिका ""हाइलाइटस्"" ।
--- https://t.co/ruLG66oHrf",98,12,3,8084,11428
1.72E+18,RSP,shisir,Shisir Khanal,11/13/2023,14:26:23,"टिकटक बन्द गर्ने निर्णय ठिक हैन।  

सामाजिक सञ्जाल (लगायत अन्य माध्यम) को गलत प्रयोगलाई नियमन गर्नु पर्छ। तर एउटा मात्र प्लाटफर्म ले गर्दा सामाजिक सद्भाव बिग्रियो, राष्ट्रियता कमजोर भयो भन्नु प्रविधिको विकासलाई नबुझ्नु हो । टिकटक त धेरै मध्ये एउटा माध्यम हो।  सरकार अधिनायकवादी…",139,31,19,18730,11428
1.72E+18,RSP,shisir,Shisir Khanal,11/10/2023,22:17:22,"माननीय उपप्रधान एवं गृहमन्त्री नारायणकाजी श्रेष्ठज्यू, (@narayan11kaji ) 

खुला आकाशमुनि काेही भए, म्याट र ब्ल्याङकेट बिना काेही रहे र कसैले खान नपाए सीडीओलाई कारबाही गर्ने चेतावनी दिनु भएछ। तर, भूकम्पकाे सात दिन बित्दा पनि उहाँहरु आजपनि बिना म्याट खुला आकाशमुनि सुत्दै हुनुहुन्छ।… https://t.co/9MVoGpeUmw",89,20,1,9693,11428
1.72E+18,RSP,shisir,Shisir Khanal,11/10/2023,22:17:15,"RT @dolprasadaryal: गृहमन्त्रीज्यू, खुला आकाशमुनि काेही भए, म्याट र ब्ल्याङकेट बिना काेही रहे र कसैले खान नपाए सीडीओलाई कारबाही गर्ने चेताव…",0,6,0,0,11428
1.72E+18,RSP,shisir,Shisir Khanal,11/10/2023,22:14:12,"RT @manishjhanepal: माननीय !
उपप्रधान एवं गृहमन्त्री नारायणकाजी श्रेष्ठज्यू,
खुला आकाशमुनि काेही भए, म्याट र ब्ल्याङकेट बिना काेही रहे र क…",0,43,0,0,11428
1.72E+18,RSP,shisir,Shisir Khanal,10/22/2023,8:56:58,"त्रिभुवन अन्तर्राष्ट्रिय विमानस्थल पूर्ण क्षमतामा सञ्चालनमा आएको समाचारहरु छन। 
उड्डयनसँग सम्बन्धित विज्ञ हरु हुनु हुन्छ भने -  मेरो उत्सुकता 
(१) Single Runway विमानस्थालमा यो भन्दा झण्डै दुईगुणा Takeoff/landing हुने रहेछ। नेपालको भौगोलिक अवस्थाले कम हुने हो?
कि, 
(२) यात्रु…",34,3,2,6363,11428
1.71E+18,RSP,shisir,Shisir Khanal,10/8/2023,18:39:49,विद्युत विधेयक २०८० को सैदान्तिक छलफल मा सहभागि हुँदै मेरो दलिल विधेयकले लिएको प्रतिस्पर्धाको‌ उद्धेश्यमा विधेयक चुकेको छ। https://t.co/gbeTLNI2ir,29,3,0,2068,11428
1.71E+18,RSP,shisir,Shisir Khanal,10/6/2023,17:15:39,"आज संसदमा बिद्यालय बिधयेकको सैद्धांतिक छलफल को क्रम मा राखेको मैरो धारणा: 
—-
यस विधयेकले सार्वजनिक शिक्षा रुपान्तरण गर्ला भनेर आशा गरेका हामी जस्तालाई अत्यन्त निराश बनाएको छ। 

संसोधन मात्र हैन यो विधेयक पून: लेखन गर्नु पर्छ । मेरो शिक्षा मन्त्री ज्यूलाई आग्रह यो विधेयकलाई… https://t.co/HIIoh9SlVf",51,11,1,5524,11428
1.71E+18,RSP,shisir,Shisir Khanal,10/5/2023,20:20:53,कम लगानी र  अति  राजनीती ले कमजोर बनाउदै उच्च शिक्षा । https://t.co/Ra7XZsE1ax,88,14,1,9619,11428
1.71E+18,RSP,shisir,Shisir Khanal,9/22/2023,17:42:54,"“केही ठाउँमा अधिकार दिएको जस्तो देखिए पनि स्थानीय तहलाई धेरै ठाउँमा अंकुश लगाइएको छ । स्पष्ट रूपमा स्थानीय सरकार अक्षम छन्, यिनीहरूले बिगार्छन् भन्ने मनस्थितिबाट विधेयक लेखिएको छ ।”

https://t.co/qoHTM5zFIZ",41,8,3,3399,11428
1.70E+18,RSP,shisir,Shisir Khanal,9/14/2023,7:36:45,"संघिय विद्यालय शिक्षा विधेयक, २०८० संसदमा दर्ता भएको छ। यसमा परिमार्जन होस भन्ने चाहाना राख्नुहुन्छ भने, अध्ययन गरेर संशोधन र संशोधनका कारण पठाईदिनु हुन अनुरोध गरें। 

मेरो ईमेल: mp.shisirkhanal@parliament.gov.np

विधेयक डाउनलोड:  https://t.co/TB04a3tAjV

--",95,22,13,13363,11428
1.70E+18,RSP,shisir,Shisir Khanal,9/12/2023,8:11:09,भावपूर्ण श्रद्धाञ्जली ।। https://t.co/46ZZwY6S1V,36,1,4,2426,11428
1.70E+18,RSP,shisir,Shisir Khanal,9/11/2023,18:14:40,"""पूर्वशिक्षामन्त्री शिशिर खनाल भीआईपी संस्कृति लामो समयदेखि रहँदै आएको तानाशाही अवशेष भएको बताउँछन् । उनी भन्छन्, ‘यस्तो प्रवृत्तिले शासकप्रति वितृष्णा जगाउँछ, नागरिक र शासकप्रति दूरी बढाउँछ । समग्रमा लोकतान्त्रिक प्रणालीलाई नै कमजोर बनाउँछ ।’

https://t.co/3aE9pEcmz9",88,13,5,5329,11428
1.70E+18,RSP,shisir,Shisir Khanal,9/11/2023,12:25:40,"२% पनि हिन्दु नभएका देशको प्रधानमन्त्रीका रुपमा ऋषि सुनक ले हिन्दु धार्मिक विश्वास निर्धक्क सँग व्यक्त गर्ने सक्ने समाज बेलायतमा कसरी बेनेको रहेछ, त्यता पनि चिन्तन गर्ने हो कि?",682,76,89,66995,11428
1.70E+18,RSP,shisir,Shisir Khanal,9/10/2023,18:35:55,केहि दिन अघि प्रतिनिधि सभाको अन्तराष्ट्रिय सम्बन्ध समितिमा चीनले प्रकासित गरेको नक्सा र नेपालका लागि चीनका राजदुतले सार्वजनिक स्थानमा गर्नु भएका केहि अभिव्यक्तिहरु माथी छलफल भएको थियो् ऊक्त छलफलमा मैले राखेको विचार । https://t.co/7rq8En4C8Z,93,13,2,4951,11428
1.70E+18,RSP,shisir,Shisir Khanal,8/29/2023,8:03:57,"समसामयिक राजनीतिक विषयमा Yoho Television HD (योहो टेलिभिजन एच.डी) को ""योहो बहसमा ""  जीवराम भण्डारीसंगको कुराकानी . 
https://t.co/wSnJ3jwFlN",26,1,3,1762,11428
1.78E+18,RSP,sobita465,सोबिता गौतम,4/2/2024,21:41:49,"आज प्रतिनिधि सभामा प्रस्तुत विमिस्टेक वडा पत्र (BIMSTEC Charter) को अनुमोदन प्रस्तावमा मेरो टिप्पणी ।

१) एसियाली देशहरू आज विश्व अर्थतन्त्रकै प्रमुख शक्तिमा रूपान्तरण हुदै गर्दा परिवर्तनकारी समयलाई हामीले चिन्न र यसमा संलग्न भई आफ्नो क्षमता विकाश गर्न ढिला गर्नु हुदैन ।

२)सार्क… https://t.co/Oa6Cw0J9Sy",247,26,96,10524,63664
1.77E+18,RSP,sobita465,सोबिता गौतम,3/30/2024,22:54:18,"कानुन, न्याय तथा मानवअधिकार समितीबाट बाँके, बर्दीया र सु्र्खेतमा रहेका कारागार तथा बाल सुधार गृहरूमा न्यायप्रणालीका व्यबहारीक पक्ष, कैदी/बन्दीको अवस्था लगायतका विषयमा स्थलगत अनुगमन गरेका छौँ। समितीबाट प्रतिबेदन तयार गरी आवश्यक निती छिटो भन्दा छिटो अवलम्बन गर्न थप प्रयत्नशिल रहने… https://t.co/b2wJOPyNcm",242,16,6,5788,63664
1.77E+18,RSP,sobita465,सोबिता गौतम,3/24/2024,6:42:59,रंगहरूको पर्वसँगै तपाईको जीवनको हरेक अध्याय रंगिन र उज्यालो रहोस् ।शुभकामना । https://t.co/dePLxUnuPA,553,15,41,13117,63664
1.77E+18,RSP,sobita465,सोबिता गौतम,3/22/2024,20:38:50,युवाका लागि बहुआयामिक र दूरगामी फाइदा रहेका पार्ट-टाइम (अंशकालीन) काम नीति बनाउन र त्यसको कार्यान्वयन गर्न ढिला गर्न हुँदैन । यो अध्ययन र रोजगारीका लागि विदेशिने विशाल जमातलाई स्वदेशमै रोक्ने कामको पहिलो खुड्किलो बन्नेछ । https://t.co/0N7CHozLli https://t.co/1vIYPd4OAz,328,29,24,11034,63664
1.77E+18,RSP,sobita465,सोबिता गौतम,3/21/2024,11:56:54,"नेपालको बाल सुधार गृह र कारागार व्यवस्थापनबारे तपाइको कुनै सुझावहरू छन् भने तलको लिंकमा गइ सुझाव दिनुहुन अनुरोध छ । 

https://t.co/LrLKSfI564",118,21,7,5814,63664
1.77E+18,RSP,sobita465,सोबिता गौतम,3/19/2024,19:07:58,"भन्सार सम्बन्धी विधेयक २०८० मा मेरो टिप्पणी : 
1.Revised Kyoto Convention र WTO General Agreement on Tariff and Trade अनुसार विधेयक लिएर आएको र विधेयक स्वागतयोग्य छ ! 
2. प्रविधिको उच्चतम प्रयोग गरि भन्सार प्रक्रिया सहज र पारदर्शी हुनुपर्यो! भन्सार प्रशासन पारदर्शी भयो भने स्वत… https://t.co/TtZhovLqho",282,33,5,9403,63664
1.77E+18,RSP,sobita465,सोबिता गौतम,3/18/2024,19:32:45,"विनियोजन विधेयक, २०८० का सिद्धान्त र प्राथमिकता माथिको छलफलमा मेरो सुझाव
विनियोजन विधेयकमा प्राथमिकतामा राखिनुपर्ने विषय :
१. रोजगारी
निजी क्षेत्र र विदेशी लगानीको प्रवर्धनसँगै, Gig Economy Formalise गर्ने ।
२. दिगो विकास लक्षित विकास नीति
एकीकृत वस्तीको अवधारणा लागु गर्ने ।
३.… https://t.co/ZSopyW5f1G",301,29,16,12711,63664
1.77E+18,RSP,sobita465,सोबिता गौतम,3/14/2024,17:27:08,राष्ट्रिय निर्माण सामग्री व्यवस्थापन कम्पनी स्थापना गरौं  https://t.co/dN2n52Hpdn,172,16,15,11583,63664
1.77E+18,RSP,sobita465,सोबिता गौतम,3/14/2024,17:26:12,सरकारले किसानको घाउमा मलम लगाओस्   https://t.co/KCGtncSf7h,49,4,2,2266,63664
1.76E+18,RSP,sobita465,सोबिता गौतम,3/4/2024,17:45:58,राष्ट्रिय स्वतन्त्र पार्टीको उर्जा नीति मन्थनका केही झलकहरू । https://t.co/K01x0s4Del,271,18,13,12123,63664
1.76E+18,RSP,sobita465,सोबिता गौतम,3/1/2024,14:41:17,"सशस्त्र द्वन्द्वको बेला मानिसहरू गाउँ–गाउँबाट सुरक्षा खोज्न, ज्यान जोगाउन काठमाडौंमा स्थानान्तरित भए। काठमाडौंमा अनपेक्षित रूपमा जनसंख्या बढ्यो। रोजीरोटीका आवसरहरू खोजिन थालिए। त्यही बेलादेखि फुटपाथमा सामान राखेर व्यापार गर्ने क्रम बढ्न सुरू भएको देखिन्छ। अहिले पनि नेपालभरबाट…",413,36,100,67605,63664
1.76E+18,RSP,sobita465,सोबिता गौतम,2/26/2024,18:07:26,"हजार सपनाहरूको माया लागेर आउँछ …..

वरिष्ठ गायक तथा संगीतकार, भजन शिरोमणी भक्तराज आचार्य प्रती भावपुर्ण श्रद्धान्जली । https://t.co/Y0eIZGFXzG",176,17,4,5782,63664
1.76E+18,RSP,sobita465,सोबिता गौतम,2/25/2024,12:14:59,काठमाडौँ क्षेत्र नं २ अन्तर्गत पर्ने शंखरापुर नगरपालिका वडा नं. १ नाग्लेभारेमा रहेको साखु–फट्केश्वर सडक भासिएको ६ महिना भन्दा बढी समय भयो । आज शून्य समयमा सम्माननीय सभामुख मार्फत सरकारलाई खबरदारी गरेको छु । https://t.co/874fLInAWi,313,25,7,11043,63664
1.76E+18,RSP,sobita465,सोबिता गौतम,2/17/2024,10:13:27,"आत्तु (नमस्ते) 
फागुन ५ गते (आज) देखि ७ गतेसम्म कर्णाली प्रदेशको राजधानी सुर्खेतको वीरेन्द्रनगर स्थित बुलबुले उद्यानमा हुन गइरहेको कर्णाली उत्सव ..कुडा कर्नालीकाको पाँचौं संस्करण सभ्य र भव्य रुपमा सफल बनोस् ! उत्सवका साथीका रुपमा कर्णाली उत्सवलाई सफलताको शुभकामना !

कर्नालीका… https://t.co/JoH1cMSHwe",256,24,5,8818,63664
1.75E+18,RSP,sobita465,सोबिता गौतम,2/6/2024,21:43:40,"आज साँझ काठमाडौं क्षेत्र नं २ अन्तर्गत भेटघाटका क्रममा नेपालको प्रजातान्त्रिक इतिहासका अग्रणी व्यक्तित्व, पूर्वसभामुख दमननाथ ढुंगानासँग संसदीय अभ्यास तथा समसामयिक राजनैतिक विषयमा छलफल ।
@daman_nath https://t.co/YMxbPYbSfN",327,13,5,9912,63664
1.75E+18,RSP,sobita465,सोबिता गौतम,2/6/2024,11:32:11,"मैले पटक-पटक संसदको रोस्टममा उभिएर आउँदो अधिवेशनमा प्रस्तुत हुने विधेयकको सूची उपलब्ध गराउन सरकारसँग माग गरेकी छु । माननीय @SumanaShrestha  ले संसदीय तालिका माग गर्नुभएको छ । माग गरिएका कार्यसूची र तालिका दुबै आएका छन् । 

सम्पूर्ण अधिवेशनकै कार्यसूची माग गरेकोमा मासिक सम्भावित… https://t.co/zswosW6hjr",291,31,11,31542,63664
1.75E+18,RSP,sobita465,सोबिता गौतम,2/5/2024,10:12:05,"न्यायलयको आन्तरिक तथा न्यायीक विषयमा संघीय  सांसदको हैसियतले मैले बोल्न मिल्दै भन्ने कुरामा म सचेत छु ! तर, प्रशासनिक निर्णयले वा अधिनस्थ विधायनले न्यायलयको स्वतन्त्रता, न्यायाधीशको व्यक्तिगत स्वतन्त्रता  (individual independency) र गरिमा खोस्ने विषय संविधान अनुकुल हुन सक्दैन।…",162,15,9,13305,63664
1.75E+18,RSP,sobita465,सोबिता गौतम,1/13/2024,19:26:34,उच्च अदालतका न्यायाधीशको वरियतालाई संविधानको धारा १४१ को ३ को प्रतिकुल हुने गरेर संशोधन गरिएको छ। ऐनले दिएको अधिकार दुरूपयोग गरेर नियमावली संशोधन भएको छ,113,13,3,10157,63664
1.74E+18,RSP,sobita465,सोबिता गौतम,12/23/2023,18:23:13,‘सोबितासँग संवाद’ को चौथो संवाद काठमाडौँ क्षेत्र नं. २ अन्तर्गत पर्ने काठमाडौँ महानगरपालिका वडा नं. ३२ पेप्सिकोलाको सूर्यमुखी गार्डेनमा । https://t.co/MsN9BS7mol,251,12,6,8964,63664
1.74E+18,RSP,sobita465,सोबिता गौतम,12/19/2023,19:54:59,राम्रो कामलाई राम्रो भन्छु । प्राधिकरणको मुख्य जिम्मेवारी नियमनकारी हुनु नै हो । हवाई सेवासँग सम्बन्धित सबै क्षेत्र कसिलो गरी नियमन हुनुपर्छ ।,142,12,11,13009,63664
1.74E+18,RSP,sobita465,सोबिता गौतम,12/14/2023,9:52:20,"नेपाल एयरलाइन्सको ग्राउन्ड ह्यान्डिलिङ, नेपालको हवाई क्षेत्र यूरोपिएन यूनिएनको कालो सुचिमा यथावत रहको बारे र नेपाल एरलाइन्सको नयाँ जहाज खरिद बारे राष्ट्रिय स्वतन्त्र पार्टीको स्पष्ट धारणा सहित सम्माननिय प्रधानमन्त्री समक्ष ध्यानाकर्षण पत्र बुझाएका छौँ । https://t.co/hlpGdbvkRk",287,31,10,15655,63664
1.73E+18,RSP,sobita465,सोबिता गौतम,12/13/2023,18:57:47,"संविधान जारी भएको ८ वर्ष भइ सक्दा पनि यौनिक तथा लैङ्गिक अल्पसंख्यकको विवाह, सम्बन्ध विच्छेद, सम्पत्ति तथा बच्चासम्बन्धी अधिकारलगायत ऐन तथा कानूनको निर्माण हुन सकेको छैन । तत् कानून निर्माणको लागि छलफलको माग गर्दै कानुन, न्याय तथा मानव अधिकार समितिका सभापतिज्यू समक्ष पत्र प्रेषित… https://t.co/tb31s43NJC",199,28,14,12988,63664
1.73E+18,RSP,sobita465,सोबिता गौतम,11/29/2023,22:17:24,सबै साथीहरूलाई बधाई। 🔔 https://t.co/AzNkITjYtu,698,29,95,47415,63664
1.73E+18,RSP,sobita465,सोबिता गौतम,11/25/2023,21:24:32,रौतहटको सन्तपुरमा आज (शनिबार) आयोजित रास्ट्रिय स्वतन्त्र पार्टीको जनसभा । https://t.co/h7hBVSuDJh,495,20,14,20312,63664
1.73E+18,RSP,sobita465,सोबिता गौतम,11/25/2023,21:16:42,‘सोबितासँग संवाद’ को पहिलो संवाद काठमाडौँ क्षेत्र नं. २ अन्तर्गत पर्ने काठमाडौँ महानगरपालिका वडा नं. ३२ पेप्सिकोलाको कपुर गार्डेनमा । https://t.co/iZlxyyU4Nv,215,15,3,6843,63664
1.73E+18,RSP,sobita465,सोबिता गौतम,11/24/2023,16:48:18,संसदको दोस्रो अधिवेशन अन्त्य भएपश्चात नागरिकहरूको समस्या सुन्ने र सुझाव सङ्कलन गर्ने क्रममा 'घरदैलो अभियान' मार्फत निर्वाचन क्षेत्रको सम्पूर्ण भूगोलहरू अवलोकन गर्दा खानेपानीको समस्या प्रमुख रूपमा पाए । तसर्थ काठमाडौँ  क्षेत्र नं. २ को प्रमुख समस्याको रूपमा रहेको खानेपानीको समस्या… https://t.co/AXHE4TxH1s,342,17,24,33392,63664
1.73E+18,RSP,sobita465,सोबिता गौतम,11/18/2023,20:16:48,"दोस्रो संसद अधिवेशन अन्त्य भएपछिको 'घरदैलो अभियान'को पहिलो दिन (आज शनिवार) शंखरापुर नगरपालिकाको बज्रयोगीनी हुँदै घुमारचोक, लप्से, काउले, चौकि भन्ज्याङ, चापाबोट, छाप भन्ज्याङ सम्म । https://t.co/fOPpZSNF0r",403,12,18,19104,63664
1.72E+18,RSP,sobita465,सोबिता गौतम,11/10/2023,21:55:28,"नयाँ स्टक एक्सचेन्ज बारे पुर्व अर्थ मन्त्री डा. युवराज खतिवडाको भनाई यस प्रकार छ : 
रास्वपाले आयोजना गरेको निती मन्थन कार्यक्रममा उहाँले यो भनाई राख्नुभएको हो । तर उहाँ आबद्ध पार्टीका साथीहरूले पनी यस विषयमा अर्थ समितीमा चुइक्क बोल्नु भएनछ । दुख लाग्यो । https://t.co/UWSB9RZvtm",394,68,16,24041,63664
1.72E+18,RSP,sobita465,सोबिता गौतम,11/10/2023,21:04:14,"आज धन्तेरसको दिन, दिपावली चाडको माहोलमा जनताले भुल्ने ठानेर, दीपावलीको बिदा हुने अन्तिम दिनको ७ बजेको समय(अफ आवरमा)अर्थ समितिको बैठक डाकी गलत निर्णय गरियो । जनतालाई झुक्याइयो। चोरबाटोबाट ६ अर्ब आसपास खल्तीमा हाल्ने खेल खेलियो । 

नेपालमा प्रतिस्पर्धात्मक पुजी बजार निर्माण गर्न… https://t.co/bt7ijNnfCb",328,55,14,33019,63664
1.72E+18,RSP,sobita465,सोबिता गौतम,11/6/2023,16:54:27,"रास्वपाको तर्फबाट उपसभापति डिपी अर्यालको नेतृत्वमा विपद् व्यवस्थापनमा भुकम्प प्रभावित क्षेत्रमा देखिएका र हुन सक्ने सम्भावित समस्या बारे सम्माननीय प्रधानमन्त्रीको ध्यानाकर्षण गराइयो । 
राहत वितरण द्रुत र समान होस् , जनतालाई सरकारको आभाष होस् । 
रास्वपा सरकारलाई आवश्यक परे हर… https://t.co/jYQudZr7tO",193,12,3,7913,63664
1.72E+18,RSP,sobita465,सोबिता गौतम,11/6/2023,15:57:39,"भूकम्प प्रभावित क्षेत्रमा सांसदको उपस्थिति देखिएन भनेर विभिन्न संसदिय समिति मार्फत अवलोकनका नाममा त्यहाँ जाने चर्चा चलीरहेको सुनेँ । सांसदज्युहरू विपद् जोखिम न्यूनीकरणबारे कत्तिको बहस गरेर कानुन बनाउनुभयो वा बनाउन तत्पर हुनुहुन्छ त्यो महत्वपुर्ण हो।
सांसदको उपस्थिति र काम सदनमा…",292,22,19,37702,63664
1.72E+18,RSP,sobita465,सोबिता गौतम,11/4/2023,21:14:06,"आवश्यक सिपयुक्त मानव स्रोत मात्र संकट ग्रस्त क्षेत्रमा जाने हो। अनुगमन र अवलोकनका नाममा जाजरकोट र रुकुम पश्चिममा पर्यटन प्रवर्धन गर्ने, भिडभाड बढाउने बेला होइन ।

सरकारले उद्धार सँगै छिटो भन्दा छिटो क्षतिको तथ्यांक संकलन गर्ने र सोही अनुसार आकस्मिक र दीर्घकालीन सहयोग तर्फ अबको…",268,25,21,23473,63664
1.72E+18,RSP,sobita465,सोबिता गौतम,11/3/2023,14:10:58,"हामी सबैलाई बधाई छ, नेपालले यस पटक टी-२० विश्वकप खेल्ने तय भएकोछ । यो उपलब्धिको लागि नेपाली क्रिकेट खेलाडी प्रति हार्दिक धन्यवाद व्यक्त गर्न चाहन्छु।

क्रिकेट खेल प्रति नेपालीको बढ्दो चासो र असहजताको बाबजुद पनि नेपाली क्रिकेट खेलाडीको लगाव र मेहनतको उच्च कदर गर्दै नेपाल सरकारले… https://t.co/Cs9SYkgUmF",719,35,7,19995,63664
1.72E+18,RSP,sobita465,सोबिता गौतम,11/2/2023,18:45:57,आजबाट संसदको दोस्रो अधिबेसन अन्त्य भएको छ । अब भने तपाईहरुसँग ‘सोबितासँग संबाद’ मार्फत जोडिनेछु । https://t.co/ADp0ahEHFr,338,20,15,15430,63664
1.72E+18,RSP,sobita465,सोबिता गौतम,10/19/2023,23:20:39,आजको  काठमाडौ क्षेत्र नं २ को कार्यक्रमका केही तस्वीरहरू । https://t.co/GcXY7Dooae,424,23,130,14346,63664
1.77E+18,RSP,SumanaShrestha,Sumana,3/7/2024,7:16:49,"यो अन्तिम उपलब्धि होइन, सुरुवात हो । विगत चौध महिनामा यहाँहरूले दिनुभएको साथ, सहयोग र विश्वास निम्ति अनुग्रहित छौँ । तपाईँहरूकै कारण आज प्रश्न गर्ने ठाउँबाट काम गर्ने ठाउँमा आइपुगेका छौँ ।
हामीले प्रश्न गरिरहँदा हाम्रो मूल मन्त्र थियो - प्रश्न सही भए उत्तर त्यहीँभित्र लुकेको… https://t.co/QSEFd9wndn",3152,224,599,189936,31675
1.77E+18,RSP,SumanaShrestha,Sumana,3/20/2024,20:56:57,आउँदो एसईई परिक्षाका लागि सबै विद्यार्थी भाइ बहिनीहरुलाई शुभकामना! https://t.co/G3bS5HoaKf,2238,169,104,124085,31675
1.77E+18,RSP,SumanaShrestha,Sumana,3/7/2024,8:48:52,"आज बाट साँच्चै नै हाम्रो परीक्षा सुरु भएको छ। देशको शिक्षा क्षेत्रलाई कहाँ, कता, कुन दिशा तर्फ लैजाने भन्ने बारे धेरै नै काम गर्नुपर्नेछ। जति हामीलाई काम गर्ने उत्सुकता छ, त्यति नै हामीलाई यहाँको निरन्तर साथ को पनि आवश्यकता पर्नेछ। 

सधैँ जनता माझ हुने हाम्रो प्राथमिकता हिजो एउटा…",1971,170,437,101417,31675
1.65E+18,RSP,SumanaShrestha,Sumana,4/28/2023,18:36:24,"आज हामीले भ्रष्टाचार निवारण (पहलो संशोधन) विधेयक, २०७६ मा संशोधन बुझाएका छौ। 

हामीले बुझाएका संशोधनहरु यहाँले हाम्रो वेबसाईटमा पनि हेर्न सक्नुहुन्छ। म केही भिडियो श्रिङ्खला मार्फत हाम्रो संशोधनहरुको छलफल प्रक्रियाबारे यहाँहरुलाई बुझाउने प्रयास पनि गर्नेछु। https://t.co/UNklurXX6x",1816,229,64,74463,31675
1.77E+18,RSP,SumanaShrestha,Sumana,3/17/2024,11:52:53,"शिक्षा मन्त्रालयमा वा मातहतका निकायहरूमा मेरो नाम लिएर वा पार्टीको मार्फत, कर्मचारीको मार्फत वा कुनै पनि साइनो लाएर कुनै पनि किसिमको अनुचित नियुक्ति वा अनावश्यक सरुवा बढुवाको लागि ‘सोर्स फोर्स’ लाउन कसैले खोज्छ भने उसको मूल्याङ्कनमा ०.५ नम्बर घटाइनेछ। ‘सोर्स फोर्स’ वा बार्गेनिङको…",1690,226,200,120954,31675
1.77E+18,RSP,SumanaShrestha,Sumana,3/27/2024,20:36:06,जेहेन्दार बालबालिकाहरुलाई छात्रवृत्ति कार्यक्रम अन्तर्गत आवासीय रुपमा नि:शुल्क वा सहुलियत शुल्कमा बुढानिलकण्ठ स्कुलमा पढ्न अब चैत्र २९मा बिहान ११ बजे परिक्षा सन्चालन हुदै छ । सबै माझ जानकारी पुर्याइदिनु होला है । https://t.co/0sTpTxGpQj,1677,230,225,209251,31675
1.78E+18,RSP,SumanaShrestha,Sumana,4/6/2024,5:58:21,"प्रतिपक्षमा हुँदा एउटा कुरा र मन्त्री हुँदा अर्को , यो मैले जानेको छैन । राजनीतिमा लाग्नु अघि पनि सांसदले सडकमा होस्, सदनमा होस् वा सरकारमा हुँदा होस् एउटै बोली बोल्न पर्छ भन्ने मान्यतामा दृढ छु । हिजो प्रतिनिधिसभाको सदस्यको रूपमा र आज शिक्षा, विज्ञान तथा प्रविधि मन्त्रीको रूपमा…",1667,191,169,77932,31675
1.72E+18,RSP,SumanaShrestha,Sumana,10/24/2023,13:19:11,"विजयादशमी टीका सबैले हर्षोल्लासपूर्वक मनाऔँ,अशीष लिदैँ जीवनको बाटोमा बढ्दै जाऔँ,
     दशैँ टीका २०८० को उपलक्ष्यमा सबैमा शुभकामना । https://t.co/1ORWYDAgpH",1524,18,78,79652,31675
1.66E+18,RSP,SumanaShrestha,Sumana,5/15/2023,18:26:40,"नक्क्ली भुटानी शरणार्थी प्रकरणप्रति सदन र सरकारलाई उत्तरदायी बनाउन आवश्यक निर्देशन दिन आज मैले संकल्प प्रस्ताव दर्ता गराएकी छु।

भ्रष्टाचार (घुस, सरकारी कागजात किर्ते, नीतिगत भ्रष्टाचार), सङ्गठित अपराध (मानव तस्करी) र राष्ट्रद्रोह – विषयान्तर गर्न दिने छैनौँ।

अत्ति भो!

#Nepal https://t.co/XU6XGG2Zpw",1374,147,91,65294,31675
1.65E+18,RSP,SumanaShrestha,Sumana,5/1/2023,11:24:15,महावीर जी को अभियानमा ऐक्यबद्दता जनाउनु हुने सबैलाई धेरै धन्यवाद।तर नास्ट (NAST) तथा अन्य विश्वविद्यालयहरुमा राजनैतिक नियुक्ति कहिले सम्म गर्ने?परावर्तनमा गर्नु पर्ने लगानी कहिले सम्म प्रशासनिक खर्च गर्ने? महावीर पुन जस्ता इमान्दार व्यक्तिहरु लाई काम गर्ने वातावरणको सिर्जना गरौँ। https://t.co/JtnjgfXV6g,1347,181,33,55272,31675
1.77E+18,RSP,SumanaShrestha,Sumana,3/29/2024,21:31:02,"विद्यार्थीहरुले लामो समयदेखि उठाँउदै आएको माग पुरा भएको छ! अब त्रिविको स्नातक तहका प्रश्नपत्रहरु अङ्ग्रेजी र नेपाली दुवै भाषामा! 

त्रिभुवन विश्वविद्यालयबाट लिइने वार्षिक परीक्षा प्रणाली अनुसारका सबै सङ्कायहरूको स्नातक तहका प्रश्नपत्रहरु तयार गर्दा अङ्ग्रेजी र नेपाली दुवै भाषामा… https://t.co/80f1BysYyE",1292,119,136,81070,31675
1.77E+18,RSP,SumanaShrestha,Sumana,3/16/2024,11:23:22,"आज मेरी प्यारी माँ (हजुरआमा)को १३ दिनको पितृ उद्धार (शुद्धशान्ति)को काम सनातन परम्परा अनुसार सम्पन्न भएको छ। माँको आत्माले यो समय चक्रबाट मुक्ति पाओस् र आत्माले चीर शान्ति प्राप्त गरोस्।

माँले मलाई अक्षर चिनाएर शिक्षाको बाटो देखाउनुभयो र उहाँकै आशीर्वाद लिएर सधैँ म यो… https://t.co/TrpPBD7k1h",1285,23,144,52497,31675
1.65E+18,RSP,SumanaShrestha,Sumana,4/20/2023,23:18:06,"बैशाख १० गते तनहुँ-०२ बाट डा. स्वर्णिम वाग्लेलाई विजयी बनाउनु हुनेछ भन्ने मेरो विश्वास  छ! @SwarnimWagle 

अबको पालो हाम्रो।

#nepal #rsp #ghanti https://t.co/Ecz2RtiKyE",1273,100,62,107047,31675
1.70E+18,RSP,SumanaShrestha,Sumana,8/31/2023,9:27:49,"आज साः पारू, जनै पुर्णिमा, रक्षा बन्धन तथा क्वाःती पुन्हीको सबैलाई धेरै-धेरै शुभकामना। https://t.co/JtaIAYYlKp",1262,36,31,48254,31675
1.63E+18,RSP,SumanaShrestha,Sumana,2/17/2023,20:08:12,"अहिले शुक्रबार, बेलुकाको ८ बजेको छ। ""खाद्य स्वच्छता तथा गुणस्तर सम्बन्धी कानूनलाई संशोधन एकीकरण गर्न बनेको"" विधेयकमा संशोधन प्रस्तावका लागि हामी सचिवालयमा तयारी गर्दै छौँ। 

७२ घण्टामा हामी जतिसक्दो स्वअध्ययन र विशेषज्ञ परामर्श गरेर भोलि साँझ ४ बजेसम्म संसद सचिवालयमा बुझाउनेछौँ। https://t.co/ycnLf3HNzn",1256,99,92,102077,31675
1.64E+18,RSP,SumanaShrestha,Sumana,4/2/2023,17:36:01,"आजको सदनले संसदीय कार्यतालिकालाई प्रतिनिधि सभा नियमावली २०७९ मा अनिवार्य बनाउन अस्वीकृत गरेको छ। सरकारी कार्यालयमा टाईम-कार्ड लागु गरेर जनतालाई सेवा दिन्छु भन्ने सदन आफ्नै कार्यतालिका बनाएर अघि बढ्न तल्लीन छैन।

#RSP #ghanti #Nepal https://t.co/T4UOEEx8ha",1225,193,70,87864,31675
1.76E+18,RSP,SumanaShrestha,Sumana,2/10/2024,9:09:56,थकाउने काम कति गर्नुहुन्छ ? कति पटक त्यही कुरा भट्याइरहोस् जस्तो लाग्छ ? जति पटक भन्नु परे पनि भन्छु ! अनि आज त्रिविको उपकुलपतिको बारेमा कुरा गर्नुपर्‍यो भन्ने बित्तिकै उठेर जानु भएका - मार्मिक भाषण दिन खप्पिस सांसद्हरूले पनि सुन्नुहोस् भन्ने कामना गर्दछु । https://t.co/gLYzZlJaBx,1228,213,69,163866,31675
1.66E+18,RSP,SumanaShrestha,Sumana,5/25/2023,17:05:04,भ्रष्टाचारका मुद्दा हेर्ने दुई मुख्या पात्रः अख्तियार दुरुपयोग अनुसन्धान आयोगका प्रमुख र प्रधानन्यायधिशको नियुक्ति गर्ने संवैधानिक परिषद्को निर्णायक अधिकार संसदीय सुनुवाई समितिसँग छ। यस्तो महत्वपूर्ण समिति पनि राजनैतिक भागबन्डामा नै गर्ने हो भने - शक्ति पृथकीकरण कसरी कायम होला त? https://t.co/HpdjfKNuwP,1174,142,41,45653,31675
1.66E+18,RSP,SumanaShrestha,Sumana,5/24/2023,8:07:29,"संसदीय विकास कोषको विरोध गरौ, हामीले सदनमा गरेका छौं, तपाईको पालो तपाईको सांसद, तपाईको पार्टीलाई कल गर्ने - भन्नुहोस् कि तपाईं यो कोषसँग असहमत हुनुहुन्छ। https://t.co/wfA3M8KPLK फोन नम्बरहरूको लागि https://t.co/bTFyeTTp98",1171,196,55,63320,31675
1.73E+18,RSP,SumanaShrestha,Sumana,11/29/2023,22:14:21,"आज राष्ट्रिय स्वतन्त्र पार्टीको सहमहामन्त्री पदमा मनोनित भएकोमा गौरवान्वित भएकीछु। थपिएको जिम्मेवारीले झनै कर्तव्यबोध गराएको छ। जनताको आवाज बन्न सकूँ र उहाँहरूको भरोसा र अपेक्षामा खरो उत्रिन सकूँ भनी हरप्रयत्न गर्नेछु । यहाँहरूको सहयोग र साथको सधैंझै अपेक्षा राख्दै, सबैमा आभार ।",1178,40,181,55635,31675
1.76E+18,RSP,SumanaShrestha,Sumana,3/5/2024,13:52:48,आज पारिवारिक शोकको खबर यहाँहरूलाई अवगत गराउदैछु। मेरी प्यारी माँ(हजुरआमा) को ९३ वर्ष उमेरमा हिजो बेलुकी करिब ८ बजे तिर दुःखद निधन भयो। गएको एक हप्ता देखि माँ कै स्याहारमा व्यस्त थिएँ । अब केही दिन पछि काममा फर्किने छु। माँको आत्माले यो समय चक्रबाट मुक्ति पाओस् भनी यहाँहरू सबैले… https://t.co/IcWaiNf4zO,1143,21,599,135322,31675
1.65E+18,RSP,SumanaShrestha,Sumana,5/5/2023,20:28:25,रा स्व पा प्रतिपक्षमा। साथीहरु अब यो आशाको दियो जोगाएर लानु छ। सधै र संगै नेपाल र नेपालीमा समर्पित ।,1097,81,85,47769,31675
1.65E+18,RSP,SumanaShrestha,Sumana,4/28/2023,14:32:31,आजको सुन्य समयमा मेरो वक्तव्य: https://t.co/oVjorwmjRp,1074,129,49,63083,31675
1.65E+18,RSP,SumanaShrestha,Sumana,4/14/2023,7:48:06,"✨नेपाली नयाँ वर्ष २०८०को हार्दिक शुभकामना! आगामी दिनहरु नयाँ आशा, नयाँ उत्साह, नयाँ संघर्ष र नयाँ सफलताहरुको सुरुवात बनोस्। यो नयाँ वर्ष सबैको लागि खुशी, समृद्धि, शान्ति र स्वास्थ्यले भरीपूर्ण होओस्।✨

#Nepal https://t.co/Wyuc9t1p9N",1068,23,69,38522,31675
1.63E+18,RSP,SumanaShrestha,Sumana,2/20/2023,13:39:18,"आउनुहोस्, अब ""सम्पत्ति शुद्दिकरण (मनी लाउन्डरीङ्ग) निवारण तथा व्यावसायिक वातवरण प्रवद्धधन सम्बन्धी केही ऐनलाई संशोधन गर्न बनेको विधेयक"" माथि हाम्रो 'विधेयक मन्थन'बाट जोडिनुहोस्। 

फारममा आफ्ना संशोधन सुझाव फाल्गुन ११ गते, बिहिबार १० बजे सम्म बुझाउनु होलाः https://t.co/SV9xJAfqiq https://t.co/Bz5nx47g8x",1070,151,54,124461,31675
1.78E+18,RSP,SumanaShrestha,Sumana,4/6/2024,18:05:44,"सुझाव दिनुहोस् है !

विद्यालयको स्थापना, सञ्चालन तथा व्यवस्थापनका आधारभुत विषयमा एकरुपता र स्तरीयता कायम गर्न मन्त्रालयले बनाउन लागेको ‘विद्यालय स्थापना, सञ्चालन तथा व्यवस्थापनसम्बन्धी मापदण्ड, २०८०’ को मस्यौदा सबै सरोकारवालाको सुझावको लागि सार्वजनिक गरिएको छ। कमेन्टमा राखिएको… https://t.co/6uwN7HO70j",1088,153,178,43356,31675
1.65E+18,RSP,SumanaShrestha,Sumana,4/24/2023,10:01:40,"हामीले हिजो अख्तियार दुरुपयोग अनुसन्धान आयोग (तेस्रो संशोधन) विधेयक, २०७६ मा संशोधनहरु बुझाएका छौँ। 

हामीले बुझाएक संशोधन, यहाँहरुले बुझाउनु भएका सुझावहरु र सो सुझावमा हाम्रो प्रतिक्रियाहरु - सबै हाम्रो वेबसाईटमा उपलब्ध गराएका छौँ।

https://t.co/PpZc0qLveE

#Nepal #RSP #ghanti https://t.co/689UnrvFsA",1035,98,30,61192,31675
1.65E+18,RSP,SumanaShrestha,Sumana,4/23/2023,6:56:55,भ्रमको खेती नगरम। भ्रममा नपरम। https://t.co/5uFPaUOVXd,999,112,33,41559,31675
1.62E+18,RSP,SumanaShrestha,Sumana,1/21/2023,16:17:52,"""हामीले सुधार र सुशासनको ठूल्ठूला बाचा गरेका छौँ। त्यसको सुरुवात यस गरिमामय सदनबाटै गरौँ। एउटा संसदीय क्यालेन्डर बनाऔँ, प्राथमिकता निर्धारण गरौँ र त्यसलाई दरिलो राजनीतिक इच्छा शक्तिका साथ कडाइपूर्वक  पालना गरेर अघि बढौँ।"" 

आजको सदनमा मेरो वक्तव्य । https://t.co/Wfq3JivsLM",993,71,67,90669,31675
1.68E+18,RSP,SumanaShrestha,Sumana,7/14/2023,15:58:01,"NOC लिन विद्यार्थीहरुलाई कति दुःख दिएर व्यवहार अपमानजनक गरेको? यो हुँदै भएन। कैयौँ विद्यालयहरुमा उपकूलपति छैनन्। 
कूलपति प्रम छन्। कार्यकारी पद सजावटी भैसक्यो। विश्वविद्यालयको राजनीतिकरण कहिले बन्द गर्ने? 

नेपालमा पढ्ने विद्यार्थीलाई पनि सास्ती, बाहिर जान्छु भन्नेलाई पनि सास्ती? https://t.co/rteYZ6SMp4",988,152,99,49650,31675
1.65E+18,RSP,SumanaShrestha,Sumana,4/20/2023,11:24:37,"'अख्तियार दुरुपयोग अनसुन्धान आयोग ऐन, २०४८ लाई संशोधन गर्न बनेको विधेयक' हिजो पेश भएको छ। भ्रष्टाचार निवारण गर्न अख्तियारलाई कसरी सशक्त बनाउन सकिन्छ? 

यहाँहरुको सल्लाह र सुझावको आवश्यकता छ। कृपया यो लिङ्कमा आफ्न संशोधन प्रस्तावहरू राखिदिनु होलाः  https://t.co/oMTwyprkU5 https://t.co/q8j4sqmJlx",981,122,89,56252,31675
1.64E+18,RSP,SumanaShrestha,Sumana,3/17/2023,8:03:08,"दिउसोको खाजाको स्तरले शैक्षिक स्तर उकास्नमा ठूलो भूमिका खेल्छ भनेर अनुसन्धानले देखाएको छ । हरि ढकालजीले ७ घण्टा हिडेर यो स्कुल पुग्नुभएको हो सलाम छ वहाँलाई । कसैलाई यो स्टन्टबाजी लाग्छ भने यस्तो स्टन्टबाजी सबैले गरौँ, दूरदराजका यस्ता स्कुलहरू सबैमा पुगौं र विद्यार्थीको हकको लागि+",950,120,57,96141,31675
1.69E+18,RSP,SumanaShrestha,Sumana,8/8/2023,9:54:30,"संसद जनताको हो । यो आधार हो। यो बिना सरकार छैन, कर छैन, केहि छैन। धेरै लामो समयदेखि पर्दा पछाडि वार्ता गरिरहनुभएको छ। भ्रष्टाचार लुकाउन र भ्रष्टाचारीलाई जोगाउन जनतालाई भ्रममा पार्न धेरै आयोगहरू प्रयोग भएका छन्। जनताका लागि संसद खोल्नु पर्छ । https://t.co/rJ6esevqDn",960,149,33,35602,31675
1.66E+18,RSP,SumanaShrestha,Sumana,5/7/2023,10:16:03,"'शिक्षा, स्वास्थ्य तथा सूचना प्रविधि' संसदीय समितिको सदस्यताका साथै मलाई रास्वपाको दुई केन्द्रीय विभागका अध्यक्षको जिम्मेवारी पनि सुम्पिइएको छ – 'शिक्षा विभाग' र 'विज्ञान, सञ्चार तथा सूचना प्रविधि विभाग'।

यी भुमिका निर्वाह गर्न मलाई विशेषज्ञहरूको खाँचो छ। https://t.co/fDvpsjqfSD https://t.co/iyMF8I41ed",955,81,44,47948,31675
1.78E+18,RSP,SumanaShrestha,Sumana,4/2/2024,17:07:25,*पूर्वाञ्चल विश्वविद्यालयको उपकुलपतिका लागि दरखास्त स्वीकृत भएका उम्मेदवारहरूलाई प्रस्तुतीकरणको लागि सूचना*… https://t.co/fDql4vrnZt,944,77,72,56333,31675
1.65E+18,RSP,SumanaShrestha,Sumana,4/25/2023,7:05:23,"Point of departure - in Nepali politics. @SwarnimWagle यात्रा बल्ल शुरु भयो तर अहिले नै ठूलो सन्देश दिनु भयो - पोलिटिकल पार्टीको cultural shift को लागि external catalyst । योग्य जनशक्ति जताततै छ - समयमै अवसर पाउनु पर्यो । साथै, योग्यको बदलिंदो परिभाषा पनि अनुसरण गर्नु पर्यो ।",930,81,32,37081,31675
1.63E+18,RSP,SumanaShrestha,Sumana,2/27/2023,11:23:55,सांसदको लागि भत्ता किन होला? https://t.co/Oz0ZY7tkqz,916,156,62,68847,31675
1.63E+18,RSP,SumanaShrestha,Sumana,2/22/2023,13:48:53,अहिले बाल मन्दिरको र ललितकलाको स्वामित्वमा रहेको जम्मा जम्मी ५७ रोपनी जग्गा कसले भोग चलन गरिरहेको छ ? कसको हितमा प्रयोग हुदैछ? अनाथ बालबालिकको लागि कि कौडीको भाउमा बाहालमा लिएर व्यवसाय चलाउने नाम कहिलिएका व्यक्तित्व र व्यवसायिक घरानाहरूको हितमा? आजको सदनमा ध्यानाकर्षणको पूर्णपाठ: https://t.co/NVCFXxtBPZ,913,156,51,107167,31675
1.66E+18,RSP,SumanaShrestha,Sumana,5/29/2023,18:56:13,गलत गलत गलत निर्णय। सांसदको काम के हो अर्थमन्त्री ज्यु? किन भौतिक प्रोजेक्टको मैनेजर बनाउन खोज्नू भएको? किन स्थानीय सरकारको कार्य गर भन्ने। किन चुनाव लक्षित बजेट? नीतिगत भ्रष्टाचार लाग्छ।  https://t.co/98Bi8tCzUV,907,168,64,62013,31675
1.66E+18,RSP,SumanaShrestha,Sumana,5/21/2023,10:53:01,"आगामी वर्षको नीति तथा कार्यक्रमको अध्ययनको लागि जम्मा बीस घण्टाको समय दिएता पनि, जति सक्दो अध्ययन गरेर मैले हिजो समय सीमा मा अडिएर ठिक १ः५५मा संशोधनहरु हातैले लेखेर बुझाएँ। मैले राखेका २०-बुँदे संशोधन र त्यसका कारणहरु यी भिडियो मार्फत यहाँलाई अवगत गराउन चाहेँ। 

#Nepal #budget https://t.co/1HwpcB9Sg5",886,91,24,47386,31675
1.66E+18,RSP,SumanaShrestha,Sumana,5/22/2023,13:45:08,"सांसद भएपछि मैले मेरो टिमलाई म जहिले मेरो हाजिरीको फोटो पठाउँछु भनेकी थिएँ। बायोमेट्रिक नभएको खण्डमा मेरो टिमले मलाई जवाफदेही बनाउने अवस्था थिएन।आजबाट संघिय संसद सचिवालयले बायोमेट्रिक हाजिरी लागू गरेको छ।सानो जीत।

अब भने रियल-टाइममा सांसदको सदनमा हाजिरीको तथ्याङ्क माग गर्नुपर्छ। https://t.co/XEIQ9sU9mV",880,72,40,41335,31675
1.73E+18,RSP,SumanaShrestha,Sumana,11/17/2023,20:48:22,"आफुले जनताका लागी कोशिश गरेका काम को रिपोर्ट सहित भोलिबाट काठमाडौ-०४, तपाईको घरदैलोमा आउदैछौ । धन्यवाद सहित तपाईका कुरा सुन्न । https://t.co/ypt9I41Fcc",873,48,65,127578,31675
1.68E+18,RSP,SumanaShrestha,Sumana,7/17/2023,9:33:06,"अपराधलाई पखाल्ने गंगाजलको रुपमा राजनीतिलाई अपराधीकरण गर्ने, शक्ति पृथकिकरणको विरुद्ध ल्याइएको यो विधेयक हिजो संसदमा पेश भएको छ। के यसैका लागि जनताले हामीलाई मत दिएर पठाएको हो? म जनतालाई सोध्न चाहन्छु, के गुण्डागर्दीको संरक्षणका लागि पठाउनु भएको हो? सोध्नुस् आफ्ना जनप्रतिनिधिलाई!",853,141,50,61635,31675
1.66E+18,RSP,SumanaShrestha,Sumana,5/20/2023,13:31:42,"खबर पुगोस् तर केही गर्न नभ्याओस् भन्ने नियतले प्रकृया बनाएको हैन त यो?

1/2 https://t.co/BRHrXPTOT5",811,121,24,61645,31675
1.64E+18,RSP,SumanaShrestha,Sumana,4/3/2023,16:07:30,"सभामुख मार्फत सबै सांसदहरूलाई मेरो प्रश्नः तपाईँहरू कै पार्टीका मेयर छन्, उप-मेयर छन्; प्रदेश सरकारमा यहाँहरू कै प्रतिनिधिहरू हुनुहुन्छ। कुन कानून नभएकाले चाँही मिटरब्याजीका पीडितहरुलाई न्याय दिन नसकेको हो? https://t.co/4ygCk87OZr",815,133,32,48919,31675
1.76E+18,RSP,SumanaShrestha,Sumana,2/7/2024,18:40:34,"सम्पत्ति शुद्धिकरण 'निवारण' सम्बन्धी विधेयक भन्दा पनि सम्पत्ति शुद्धिकरण 'प्रवर्द्धन' विधेयक भने पनि हुन्छ। 

विधेयकको दफा ११ (मूल ऐनको दफा २८को संशोधन) हेर्ने हो भने यहाहरु सबैलाई स्पष्ट हुन्छ यो विधेयक भ्रष्टाचारीहरुलाई प्रशय दिन ल्याईएको हो । अझ भ्रष्टाचारीको राज चलाउन कानुन… https://t.co/Lbg9MPLusR",818,184,40,39300,31675
1.70E+18,RSP,SumanaShrestha,Sumana,8/29/2023,15:03:54,३ मिनेटमा ८१ वटा ऐन संशोधन गर्ने बनेको विधेयकमा सैद्धान्तिक छलफल के कर्मकाण्डी मात्रै भएन र? त्यस पछि ७२ घण्टा संशोधनका लागि। विश्वासघात गरिँदै छ जनताको मतलाई; विश्वासघात गरिँदै छ देशका महत्वपूर्ण मुद्दाहरु माथि - रबर स्ट्याम्प बनाईँदैछ सदनलाई। https://t.co/xJNrAFM9RN,800,171,28,40932,31675
1.68E+18,RSP,SumanaShrestha,Sumana,7/19/2023,8:24:42,"यदी तपाईँ फेसबुक, इन्स्टाग्राम, टिकटकका माध्यमबाट आफ्नो सामान बेच्नुहुन्छ, कुनै सरसुविधा प्रदान गर्नुहुन्छ, वा कुनै कन्टेन्ट बनाएर आमदानी गर्नुहुन्छ र यो विद्युतीय व्यापार सम्बन्धी विधेयकमा आफ्ना राय राख्न चाहनुहुन्छ भने, कृपया यो फारम भर्नुहोला र हामीसँग छलफलमा जोडिनु होला। https://t.co/rmQmV8sLSI",790,93,20,59145,31675
1.75E+18,RSP,SumanaShrestha,Sumana,2/4/2024,19:01:23,"जुन कुरा नेपालकै प्रविधिका कम्पनीहरुले बनाउन सक्छन्, त्यस्ता सफ्टवेयरहरु नेपालीलाई नै बनाउने मौका दिनुपर्छ! नेपालको टेक-ट्यालेन्ट नेपाल कै प्रविधि विकासका लागि कसरी प्रयोग गर्न सकिन्छ? अब पनि यस बारे नसोच्ने हो भने हामीले नेपालको प्राविधिक विकासलाई तीव्र गतिमा लान सक्नेछैनौं। https://t.co/0vgihUUV1j",794,113,38,32513,31675
1.66E+18,RSP,SumanaShrestha,Sumana,5/11/2023,18:30:02,"सबै नेपाली एक हौ।

सडक देखी सदन सम्म। 

भ्रष्टाचार विरुद।

अति भो।

 https://t.co/kLUOkobD14",785,72,35,49708,31675
1.76E+18,RSP,SumanaShrestha,Sumana,2/12/2024,20:36:23,"हाम्रो देशको शिक्षा नीति के हो? लाखौं लाख विद्यार्थी अध्ययन गर्ने विश्वविद्यालयको उपकुलपतिको पदको छनौटमा गम्भीरता खै? देशको भविष्यको सवालमा पनि यहिको उच्च पदाधिकारीहरुको कार्यसम्पादन? प्रधानमन्त्री ज्यूको कार्यसम्पादन यही हो? शिक्षा मन्त्रीज्यूको कार्यसम्पादन यही हो?

मम गर्नु… https://t.co/aOJ0rbhQfH",788,139,53,41714,31675
1.68E+18,RSP,SumanaShrestha,Sumana,7/2/2023,15:30:00,"आर्थिक विधेयकको दफावार छलफलमा भाग लिँदै आफ्ना धारणा व्यक्त गरेँ । यो विधेयक वास्तवमा गरीब जनताका लागि बनेकै हैन ।

Vape र e-ciggarettes मा भन्सार दर माफी तर सिसाकलम तिखार्ने(पेन्सिल sharpener) मा दश प्रतिशत (१०%) राख्ने यो कस्तो देश हो ? https://t.co/JBQ1B4nr0r",762,136,35,75222,31675
1.65E+18,RSP,SumanaShrestha,Sumana,4/26/2023,17:53:04,"आजको सदनमा गृह मन्त्रीलाई मेरा चार प्रश्नका विषयहरुः

१) मिटरब्याजीका लागि कानून कहिले बनाउने?
२) मिटरब्याजी सम्बन्धी गृह मन्त्रालयको कार्य सम्पादनको मूल्याङ्कन
३) आत्महत्या रोकथामका लागि हटलाईन 
४) डढेलो र विपद् जोखिम न्यूनीकरण व्यवस्थापन https://t.co/0MR5LBEJ7h",765,111,27,34702,31675
1.69E+18,RSP,SumanaShrestha,Sumana,8/11/2023,14:00:17,"१) आधिकारिक रुपमा संसद सुचारु गरिदिनु हुन सभामुखज्युमा अनुरोध गर्यौं।
२) संसद अबरुद्ध भएको दिनको तलब/ भत्ता/ सुबिधा फिर्ता गर्ने ब्यवस्था मिलाइदिन हुन अनुरोध गर्यौं। https://t.co/h1NGGtCnC6",759,78,40,33720,31675
1.69E+18,RSP,SumanaShrestha,Sumana,8/1/2023,10:11:02,"आईटी सेवा निर्यातबाटै वार्षिक ६७ अर्ब आम्दानी हुने गरेको हिजो प्रकाशित रिपोर्टले बताएको छ। यस्तो परिपेक्षमा सरकारको भूमिका अब के हुनुपर्छ? 

आईटीलाई अझै फस्टाउने उर्वर भूमिको सिर्जना गर्न अब भनेको हामीले हाम्रो आईटी शिक्षाको पद्दतिमा परिवर्तन ल्याउनु आवश्यक देख्दछु। https://t.co/Net6kjWQPt",742,71,15,37473,31675
1.65E+18,RSP,SumanaShrestha,Sumana,4/25/2023,16:24:36,"आफ्नो काम कसैले नगर्नु पनि भ्रष्टाचार हो। 

जबसम्म कर्मचारीले राजनैतिक सुरक्षा पाउँछन् तब सम्म जतिसुकै भ्रष्टाचार निवारणका कुरा गरे पनि बालुवामा पानी हाले सरह हुनेछ।आफु भित्र पनि हेरौँ र आफ्नो पार्टी भित्र पनि हेरौँ।

1/2 https://t.co/xplJyAOdfV",740,87,25,32931,31675
1.77E+18,RSP,SumanaShrestha,Sumana,4/1/2024,14:21:00,"त्रिभुवन विश्वविद्यालय सेवा आयोगको पद रिक्त हुँदा लामो समयदेखि काम अवरुद्ध भएको थियो। अहिले नाम सिफारिस गर्न गठित छनोट तथा सिफारिस समिति बनेको छ र सोही समितिले ‘त्रिभुवन विश्वविद्यालयको सेवा आयोगको सदस्य सिफारिससम्बन्धी कार्यविधि, २०८० बमोजिम बनाएर दरखास्त आह्वान गरेको छ।… https://t.co/9G74l7H5un",735,82,53,40300,31675
1.76E+18,RSP,SumanaShrestha,Sumana,2/18/2024,8:17:28,"आज बैङ्किङ्ग कसुर तथा सजाय ऐन, २०६४ लाई संशोधन गर्न बनेको विधेयक, २०८० सदनमा पेश हुनेछ। हामीले जनताबाट यसबारे संशोधन संकलनको प्रक्रिया जारी राख्दै, आफ्ना संशोधनहरु हामीलाई यो गुगल फारम मार्फत सोमबार सम्म पठाईदिनुहुन अनुरोध गर्दछु। 

संशोधन बुझाउने फारम र विधेयकको पूर्णपाठः… https://t.co/jYJvoRlh5t",716,71,46,34293,31675
1.64E+18,RSP,SumanaShrestha,Sumana,4/5/2023,20:29:59,"हामीले संसदमा सुशासनका लागि पाँच प्रस्ताव पेश गरेका थियौँ। सार्वभौम संसद्को उत्पादकत्व, जवाफदेहिता, पारदर्शिता र निश्चित समय तालिकासँग सम्बन्धित हाम्रो प्रयास आंशिक रूपमा सफल भयो।

सहयोग र सद्भावका लागि तपाईँहरूप्रति अनुगृहीत छौँ। हाम्रो प्रयासको पूर्ण विवरण निम्नानुसार रहेको छ। https://t.co/2qCKm3uSkc",720,80,31,36079,31675
1.65E+18,RSP,SumanaShrestha,Sumana,5/6/2023,20:56:57,"बजेटको अधिवेशन भोली बाट सुरु हुँदै छ। समय अत्यन्तै थोरै छ - तर सकेसम्म अहिलेसम्मको शिक्षा र सूचना मन्त्रालयको बजेट हेर्न यहाँहरुको सहयोगको माग र अपेक्षा गर्दै छु। शिक्षा, र सूचना संचार मन्त्रालयहरुको र महालेखाको प्रतिवेदनहरु अध्ययन गर्नुहोला र हामीलाई समीक्षाहरु पठाउनु होला।

1/2 https://t.co/SKrXYnk5uP",708,57,14,31389,31675
1.62E+18,RSP,SumanaShrestha,Sumana,2/12/2023,16:28:40,"हामीले सरकारको राजस्व मात्र बढाउने कुरा गरीरहेका छौ, नीजि क्षेत्रको राजस्व बढाउन कस्तो खालको कार्यक्रम तथा नीति ल्याउछौँ? त्यो पनि सोच्न आवश्यक छ। नीजि क्षेत्रको राजस्व बढे मात्र सरकारको राजस्व बढ्न सम्भव छ। 

आजको सदनमा अर्थ मन्त्रीलाई मेरा पाँच प्रश्नः https://t.co/ZgD7f0v7nr",708,62,39,74786,31675
1.66E+18,RSP,SumanaShrestha,Sumana,5/8/2023,15:28:51,अर्थमन्त्री बिना बजेटका सिद्धान्त र प्रथमिकताको कुरा गर्नुको कुनै अर्थ छैन। जवाफदेहिता अपरिहार्य छ! कर्मकान्डी बजेटका छलफल हुन दिनुहुँदैन। यसकारण आज मैले हाम्रो प्रतिनिधि सभा नियमावली दफा ६(५) सम्झाउँदै नियमापत्ति गरेँ। अर्थ मन्त्रीलाई फर्काएरै छाड्यौँ। https://t.co/tMy0fVPXcy,706,70,31,33582,31675
1.76E+18,RSP,SumanaShrestha,Sumana,2/16/2024,9:14:21,बौद्धिक चोरीलाई सामान्य नमानौ। https://t.co/PPtsakUUFa,710,91,48,60323,31675
1.67E+18,RSP,SumanaShrestha,Sumana,6/7/2023,14:31:43,"यदि खाद्यवस्तुको मूल्य १० प्रतिशतले बढ्यो भने गरिबी ४ प्रतिशतले बढ्छ। खाद्यवस्तुमा १ प्रतिशत मूल्य बढ्यो भने १ लाख मान्छेहरू गरिबीको रेखामुनि जानेछन् र १ लाख ८० हजार खाद्य-गरिब (food poor) हुनेछन्।  सरकारको दया माया हैन, सामाजिक न्याय चाहिएको छ। के गरेको यो सरकारले? https://t.co/H7bZd6ANdM",693,158,35,41023,31675
1.66E+18,RSP,SumanaShrestha,Sumana,5/8/2023,17:42:00,"हाम्रो बजेटको सिद्धान्त र बजेट बनाउने शैलीमा प्रणालीगत विफलता (systematic failure) नै भएको छ - न बजेटको सिद्धान्तमा संस्थागत स्मरण (Institutional memory) गर्ने प्रचलन छ, न तीन तहका सरकारबीच न मन्त्रालयहरूबीच समन्वयन छ, न त बजेटमा सफलता र उपलब्धीको मापन वा मुल्यांकन नै।

1/2 https://t.co/qYnlEurZqc",695,75,20,37531,31675
1.66E+18,RSP,SumanaShrestha,Sumana,6/2/2023,15:08:08,अब बजेटको बारे छलफल आइतबारबाट सुरु हुँदै छ। त्यसका लागि यहाँहरुले पनि बजेट हेर्नुहोला। यो बजेट कसरी विनीयोजन हुन्छ भन्ने कुरा आफ्नो स्थानीय तहमा पनि ध्यान दिनुहोला। हामी नीरन्तर यसमा लागि नै रहने छौँ। यसकारण यहाँहरुको सतर्कता र निरीक्षण आवश्यक छ। https://t.co/nxTMGZqiaJ,690,84,26,26421,31675
1.63E+18,RSP,SumanaShrestha,Sumana,2/26/2023,12:33:58,"सम्पत्ति शुद्धिकरण सम्बन्धी केही ऐनलाई संशोधन गर्न बनेको विधेयक, २०७९ मा हामीले ६-बुँदे संशोधन प्रस्ताव बुझाएका छौँ। जनताबाट आएका सुझावका लागि धेरै धन्यवाद।

हाम्रा संशोधन, जनताले बुझाएका सुझाव र हाम्रा प्रतिक्रिया सबै यहाँ हेर्न सक्नुहुन्छः https://t.co/BQOY5i37H9 https://t.co/QiGt2SLWw2",690,48,12,39716,31675
1.63E+18,RSP,SumanaShrestha,Sumana,3/2/2023,14:53:19,"कानुनको मस्यौदाहरू पेश गर्ने मन्त्रालयहरूबाट भएको देख्दा अचम्म लागिरहेको छ। किनभने कानुन त जनप्रतिनिधि ले बनाउनु पर्ने हो, सदनले बनाउनु पर्ने हो। सदनलाई त ७२ घण्टा संशोधन पेश गर्ने मात्र समय दिईन्छ र ऐन बनाउँदा हुनुपर्ने छलफल पनि अपुग भएको महसुस भईरहेको छ।

सुधारका क्षेत्रः https://t.co/3ZIZFhCf7e",681,69,28,36144,31675
1.70E+18,RSP,SumanaShrestha,Sumana,9/19/2023,7:33:20,"“नेपालबाट रातो पासपोर्ट प्रयोग गरेर विदेश जाने जो कोही सार्वजनिक पद धारण गरेका व्यक्तिले भ्रमण सम्पन्न गरेर फर्किएपछि त्यसको उपलब्धि र सिकेका पाठ सार्वजनिक गर्ने परिपाटी स्थापना गरौं ।

मेरा केही सिकाई G-CAP बाट।

https://t.co/Dr2SKxM6Ko",672,101,33,29154,31675
1.66E+18,RSP,SumanaShrestha,Sumana,5/28/2023,13:37:40,"अल्पमतमा भए पनि आफुलाई लागेका कुराहरुमा अडिग रहनुपर्छ। मैले संयुक्त बैठक र संयुक्त समिति (कार्यसञ्चालन) नियमावलीमा राखेका संशोधन फिर्ता लिईनँ। परराष्ट्र नीति संस्थागत गर्ने, दबाब, प्रभाव र प्रलोभनमा नियुक्तिको चलन हटाउने र उजुरीका छानबिनमा पारदर्शीताको माग - सबै अस्वीकार भए। https://t.co/wabgKzEKML",672,91,51,44008,31675
1.66E+18,RSP,SumanaShrestha,Sumana,5/8/2023,17:43:28,2/2 https://t.co/wQuu2JtXVy,664,80,22,45234,31675
1.66E+18,RSP,SumanaShrestha,Sumana,5/28/2023,9:46:46,हिजोको सदनमा नीति तथा कार्यक्रममा मैले राखेका सम्सोधन पारित भएन । आउने बजेटलाई मीतव्ययी बनाउने सक्दो प्रयास गरेकी थिए । https://t.co/LFY63vgpz3,666,70,68,104053,31675
1.68E+18,RSP,SumanaShrestha,Sumana,7/23/2023,8:32:59,"शिक्षा, स्वास्थ्य तथा सूचना प्रविधि समितिको बैठकमा त्रिभुवन विश्वविद्यालयका पदाधिकारीहरू आउँदै हुनुहुन्छ। हामीले त्रिविका बारे भूतपूर्व तथा अध्ययनरत विद्यार्थीलाई आफ्ना अनुभवहरू यहाँ व्यक्त गर्न आह्वान गर्दछौँ।

Link: https://t.co/po2EzTEONz https://t.co/4peqrULPHI",667,77,107,54949,31675
1.67E+18,RSP,SumanaShrestha,Sumana,6/19/2023,19:25:49,"नर्सहरूलाई महिनामा १५ हजार तलब दिएर राख्न खोज्छौँ, अनि विदेशिन्नन् त? अब विदेश गएर १५ हजारको ठाउँमा २ लाख नकमाउ भनेर कुन मुखले भन्ने? https://t.co/P9cMyDBef7",660,58,20,29225,31675
1.75E+18,RSP,SumanaShrestha,Sumana,1/22/2024,17:23:23,पढ़ी दिनु होला। https://t.co/wxrKPsxGGG,646,76,166,87778,31675
1.63E+18,RSP,SumanaShrestha,Sumana,2/22/2023,18:39:15,हामी कानुन कमजोर भएर ग्रे लिस्टमा पार्न लागेको हो कि कार्यान्वयन कमजोर भएर? पेश भएको यो विधेयकको एक प्रावधान सर्वोच्च अदालतले २०६७मा स्थापित नजिरको विरुद्ध गएको हो कि? स्रोत खुलाउन नसकेको सम्पतिमा कर लिनु भनेको के हो? हाम्रो कमी कमजोरी बारेमा बनाएको रिपोर्ट किन सार्वजनिक छैन? 1/2 https://t.co/LDvwxSeLaj,645,69,20,47186,31675
1.65E+18,RSP,SumanaShrestha,Sumana,4/12/2023,14:13:18,सङ्घीय मामिला तथा सामान्य प्रशासन मन्‍त्रालयका मन्त्रीलाई आज निजामति सेवा बारे मेरा ८ प्रश्नहरूः https://t.co/DqARulmjjR,645,80,43,105060,31675
1.69E+18,RSP,SumanaShrestha,Sumana,8/4/2023,9:08:23,"हामीसँग दशकौँ वर्ष पुराना कानुन कुन कुन छन् ? समय सान्दर्भिक नरहेका परिवर्तन गर्नुपर्ने कानुन कतिवटा छ ? सरकारसँग सूची माग्दा पनि थाहा छैन ।

यो बृहत् अध्ययन गर्न हामीलाई जुन स्रोत र जनशक्ति चाहिन्छ, त्यो पनि छैन । क्रमशः पार्टी बृहत हुँदै जाँदा सुधारका सबै पाटोलाई समेट्नेछौँ । https://t.co/7PiKlTyW8O",644,72,31,26956,31675
1.66E+18,RSP,SumanaShrestha,Sumana,5/15/2023,14:03:57,"सरकारका प्राथमिकता के हुन्?  

नैतिक प्रहरी बन्ने की संसदीय समितिहरूको बैठक तय गर्ने? भ्रष्टाचार काण्डको यो निर्णायक समयमा यो विचलित गर्ने रणनीति किन प्रयोग गरिएको छ? 

समय निकै भएकैले होला टिसर्ट र जिन्समा अड्किनु भएको।   

#Nepal #RSP #ghanti https://t.co/SzCPWWc84w",637,119,116,118840,31675
1.63E+18,RSP,SumanaShrestha,Sumana,2/15/2023,12:13:20,सन्दिप लामिछानेको मुद्दा -त्यो कहिलेसम्म छिनोफानो गर्छौँ? न्यायमा ढिला सुस्तीका कारण पीडितकाे सुरक्षा र मनाेसामाजिक अवस्था झनै कमजोर भईरहेको छ। यतिका समय लाग्ने हो भने आरोपितको नाम किन सार्वजनिक गरियो? एउटा बलात्कार आरोपितलाई राष्ट्रको प्रतिनिधि बनाउन हाम्रो नैतिकताले कसरी दियो? https://t.co/0PkXNnt7ev,639,85,56,65424,31675
1.75E+18,RSP,SumanaShrestha,Sumana,1/24/2024,13:01:48,"हामीले नेपाल मेडिकल काउन्सिलमा तीन महत्त्वपूर्ण प्रश्नहरु सोधेका छौंः
१) लिङ्गभेदी भ्रुण हत्या बारे 
२) अस्पतालहरूमा बिरामीको मृत्यु पश्चात कारण खोज्ने बारे प्रकृया बारे
३) बिरामी पक्ष र स्वास्थ्यसंस्थाबीच विवाद हुँदा कथित लापरवाही(malpractice) हो/होइन भनेर निर्क्यौल गर्ने बारे https://t.co/76rUiIOmvC",634,147,105,233902,31675
1.70E+18,RSP,SumanaShrestha,Sumana,9/10/2023,9:20:52,"आत्महत्या न समाधान हो, न बहादुरी हो,  न त कायरता नै हो ।  

आत्माहत्याको विचार आएमा Suicide  Prevention  hotline ११६६ मा फोन गर्नुहोस् अथवा आफ्नु नजिकको साथी, परिवारलाई थाहा दिनुहोस । https://t.co/On4J4ItzsX",628,107,29,23517,31675
1.76E+18,RSP,SumanaShrestha,Sumana,2/12/2024,15:15:20,अब बल्ल सांसदहरुले बौद्धिक चोरीका बारे गम्भीर रुपमा लिन थाल्नुभएको छ। 'उपकुलपति'को पद रिक्त हुनु अगावै देखि नै पदपूर्तिका लागि प्रक्रिया अगाडि बढाउनुपर्छ भनेर बारम्बार भनिरहदा पनि सुनुवाई भएन। सर्टलिस्ट भएका उम्मेद्द्वार कोही बौद्धिक चोरीका आरोपित छन् त कोही भ्रष्टाचारका छनबिनमा… https://t.co/MOUemeFpjX,626,115,29,69622,31675
1.76E+18,RSP,SumanaShrestha,Sumana,2/28/2024,19:08:27,"यदि तपाईँले नेपालका सडकहरूमा यात्रा गर्नुभएको छ भने, उपडखापड सडकमा धुलाम्मे गाडी नै सब भन्दा पहिले याद आउँछ होला। यात्रा काठमाडौँमा होस् वा विराटनगरमा होस् वा बुटवलमा होस् वा कर्णालीमा होस्, गन्तव्यको छापभन्दा यात्राका अवरोधहरू हामीलाई बढी याद हुन्छन्।  यात्रामा हामीले समस्या… https://t.co/yPMaxDXbSv",625,76,36,43359,31675
1.76E+18,RSP,SumanaShrestha,Sumana,2/19/2024,19:44:50,"भाग नपाए मात्र भागबण्डाको विरोध ?  

प्रधानमन्त्री-शिक्षामन्त्री नै विश्वविद्यालयको कुलपति/सह-कुलपति हुने व्यवस्था यथावत छ! भागबण्डामा नियुक्ति हुँदै गर्दा त्रिविको १६ अर्ब बेरुजु छ - यसमा नजर पर्दैन। छनौट मापदण्डका समस्या र अस्पष्टताबारे यत्रो आवाज उठाउदा चुप बस्ने। वर्षौँदेखि…",619,97,34,91774,31675
1.64E+18,RSP,SumanaShrestha,Sumana,4/2/2023,15:21:01,"हामी बाँधिन्छौ भनेर हामी डराउन मिल्छ? आफूलाई मात्रै सजिलो हुने गरी नियम बनाउनु कत्तिको उचित हुन्छ? 

आजको सदनमा मेरो वक्तव्य (1) https://t.co/jlIDDluwc0",605,94,13,65371,31675
1.76E+18,RSP,SumanaShrestha,Sumana,2/9/2024,10:11:40,"त्रिवि उपकुलपतिमा भागबन्डा नगर्ने, स्वच्छ छविको योग्य व्यक्ति नियुक्ति गर्ने प्रतिबद्धता देशको सर्वोच्च पद भनिनेहरूमा आसिनहरूबाट सुनियो । ठूला, साना, युवा, झन् युवा सबै नेतागणबाट पनि यस्तै आदर्शको भाषण सुनियो । अनि आज सर्टलिस्ट भएकाहरूको नाम देख्छु - वाह !!! अझ निमित्तले नियुक्ति…",610,139,34,55683,31675
1.63E+18,RSP,SumanaShrestha,Sumana,2/28/2023,10:28:30,हामी सबैका लागि काम गर्दै छौँ। हाम्रो काम गर्ने तरिका बारे यहाँलाई जानकारी - 1/2 https://t.co/koGfyR42CP,605,48,27,49773,31675
1.75E+18,RSP,SumanaShrestha,Sumana,2/3/2024,5:20:49,"एक वर्ष लाग्यो, तर हामी सफल भएका छौं- संसदीय क्यालेन्डर अन्ततः यहाँ छ। यो यथास्थिति विरुद्ध हाम्रो जीत हो l तर यसलाई कार्यान्वयन गर्न प्रतिबद्धता चाहिन्छ - प्रयास गरौं ।",605,84,18,28783,31675
1.64E+18,RSP,SumanaShrestha,Sumana,3/23/2023,10:16:58,"बाल मन्दिर जग्गा छानबिनको प्रतिवेदन माग गर्दै बुझाएको पत्रको जवाफ नआएकाले ताकेता पत्र बुझाउन जाँदा, हामीले हिजो मात्र यो पत्र प्राप्त गर्यौँ। 
प्रतिवेदन प्राप्त भएको स्वकारोक्ति, तर वर्षौ अघि प्राप्त भएको प्रतिवेदनमा पनि अझै छलफलनै भइरहेको टालटुले जवाफ।निरन्तर फलो अप गरिरहने छौं। https://t.co/sYqQx4vpEV",594,115,40,85109,31675
1.64E+18,RSP,SumanaShrestha,Sumana,4/5/2023,12:20:55,"कसरी चल्दै छ देशः हाम्रै करबाट तिरेको पैसाले चल्ने बाल मन्दिर र सामुदायिक विध्यालयहरु, पहिले त्यसको बोर्ड कब्जा गर्ने, शैक्षिक स्तर घटाउने अनि बच्चाहरूलाई प्राईभेट स्कुल जुन त्यही बोर्डको मान्छेको हुन्छ, त्यहाँ पढ्न जान बाध्य बनाउने अनि विध्यालयको जग्गा कौडीको भाउमा भाडामा दिने। https://t.co/10TnL8WDsV",588,99,12,33359,31675
1.77E+18,RSP,SumanaShrestha,Sumana,3/28/2024,19:49:09,नियमित जस्तो भइरहेका यस्ता घटनाहरूबारेमा हामी जानकार छौँ । यसबाट परिक्षार्थीहरूमा पर्ने मानसिक तनाव तथा विश्वविद्यालयमाथि उठ्ने प्रश्न र शंकाप्रति सबै सजग र संवेदनशील हुनै पर्छ । उत्तरपुस्तिका हराएका परिक्षार्थीहरूको पुन: परिक्षाबाट मात्र यस्ता समस्या समाधान हुने होइनन् । यस्ता… https://t.co/OWuVC4Wkyz,596,57,102,68459,31675
1.66E+18,RSP,SumanaShrestha,Sumana,5/10/2023,20:22:23,"यसलाई गम्भिरतापुर्वक यसकारण लिइयोस् कि यो खारेज हुनु पर्छ । सांसदको काम भनेको विकास कोष लिएर आफुलाई चुनावमा सहयोग गर्नेहरुलाई छानी छानी बजेट दिने होइन कि विकासको मोडल र नीति बनाउने चै हो । 
(१/२) https://t.co/CFJA5N50wE",580,82,22,49085,31675
1.74E+18,RSP,SumanaShrestha,Sumana,1/4/2024,6:35:56,अझै पनि किन प्रधानमन्त्री नै कुलपति भए कसरी उच्च शिक्षामा भावी राजनीतिकरणको समाधान हुन्छ? राजनीतिक छवि हटाई शिक्षा सुधारमा प्राज्ञिक व्यक्तिहरुको उपस्थिती सुनिश्चित गर्न मैले यस्ता संसोधन प्रस्ताव गरेकी छु https://t.co/xJfl2tctri,589,94,32,26832,31675
1.67E+18,RSP,SumanaShrestha,Sumana,6/5/2023,15:03:16,"नागरिकता जस्तो महत्वपूर्ण र पेचिलो विषय जसमा जनता विभाजित छन्, वर्षौँ देखि ध्रुवीकरण्को बिन्दु बन्दै आएको मुद्दामा दुई घण्टामा निर्णय गरेर भारत जान प्रधानमन्त्रीलाई कसरी मिल्यो? त्यस्तो कठिन घडी सिर्जना गरेर अभिभावकको पद वाहन गर्ने व्यक्तिले आफ्नो जिम्मेवारी बाट भाग्नु सरह भएन र? https://t.co/Hwn68HLejg",583,62,44,71151,31675
1.73E+18,RSP,SumanaShrestha,Sumana,12/2/2023,15:17:06,"प्रधानमन्त्री ज्यू - यो त हुँदै भएन । भूकम्प प्रभावित जिल्लामा गर्नु पर्ने काम यो हो  - सरकारले निजी क्षेत्रसँग एकमुष्ठ खरीद गरेर, सेनालाई खटाएर १५ दिन मै अस्थायी आवास बनाउने। सरकारले जहिले पनि पैसा दिए पछि आफ्नो कर्तव्य सक्यो भनेर सोच्छ, पैसामा न्याय देख्नु भएन।(1/n) https://t.co/X5eHV67zD8",580,69,29,39744,31675
1.68E+18,RSP,SumanaShrestha,Sumana,7/10/2023,17:01:51,"१०३ वर्ष अघि आजको दिन 'सती प्रथा'लाई अन्त्य गर्न एकदमै नै मुख्य भुमिका खेल्नु भएकी 'योगमाया'को नाम किन जनजिब्रोमा छैन? १९०६ मा “नारी समिति”-पहिलो महिला समुहको स्थापना, तत्कालिन प्रम चन्द्र शमशेरलाई २४-बुँदे माग राख्दै पत्र बुझाइ सती प्रथाको उन्मुलन गर्नुपर्ने माग उनले गरेकी थिइन् https://t.co/pJ0K8X0Mvp",577,66,80,33070,31675
1.63E+18,RSP,SumanaShrestha,Sumana,3/2/2023,9:56:58,"हामीले भौतिक पूर्वाधार तथा यातायात मन्त्रालयमा नेपाल सरकारले खरिद गरेका यातायातका साधनसम्बन्धी साधनको प्रकार, खरिद मिति, खरिद मूल्य, कुन विभाग, कार्यालय वा निकायका लागि खरिद गरिएको भन्ने सम्पूर्ण विवरण माग गरी पत्र बुझाएका छौंँ । https://t.co/zrcWqFC8VJ",575,56,58,42007,31675
1.77E+18,RSP,SwarnimWagle,Swarnim Waglé,4/1/2024,10:11:29,"Great job, Minister Aryal @dolprasadaryal!",303,30,18,19435,75972
1.76E+18,RSP,SwarnimWagle,Swarnim Waglé,2/12/2024,18:00:00,"**On political-economic malaise**
Governance has become hostage to a venal coalition that is inept and idle. RSP's currency relies on young demography, smart digitalization, and broad diaspora.
https://t.co/KEPvwCiseT",199,31,7,12105,75972
1.75E+18,RSP,SwarnimWagle,Swarnim Waglé,2/5/2024,9:18:11,"**२१-२१-२१**
हिजो माघ २१ गते २१ रास्वपा सांसदले २१ अलपत्र आयोजनाबारे दबाव अभियान शुरु गरेका छन्। प्रारम्भ मेलम्ची खानेपानीबाट। ऋण लिएर गरिएको लुट, सरकारी अक्षमता, दाताको असावधानी, जलवायु परिवर्तनको असर र स्थानीय जनजीविकाको संकटको विरुप विम्व बन्न पुगेको छ मेलम्ची दुर्घटना। ठुला… https://t.co/fDM98vSbHT",408,57,8,30284,75972
1.75E+18,RSP,SwarnimWagle,Swarnim Waglé,1/18/2024,10:36:13,"**बजेट प्रक्रिया: सिक्वेन्स बदल्ने कुरा**
सरकारको यो कदम स्वागतयोग्य छ। यसै वर्ष बैशाख २५ र जेठ ९ गते संसदमा हामीले सुधारको आवाज उठाएका पनि थियौं। @party_swatantra @hamrorabi https://t.co/g9IlDYqfc7",225,26,12,54432,75972
1.73E+18,RSP,SwarnimWagle,Swarnim Waglé,12/10/2023,21:58:29,"**नेपालका वन**
स्रोत: @researchremora https://t.co/3qyXRArOC4",496,43,39,38886,75972
1.73E+18,RSP,SwarnimWagle,Swarnim Waglé,12/7/2023,7:47:55,"**एनसेल प्रकरण**
राष्ट्रिय स्वतन्त्र पार्टीको प्रयत्न अहिले संसदीय मोर्चामा छ। अर्थ समितिमा सांसद @Himalayabiraj र म; संचार समितिमा @SumanaShrestha; सार्वजनिक लेखामा @manishjhanepal र @mpharidhakal अनि उद्योग समितिमा @gparajuli ले एनसेलको बिक्रीबाट उजागर भएका आर्थिक कुशासन र… https://t.co/CRricT0AwB",673,111,29,51593,75972
1.72E+18,RSP,SwarnimWagle,Swarnim Waglé,11/8/2023,21:46:03,"Great to meet acclaimed author @gurcharandas in Kathmandu today. Looking forward to reading his memoir, ""Another Sort of Freedom."" https://t.co/7PDRJIwvEa",319,8,6,19583,75972
1.70E+18,RSP,SwarnimWagle,Swarnim Waglé,9/18/2023,21:42:35,"**छिम्केश्वरी डायरी**
९-दिने जिल्ला दौडाहाका क्रममा आज मनकामना देवीकी दिदी तनहुँको छिम्केश्वरी माताको दर्शन गरियो। महाभारत पर्वत शृंखलाको उच्चतम स्थान मध्येको एक (२१३४ मिटर) पुग्दा आँबुखैरेनी र बन्दीपुर गाउँपालिकाका धेरै वडाहरुमा जनतासँग रमाइलो भेटघाट गरें। भोलि बन्दीपुरका बाँकी… https://t.co/LXP3QMPQOK",228,16,14,19938,75972
1.78E+18,RSP,ToshimaKarkiDr,Dr.Toshima Karki,4/11/2024,17:14:13,"विगत डेढ दशक देखिको हाम्रो आन्दोलन, अभियान र डा गोबिन्द केसीको सत्याग्रह मिथ्या थिएन। समग्र स्वास्थ्य क्षेत्र र चिकित्सा शिक्षा सुदृढिकरणको लागि हाम्रो संघर्ष थियो,छ, रहनेछ। यो वर्षौँ देखि लुकाईएको प्रतिवेदन सार्वजनिक हुँदै गर्दा अब धेरै कुरा पर्दाफाश हुँदैछ... स्वर्गीय डा.…",305,43,24,27499,43120
1.78E+18,RSP,ToshimaKarkiDr,Dr.Toshima Karki,4/4/2024,6:19:14,शुल्क निर्धारण अत्यावश्यक छ । #HealthforAll #FixHealthServiceRate https://t.co/aPhU1fnSKc,730,79,50,26361,43120
1.77E+18,RSP,ToshimaKarkiDr,Dr.Toshima Karki,3/27/2024,17:43:04,"मैले बुझेको सुशासनमा अनुगमन, नियमन, नियन्त्रण, कार्यनयन र निरन्तर्ता हुनुपर्छ।नख्खु कोरिडरको काम २ प्याकेजमा गर्ने भनिएको थियो पहिलो प्याकेज २०७७मा सकिनुपर्ने हाल सम्म काम अलमलिएको छ। यसपटक पनि बजेट छुट्याईएको तर काम केहि नभएकोले प्रतक्ष स्थलगत भ्रमण गरी वस्तुस्थिती बुझेका… https://t.co/EZJbPeJxzW",228,19,15,12531,43120
1.77E+18,RSP,ToshimaKarkiDr,Dr.Toshima Karki,3/20/2024,16:04:56,हामी यस्तो देशमा छौँ जहाँ सहभागिता र समावेशीता लेख्नको लागी मात्र लेखिन्छन् ।तस्वीर : प्रतिनीधी सभा नियमवाली संसदिय समिती सम्बन्धि व्यवस्था https://t.co/QOmtdB9wlT,153,22,5,5909,43120
1.77E+18,RSP,ToshimaKarkiDr,Dr.Toshima Karki,3/20/2024,13:13:37,"संसदमा बोल्नुपर्ने कुरा के हो ? सहकारी र सुनमात्र हो ? एकअर्कामाथि छेडखानी मात्र? काठमाण्डौमा नै बीर, पाटन, कान्ति, टिचिङ लगायत अस्पतालमा आइसियु पाइएन भन्दै आम नागरीकहरुको रोदन छ।बिरामीहरूले ज्यान गुमाउनु परेको छ। परिवारमा पर्ने दुख भनिनसक्नु छ तर केहि अस्पतालका आईसीयु खाली बसेका… https://t.co/077Q8AR3VW",527,79,49,44086,43120
1.77E+18,RSP,ToshimaKarkiDr,Dr.Toshima Karki,3/18/2024,19:54:59,"सडकहरु वर्षौँ सम्म ठेक्का नलाग्ने, लागे पनि काम नहुने, बजेट फ्रिज हुने जस्तो अकर्मण्यताको शिकार भई नागरिकहरुले शास्ती पाउनुपर्ने अवस्था रोकिनुपर्छ। केहि अलपत्र सडकहरुमा सरकारको विशेष ध्यानकार्षण गराएको छु। संसदमा आज। https://t.co/VsizCB1YlH",249,22,17,7214,43120
1.77E+18,RSP,ToshimaKarkiDr,Dr.Toshima Karki,3/15/2024,8:24:02,"ढुङ्गा खानी तथा क्रसर उधोग नियमन गर्न जरुरीछ।साथै प्राकृतिक स्रोतको पुनर्सथापनामा पनि ध्यान दिन आवश्यक छ । 
संसदमा १/१२/२०८० https://t.co/bbC6kWWrTV",230,10,5,6833,43120
1.77E+18,RSP,ToshimaKarkiDr,Dr.Toshima Karki,3/13/2024,22:05:02,"हामीले सदनमा प्रधानमन्त्रीलाई प्रतक्ष रुपमा के प्रश्न सोध्नुपर्ला यदि तपाई भए के सोध्नुहुन्थ्यो ? भोलि बिहिबार बेलुका ५ बजेसम्म यो गुगल फारममा सुझाब लेखि पठाईदिनुहोला

https://t.co/AgONGvZlwC",283,22,97,35023,43120
1.77E+18,RSP,ToshimaKarkiDr,Dr.Toshima Karki,3/12/2024,23:05:23,"हिजो मिटर ब्याजी पिडितसँग आज स्वर्गीय आरती शाहको परिवारसँग माग सम्बोधन, अनुसन्धान, कारवाही र न्यायको लागि सहमति भएकोमा गृहमन्त्रीज्युलाई धन्यवाद। केहि दिन अघि मिटर ब्याजी पिडित र आरति शाह परिवारलाई भृकुटीमण्डपमा भेट्दा उनिहरुको रोदन, पिडा र घाउ असह्य थियो। मलम पट्टी सहित चाँडै… https://t.co/AfddHRm16U",471,37,29,26323,43120
1.76E+18,RSP,ToshimaKarkiDr,Dr.Toshima Karki,2/25/2024,19:16:38,"बीर अस्पतालमा ICU मा बेडहरु र भेन्टिलेटरहरु भएतापनि प्रयोग नगरिएको र बिरामीलाई मर्का परेको, बेड छैन भनि बिरामी फर्काउने गरिएको गुनासो अत्याधिक आएपछि हामी, म तोसिमा कार्की र माननीय हरी ढकाल वस्तुस्थिती बुझ्न गयौँ।

मेडिकल ICU ८ बेडमा ६ मात्र प्रयोगमा।
सर्जिकल ICU १८ बेडमा ८ मात्र… https://t.co/2s8ilz4dvx",450,60,29,49751,43120
1.76E+18,RSP,ToshimaKarkiDr,Dr.Toshima Karki,2/25/2024,11:50:03,किसानहरु हतोत्साहित भई देशमा उत्पादित हजारौ हजारौँ लिटर दूध सडकमा पोख्नुपर्ने अवस्था आउनु तर दुग्धजन्य पदार्थहरु धमाधम आयातित हुन नरोकिनुले सरकारको अकर्मण्यता पुष्टी गर्छ।डेरी उधोगीहरुले ५-७ महिनादेखि भक्तानी नपाएको ६ अरब यथासिघ्र भुक्तानी गरियोस्।अनियमित आयातलाई बन्द गराई…,132,12,9,7390,43120
1.76E+18,RSP,ToshimaKarkiDr,Dr.Toshima Karki,2/22/2024,22:29:53,लुगा र जुत्ता बेचेजस्तो मोलमोलाई र व्यापार हुनुहुँदैन स्वास्थ्यसेवा। शुल्क निर्धारण आवश्यक छ। आज यो गम्भिर विषय संसदमा उठाएको छु #FixHealthServiceRate #HealthForAll https://t.co/0aveeNr4ui,313,43,22,10491,43120
1.76E+18,RSP,ToshimaKarkiDr,Dr.Toshima Karki,2/18/2024,19:19:15,"जनताकै जग्गा, जनताकै करमा मन्त्रीहरुका लागी आलिशान निवास बनाईने, जनताको लागी दैनिक आवत जावतको बाटोसम्म नदिने ? अविलम्भ निवासको पश्चीम तर्फ पनि ११ मिटर बाटो बनाईयोस्।  #Lalitpur #MantriQuarter #Bhaisepati https://t.co/ZzK2PGih0k",205,24,10,7575,43120
1.76E+18,RSP,ToshimaKarkiDr,Dr.Toshima Karki,2/18/2024,18:38:21,"आज प्रतिनिधिसभामा बैंकिङ कसुर तथा सजाय (दोस्रो संशोधन)विधेयक, २०८० माथि भएको छलफलमा आफ्नो धारणा व्यक्त गर्दै #drtosimakarki #BankingKasur https://t.co/dCbRKUe3bk",129,15,5,4461,43120
1.76E+18,RSP,ToshimaKarkiDr,Dr.Toshima Karki,2/18/2024,11:46:35,"जनताको जग्गा करबाट मन्त्रीलाई आलिशान निवास, जनतालाई सडक पनि नदिनु निरङ्कुष्ता हो। #Parliament https://t.co/8EslXOY0wq",122,15,4,3881,43120
1.76E+18,RSP,ToshimaKarkiDr,Dr.Toshima Karki,2/11/2024,17:04:23,"विश्वविधालयहरुमा उपकुलपति नियुक्तिमा हुने गरेका अनैतिक कृयाकलाप र यसबारे यहाँहरुको धारणा र सुझाब के छ ?
त्रि वि  ? धरान घोपा BPKIHS ? अन्य ... 
-Email पनि गर्न सक्नुहुनेछ drtoshimacontactoffice@gmail.com",92,8,10,5894,43120
1.76E+18,RSP,ToshimaKarkiDr,Dr.Toshima Karki,2/8/2024,15:20:35,नेपालमा स्विमिङ पुलमा र सोको परिसर वरपर जडान गरिने विधुतिय सामाग्रीहरु सम्बन्धि स्पष्ट मापदण्ड नभएकै हो त ? राष्ट्रीय अन्तराष्ट्रीय प्रावधान के छन् ? र के हुनुपर्छ। यस सम्बन्धि नियमन खोई? होटलका स्विमिङ पुलमा करेन्ट लागेर घाईते या मृत्यु भएमा यसको जिम्मेवारी को हुन्छ ?…,128,18,9,11305,43120
1.76E+18,RSP,ToshimaKarkiDr,Dr.Toshima Karki,2/8/2024,6:15:56,"पूरा अन्तर्वार्ताको लागी लिङ्क 
https://t.co/vRka90czry https://t.co/ShHTrll1W7",194,23,13,17879,43120
1.76E+18,RSP,ToshimaKarkiDr,Dr.Toshima Karki,2/7/2024,15:11:07,तत्काल समाधान हुनुपर्ने विषय। सम्बन्धित निकाय मार्फत सम्बोधन गर्ने गराउने पहल गर्नेछु,53,11,2,5518,43120
1.75E+18,RSP,ToshimaKarkiDr,Dr.Toshima Karki,2/6/2024,6:19:18,एक ताका दक्षिण एसियाकै उत्कृष्ट मानिएको घोपा क्याम्प BPKIHS दिनानुदिन धराशायी बनाईनु भनेको आम नागरिकको स्वास्थ्य माथीको खेलबाड हो।यथासिघ्र दिगो समाधानको लागी समिती र कुलपति समक्ष राखको छु।#BPKIHS https://t.co/Id9dxzhwsX,141,24,3,6068,43120
1.75E+18,RSP,ToshimaKarkiDr,Dr.Toshima Karki,1/30/2024,6:43:16,"देशमा मापदण्ड पुगेका १०० शैया अस्पताल प्रसस्तै छन् तिनमा नर्सिङ पढाउन थालौँ न, हजारौँले पढ्न पाउँनेछन्।मापदण्ड मिच्नै पर्दैन। 

तर देशमा अहिले नर्सिङ पढ्न नपाउने भन्दा ठूलो समस्या अथाह श्रम-स्रोत-समयको लगानी पछि नर्स बनेकाहरुको व्यवस्थापन नहुनु हो।अझ म त भन्छु व्यवस्थापन नगरीनु…",215,22,13,16939,43120
1.75E+18,RSP,ToshimaKarkiDr,Dr.Toshima Karki,1/29/2024,11:50:57,फरक मत राखेको छु । अवैधानिक निर्णयमा समेत वैधानिक तरिकाले असहमति पेश गरेको छु। शिक्षा स्वास्थ्य संसदिय समितीमा https://t.co/msjCMULOcd,155,16,3,5626,43120
1.75E+18,RSP,ToshimaKarkiDr,Dr.Toshima Karki,1/19/2024,21:58:33,CTEVT र MEC मा PCL नर्सीङको विवादको विषयलाई लिएर शिक्षा स्वास्थ्य संसदिय समिती बाट शिक्षान्त्रालयलाई मिती २०८०/१०/०२ मा पत्र न ९१ चलानी न ८०/८१ मार्फत गएको निर्देशन अवैधानिक र प्रतिनिधी सभा नियमावली र शिक्षा स्वास्थ्य संसदिय कार्यविधी विपरीत छ। यो निर्देशन कार्यनयन नगर्न/ नगराउन… https://t.co/yZBZsQuoLA,67,11,86,4851,43120
1.75E+18,RSP,ToshimaKarkiDr,Dr.Toshima Karki,1/15/2024,11:35:59,"विधमान विधार्थी सङ्गठनहरु पनि शिक्षा विधेयकको छलफलमा महत्वपूर्ण सरोकारवाल हुन् भनेर हामीले संसदिय समितीमा उहाँहरुको कुरा सुन्न बोलाएका थियौँ। विधालय शिक्षा विधेयक सम्बन्धि उहाँहरुले राख्नुभएको अधिकांश विषयहरु प्रतक्ष सुनिरहँदा लाग्दै थियो -- सत्ता पक्ष होस् वा प्रतिपक्ष, विधार्थी…",149,13,7,13122,43120
1.75E+18,RSP,ToshimaKarkiDr,Dr.Toshima Karki,1/13/2024,13:33:15,तत्कालिन समस्या समाधान सँगै दिर्घकालिन कार्यविधि निर्माणको पहल धन्यवाद सहित सबैमा #drtoshimakarki https://t.co/sheHgE97al,115,5,1,4671,43120
1.75E+18,RSP,ToshimaKarkiDr,Dr.Toshima Karki,1/13/2024,11:58:12,संसदिय समितीमा अबको विधालय पाठ्यक्रम कस्तो हुनुपर्छ भन्नेमा #DrToshimaKarki https://t.co/FkoOsNdBvG,463,32,29,26677,43120
1.75E+18,RSP,ToshimaKarkiDr,Dr.Toshima Karki,1/11/2024,6:41:06,https://t.co/MERCFBTI3D,14,2,0,1182,43120
1.75E+18,RSP,ToshimaKarkiDr,Dr.Toshima Karki,1/10/2024,18:21:34,"केहि दिन देखि संसदिय समितीमा हामीले उठाईरहेको विषय : भ्रष्टाचारी जो कोहीलाई पनि पदमा राखिनु हुन्न जनतामाथी अन्याय हुन्छ 
detail : https://t.co/lcajM6UkLH https://t.co/CC3hz6Cltt",211,22,17,11137,43120
1.74E+18,RSP,ToshimaKarkiDr,Dr.Toshima Karki,1/10/2024,12:55:31,"देशमा समस्या त धेरै छन् तर समस्याहरुको जड चाहिँ ""बेरोजगारी""
यि समस्या समाधान गर्न सल्लाह स्रोत  समय उपाय साथ हामीसँग जोडिन चाहनुहुन्छ भने ईमेल गर्नुहोला DrToshimaContactoffice@gmail.com (9843267960)",132,17,16,9710,43120
1.74E+18,RSP,ToshimaKarkiDr,Dr.Toshima Karki,1/7/2024,6:43:40,Health Policy RoundTable नितीगत छलफल श्रृङ्खला सुरू https://t.co/OdY9qxjA3q,318,20,11,12215,43120
1.74E+18,RSP,ToshimaKarkiDr,Dr.Toshima Karki,1/6/2024,18:20:52,"शान्तिपूर्ण विरोध गर्दा तिमी चाहिँ जनतालई गोलि ठोकिरहने अनि लोकतन्त्रको पक्षधर तिमी हौँ भनि हामीले पत्याईदिनुपर्ने ? 
-बालकुमारी २ युवा पछि
-बरथवा १ युवा फेरी ? अब अझै कति ? 
कैलेसम्म ?? तिमीले सजाय भोग्नु नपर्ने ??",495,77,50,21244,43120
1.74E+18,RSP,ToshimaKarkiDr,Dr.Toshima Karki,1/6/2024,8:30:33,"नीति निर्माणका ५ ""अ""
अध्ययन
अनुसन्धान
आवश्यक्ता पहिचान
अवसर श्रृजना
अवस्था परिवर्तन 
यि ५ ""अ""लाई नअपनाई ल्याईने ऐन कानुन नीतिले न तात्विक उपलब्धि दिन सक्छ न समाज रुपान्तरण नै गर्न सक्छ ।",227,41,20,10087,43120
1.74E+18,RSP,ToshimaKarkiDr,Dr.Toshima Karki,1/5/2024,6:17:27,KMC मेडिकल कलेजले युनिभर्सिटी र आयोगलाई समेत अवज्ञा गर्दै चिकित्सक विधार्थीमाथी ज्यादती गरिरहेकोमा संसदयि समितीको ध्यानाकर्षण https://t.co/npbEhLNmB7,418,35,11,16240,43120
1.74E+18,RSP,ToshimaKarkiDr,Dr.Toshima Karki,1/2/2024,7:02:32,"प्रधानमन्त्रीज्यु, १७०००+२ भयो त, अझै कति ??? 
आशय के थियो र हो ? 
-------------------------------
संघिय गणतन्त्रात्मक लोकतन्त्र स्थापित गर्ने संघर्षमा १७००० निर्दोष नेपाली सपुतहरुको बलिदान भयो, कतिले आफ्नो परिवार, छोरा छोरी, कतिले आफ्नो हात गोडा कतिले आफनो भविष्य गुमाए ति सबैको…",514,57,112,50096,43120
1.71E+18,RSP,ToshimaKarkiDr,Dr.Toshima Karki,9/25/2023,9:08:44,अझ पनि छुवाछुत र जातीय भेदभाव छ| यो अन्त्य हुनैपर्छ| र यो समुदाय माथी उठ्नुपर्छ| उठाउनैपर्छ| https://t.co/SGtYNzcFxs,633,49,78,51951,43120
1.70E+18,RSP,ToshimaKarkiDr,Dr.Toshima Karki,9/14/2023,14:12:38,"विधालय शिक्षा सम्बन्धि कानुनलाइ संसोधन गर्न बनेको विधेयक 
डाउनलोड गर्न/ पढ्नको लागि 
https://t.co/h606s7cgLv

सरोकारवाल मार्फत हामीलाई सल्लाह सुझाब दिनका लागि, 
गुगल फारमको लिङ्क 
https://t.co/x2M4lUW1FH

#EducationBill #BidhekManthan https://t.co/Tt5qSq1BP6",329,29,26,15662,43120
1.70E+18,RSP,ToshimaKarkiDr,Dr.Toshima Karki,9/14/2023,14:10:20,"विशेष ध्यानाकर्षण : Stop Violence Against Health Professionals !!
काँपेका हातहरुले उपचार गर्न सक्दैनन्| डराएका हातहरुले सेवा दिन सक्दैनन्| 
अस्पतालहरु शान्तिक्षेत्र हुनुपर्छ| यसरी डाक्टरहरुमाथी, नर्सहरु माथी, स्वास्थ्य कर्मीमाथी हातपात गर्ने, कुट्ने मार्ने धम्की दिने, सांघेतिक… https://t.co/zkFM2L3P63",379,56,61,45609,43120
1.70E+18,RSP,ToshimaKarkiDr,Dr.Toshima Karki,8/30/2023,22:14:05,चौका-छक्का हान्ने बानी हुने गरी फराकीलो स्टेडियममा क्रिकेट सिक्ने वातावरण देशले दिन सकेको छैन| यद्दपि विश्वको नम्बर १ सँग उत्कृष्ट खेल खेलेको देख्दा हाम्रा खेलाडीहरु प्रति निकै गौरव लागेको छ| अब भने राज्यले विना कन्जुस्याँई टिम नेपाल र समग्र क्रिकेट खेलमा पर्याप्त लगानी गर्ने…,765,35,70,47970,43120
1.69E+18,RSP,ToshimaKarkiDr,Dr.Toshima Karki,8/14/2023,10:15:33,तस्वीर बोलिराछ| सुन्नुपर्नेले सुनुन्| यथासिघ्र ! #EducationBill https://t.co/KTKUXQaBpQ,139,16,10,7794,43120
1.69E+18,RSP,ToshimaKarkiDr,Dr.Toshima Karki,8/12/2023,21:51:20,#kaifu #thePositivity https://t.co/lqa3Vw3NtF,596,36,49,34843,43120
1.69E+18,RSP,ToshimaKarkiDr,Dr.Toshima Karki,8/8/2023,17:31:21,"सरकार छानविन गरे जसो गर्छ, कछुवा गतिमा|
शिर्षहरु काण्ड थप्छन्, खरायो गतिमा ! 

फाईल खोल्दा खोलदै सरकार टक्क अडिन्छ  : ""चुप चुप सुन्लान्! यसमा त हाम्रै पर्ने रैछ, भो भो यसलाई यतिमै रोकौँ| खै अब अर्को फाईल ल्याउ त !""

रा स्व पा : आयो आयो अर्को काण्ड आयो, यिनले सुन कता लुकायो ?""

३…",648,60,49,50524,43120
1.69E+18,RSP,ToshimaKarkiDr,Dr.Toshima Karki,8/7/2023,14:55:47,"सदन चल्छ भनि बोलाउने | अनि फेरी बन्द गर्ने| 
एक दिन हैन, दुई दिन हैन | पटक पटक यस्तै| 
सदन कसको हो ? 
जनताको होईन ?
कसको लागी हो ? 
जनताको लागि होईन ?? 
हामी प्रतिपक्षले सरकारलाई प्रश्न सोध्ने हो | 
अरे बाबा, प्रश्न सोध्नलाई सदन त चल्न दिनुपर्यो नि ! 

सदन बन्द गर्नु भनेको झन्…",1146,102,129,73205,43120
1.69E+18,RSP,ToshimaKarkiDr,Dr.Toshima Karki,8/5/2023,14:21:26,"धेरै विद्वान मित्रहरुले पठाउनुभएको सुझाब, प्रश्न र गुनासोहरु सिमित समय भित्र,  त्रि वि सुधारको लागि शिक्षा स्वास्थ्य संसदिय समिति मार्फत राखेका छौँ| ईमेल गर्नुभएका सबै विद्वान मित्रहरुलाई धन्यवाद| (मिडियामा सम्प्रेषण भएका केहि झलक यहाँ सेयर गरेका छौँ) https://t.co/fW44kqqUDb",1569,175,96,73033,43120
1.69E+18,RSP,ToshimaKarkiDr,Dr.Toshima Karki,8/3/2023,8:26:18,"प्रिय विद्वान मित्रहरु, 
त्रिभुवन विश्वविधालय (TU) मा भईरहेका अनियमितता बारे, गुनासो तथा समाधानका सुझाबहरु पक्कै होलान्| साथै समग्र शैक्षिक प्रणालीको पनि| हामी यसबारे संसदिय शिक्षा स्वास्थ्य समितिमा छलफल गर्नेछौँ| कृपया drtoshimacontactoffice@gmail.com मा लेखि पठाउनुहोला|…",309,32,43,34525,43120
1.69E+18,RSP,ToshimaKarkiDr,Dr.Toshima Karki,7/31/2023,21:21:10,#शब्दजाल https://t.co/MLuh9nBio6,744,43,120,96891,43120
1.68E+18,RSP,ToshimaKarkiDr,Dr.Toshima Karki,7/19/2023,15:27:37,"पटक पटक विशवविधालयहरुमा प्रध्यापकहरु माथी धम्की, भौतिक आक्रमण, हातपात, कालो मोसो ? हामी विधार्थीहरुलाई कस्तो नैतिकताहिन, अनुशासनहिन उच्च शिक्षा दिईरहेका छौँ ? आफ्नै शिक्षक कुट्ने कस्ता नेता बनाइरहेका छौँ| कैले TU मा, कैले पुर्वान्चल, कैले कुन कुन क्याम्पसहरुमा ! हुँदा हुँदा KU…",525,44,52,49352,43120
1.68E+18,RSP,ToshimaKarkiDr,Dr.Toshima Karki,7/13/2023,10:50:07,"हिजो बोलिएका शब्दहरु तोडमोड विना जस्ताको तस्तै यस्ता थिए... 
फेरी पनि मेरा कुनै अभिव्यक्तिले या तोड मोड गरी रखिएको भिडियोले पनि कसैको मनोभावनमा ठेस पुगेको भए माफी माग्दै आदरणिय सीता दाहाल प्रति भावपूर्ण श्रद्दान्जली पुन अर्पण गर्न चाहन्छु| https://t.co/G5c0t4S5E7",2720,317,638,195487,43120
1.68E+18,RSP,ToshimaKarkiDr,Dr.Toshima Karki,7/11/2023,19:30:58,"समाजको वृहत्तर हितको लागी आज मैले पनि प्रष्ट कुरा गर्नैपर्छ| 
स्वास्थ्य मन्त्री जस्तो स्वास्थय क्षेत्रको अभीभावक हुनुपर्नेमा,
न्युन पारिश्रमिकमा दिन रात बिरामीहरुको सेवामा जिवन अर्पिएका स्वास्थ्यकर्मीले स्वास्थ्य मन्त्रालय सँग आफ्नो कार्यक्षेत्र र दरबन्दीको उचित व्यवस्थापनको… https://t.co/MoxLLPzPst",231,39,52,38320,43120
1.67E+18,RSP,ToshimaKarkiDr,Dr.Toshima Karki,6/16/2023,18:11:03,केहि मिठा फलको साथमा केहि गहकिला छलफल राजनितीका केहि दिग्गजहरु सँग... https://t.co/pDgRUv5jF8,470,15,50,40337,43120
1.66E+18,RSP,ToshimaKarkiDr,Dr.Toshima Karki,5/29/2023,21:32:06,"Rule of Law?
कानुनको शासन ??",556,23,100,56527,43120
1.66E+18,RSP,ToshimaKarkiDr,Dr.Toshima Karki,5/11/2023,13:53:17,"भ्रष्टाचार विरुद्द कुन दल बढि चर्को, को बढि खरो भन्ने होडबाजी चलेको छ| निकै राम्रो सङ्केत हो| को बढि ईमान्दार हुने भन्ने होडबाजी को सुरुवात भएको दिन ढुक्क हुनेछु मेरो देशको राजिनिती सङ्लिदैछ|",965,70,77,45992,43120
1.66E+18,RSP,ToshimaKarkiDr,Dr.Toshima Karki,5/10/2023,19:42:45,'विनियोजन विधेयक २०८०' को सिद्धान्त र प्राथमिकतामाथि टिप्पणि| सैद्दान्तिक र व्यवहारीक पाटोको फरक औँल्याउदै... https://t.co/Ao3MRaP74L,446,33,17,20958,43120
1.66E+18,RSP,ToshimaKarkiDr,Dr.Toshima Karki,5/10/2023,10:48:14,"राजनितीमा केटा केटी हुन्,पानीका फोका हु्न्, ठेट्ना हुन् भन्नेहरुलाई रास्वपाले राम्रै दृष्टान्त दिएकोछ।भ्रष्टाचारको गन्ध मात्र आउँदा पनि सङ्काको सुविधा दिएनौँ| तर यहाँ पक्राउ पुर्जी जारी गरिएकालाई प्रमख दलहरुनै जोगाउन भिडेका छन्।लहरो तान्दा पहरो जाला भन्ने डर हो? हेक्का रहोस्…",2007,188,169,107760,43120
1.65E+18,RSP,ToshimaKarkiDr,Dr.Toshima Karki,5/5/2023,21:26:45,"जनभावनाको कदर ।
जनआदेशको कदर ।
यहि हो रा स्व पा ले जानेको ।
सुसंस्कृत नयाँ राजनिती जनताले चाहको ।",905,44,120,53516,43120
1.65E+18,RSP,ToshimaKarkiDr,Dr.Toshima Karki,4/26/2023,8:05:47,मतदान बाट भएको यो भद्र क्रान्ति नै जनता जागृत भइसके भन्ने बलियो प्रमाण हो| यहाँहरुको अथाह प्रेम र साथले यो नविन आशा बोकेको पार्टिलाई थप जिम्मेवारी वोध भइरहेको छ| हार्दिक धन्यवाद तिनै क्षेत्र चितवन तनहुँ बाराका आदर्णिय जनसमुदायमा|,809,38,41,34387,43120
1.65E+18,RSP,ToshimaKarkiDr,Dr.Toshima Karki,4/26/2023,8:02:54,"सदन वास्तवमा जनताको हो| 
यसलाई जनताप्रति उत्तरदायी बनाउने पहल https://t.co/EObSwBDs5E",579,31,20,26746,43120
1.65E+18,RSP,ToshimaKarkiDr,Dr.Toshima Karki,4/15/2023,14:51:44,This aacount and these words are not mine !!! please do not get misleaded by such posts from fake accounts. I have reported this @iam7880 https://t.co/WKgNaRJl0V,361,24,44,61644,43120
1.65E+18,RSP,ToshimaKarkiDr,Dr.Toshima Karki,4/13/2023,6:09:50,देश भरी अवैधानिक भवन निर्माणहरु सबै खोजि गरियोस्| धन जनको क्षति हुनु अगावै रोकियोस्| https://t.co/NDhVp7aAM3,725,37,16,30480,43120
1.65E+18,RSP,ToshimaKarkiDr,Dr.Toshima Karki,4/10/2023,18:01:56,"Found Somewhere within Nepal ! 
अब यो देशलाई धनी भनौँ या गरीब ?? यति महँङ्गो बेच्ने अनि उपभोग गर्ने पनि यहिँ छन् !! https://t.co/HxauXgwa6r",1893,103,440,160634,43120
1.64E+18,RSP,ToshimaKarkiDr,Dr.Toshima Karki,4/8/2023,7:23:29,स्वास्थ्यमा समायोजन गरिनु गलत थियो| तत्कालै लोकसेवा दरबन्दी खुलाउनुपर्छ https://t.co/uKP1Gc6jxo,568,36,11,24703,43120
1.64E+18,RSP,ToshimaKarkiDr,Dr.Toshima Karki,4/7/2023,22:28:50,नर्सहरुमा हुने गरेको श्रम सोषण र विदेश पलायन समस्याको एक समाधान https://t.co/kLQUTafvCy,1344,73,76,140766,43120
1.64E+18,RSP,ToshimaKarkiDr,Dr.Toshima Karki,4/5/2023,20:01:16,"नख्खु भैँसिपाटी सडक| 
अघिल्लो साता, भुतपूर्व भौतिक पूर्वाधार मन्त्रीज्यु सँग प्रत्यक्ष भेटेरै यस सडक निर्माणको तिव्रताको लागि अनुरोध गरेका थियौँ| हाल मन्त्री मण्डल फेरिएपछि पनि, हामी निरन्तर फलो अप गरिरहेका छौँ| यसै सम्बन्धी थप केहि सुचना पनि माग गरेका छौ | https://t.co/Qq0aL5O2Hc",438,24,33,34518,43120
1.64E+18,RSP,ToshimaKarkiDr,Dr.Toshima Karki,4/3/2023,6:34:50,"आफ्नै बल वुँता क्षमताले, जिवनमा हासिल गर्न सकिने पेशागत दक्षताको उचाईमा पुगेका व्यक्तित्वहरु जसले अब देश सँग लिन केहि छैन, दिन मात्र बाँकी छ र त्यस्तै स्वच्छ छवि भएकाहरुसँग सहयात्रा खोजिरहनुभएको छ, उहाँहरुलाई समेट्न सक्ने ठूलो आकाश र स्वतन्त्र विचारधारा भएको अबको आशा हो राष्ट्रीय…",950,37,67,78557,43120
1.64E+18,RSP,ToshimaKarkiDr,Dr.Toshima Karki,4/1/2023,13:56:28,https://t.co/MMO4O5Tc5z https://t.co/WRfXKaVR2u,892,31,32,57338,43120
1.64E+18,RSP,ToshimaKarkiDr,Dr.Toshima Karki,3/16/2023,22:02:21,"हार्दिक बधाई टिम नेपाल, निराशाले गाँजिरहेको समाजमा खुसी र आशाको उपहार दिनुभएकोमा धेरै धेरै धन्यवाद| विश्व कपको यात्रा प्रारम्भ भएको छ| राज्यले युवा तथा खेलकुदमा पर्याप्त लगानी गर्नुपर्छ भन्ने टडकारो उदाहरण प्रस्तुत भएको छ| आगामी यात्राको लागि मनैदेखि शुभकामना छ । https://t.co/ifZjgkclHT",937,24,22,39237,43120
1.64E+18,RSP,ToshimaKarkiDr,Dr.Toshima Karki,3/16/2023,21:49:31,This is only my orginal twitter account. Please do not rely on posts of accounts other than this. I personally have not posted any offensive baseless statements directed to any person/groups/medias. Seems like trying hard to defame us through fake accounts.,568,16,25,40661,43120
1.63E+18,RSP,ToshimaKarkiDr,Dr.Toshima Karki,3/9/2023,10:58:41,भयाभह आर्थिक सङ्कटबाट देशलाई बचाउनु छ भने व्यक्तिगत स्वार्थ र कुर्सीमोह भन्दा माथी उठेर आत्मनिर्भर्ताको अभियन थाल्ने हिम्मत गर्नैपर्छ|,985,49,99,54719,43120
1.63E+18,RSP,ToshimaKarkiDr,Dr.Toshima Karki,3/2/2023,21:24:05,तपाइहरु कार्यकर्ता होइन| हाम्रो मित्र हुनुहुन्छ| https://t.co/u3nK45JgX9,1150,44,108,79992,43120
1.63E+18,RSP,ToshimaKarkiDr,Dr.Toshima Karki,2/16/2023,21:13:29,"समाधान छ ? त किन चिन्ता लिनुपर्यो ?
सामाधान छैन ? झन् किन चिन्ता लिनु पर्यो ?",848,65,57,74961,43120
1.62E+18,RSP,ToshimaKarkiDr,Dr.Toshima Karki,2/12/2023,21:10:25,https://t.co/IShLETiNok https://t.co/wZ9w7HtgRV,733,27,44,64969,43120
1.62E+18,RSP,ToshimaKarkiDr,Dr.Toshima Karki,2/3/2023,22:04:32,जनताको स्वास्थ्य सामाग्री नियमनमा कम्प्रमाईज नगर्न निर्देशन -- औषधी सेवा विभागलाई https://t.co/V1BCPQMQsr,789,33,87,72845,43120
1.61E+18,RSP,ToshimaKarkiDr,Dr.Toshima Karki,1/11/2023,7:45:44,हामीलाई खबरदारी गर्ने जनताले हो| https://t.co/OY606ds3i8,1484,58,112,105045,43120
1.61E+18,RSP,ToshimaKarkiDr,Dr.Toshima Karki,1/10/2023,9:02:15,"जनता को आशा मात्र होइन भरोसा पनि बढोस् | 
जन अपेक्षा बुझ्दै काम गर्न सके मात्र समृद्ध नेपाल को कल्पना सम्भब छ र यसमा हामी प्रतिवद्द छौँ| यो सरकारले आम नेपाली जनताको घाउमा मलम पट्टी लाउने काम गर्नेछ भन्ने विश्वास सहित,
""विश्वासको मतमा पूर्ण विश्वास """,1209,46,71,82282,43120
1.61E+18,RSP,ToshimaKarkiDr,Dr.Toshima Karki,12/20/2022,10:45:09,"आजको मेरो दर्शनको सेरोफेरो :
Will you please show me the society ? 
कृपया मलाई समाज देखाईदिनुस् न !",653,21,69,61149,43120
1.60E+18,RSP,ToshimaKarkiDr,Dr.Toshima Karki,12/19/2022,14:12:47,"दल मात्र होइन अब, ""देश"" बचाउने अभियानमा छु ।
कहाँ उभिन्छस् सोध्नुहोला, जनता जिताउने एजेण्डामा उभिन्छु ।",1417,75,81,68187,43120
1.60E+18,RSP,ToshimaKarkiDr,Dr.Toshima Karki,12/12/2022,8:48:46,अपराधीहरुलाई कारागारसम्म गएर भेट्ने तथा रिहाई गराउन कामचलाउ सरकारले रातारात जनघातक अध्यादेश ल्याउने? निर्लज्ज कुर्सी मोहको पराकाष्ठा! विधिको शासनलाई आफू अनुकुल नचाउन दिईनुहुदैन ।देशलाई दुर्घटनाबाट बचाउन नागरिक विरोध आवश्यक छ । तत्काल यो अध्यादेश सच्याईयोस्/खारेज गरियोस् !!,2429,248,147,0,43120
1.60E+18,RSP,ToshimaKarkiDr,Dr.Toshima Karki,12/11/2022,15:43:14,"लोकतन्त्रको विकल्प नै ""उन्नत लोकतन्त्र"" हो|
र हामी यसको पक्षधर अनि संरक्षक दुबै हौँ|",1024,39,76,0,43120
1.60E+18,RSP,ToshimaKarkiDr,Dr.Toshima Karki,11/30/2022,7:02:42,"गाउँ ठाउँमा रहेका सुकुम्बासीकै लागि छुट्याईएका जग्गाहरुमा सुकुम्बासीहरुलाई व्यवस्थापन गर्ने र तिनमा उद्दमशिलता र आत्मनिर्भर्ता विकास गराउने तर्फ भुमिका खेल्न सकियो भने  ""सुकुम्बासी धनी"" हाम्रो देश ""गरीब"" रहिरहन्नथ्यो की?",1559,91,92,0,43120
1.59E+18,RSP,ToshimaKarkiDr,Dr.Toshima Karki,11/20/2022,23:26:27,"रक्तदानले व्यक्ति बचाउँछ,
मतदानले देश बचाउँछ|
परिवर्तनको पक्षमा मतदान गर्नुभएको सम्पूर्णलाई सहृदय सधन्यवाद|",2820,169,138,0,43120
1.59E+18,RSP,ToshimaKarkiDr,Dr.Toshima Karki,11/14/2022,5:55:50,सवास्थ्य विमा धराशाही किन भईरहेको छ ? व्यवस्थापन भएन| भिजन भएन| दुरदर्शीता भएन| सबैका लागी अनिवार्य स्वास्थ्य विमा वैज्ञानिक र प्रभावकारी बनाई आम जनमानसमा गुणस्तरीय स्वास्थ्य सेवाको पहुँच पुर्याउने मेरो मुख्य एजेण्डा हो| मलाई साथ दिनुहोस् है| #DrToshimaLalitpur3 #Ghanti,1445,136,75,0,43120
1.59E+18,RSP,ToshimaKarkiDr,Dr.Toshima Karki,11/13/2022,19:56:37,"म कसैलाई हराउने अभियानमा होईन,
म मेरो देश र जनतालाई जिताउने अभियानमा छु|
#DrToshimaKarki #Lalitpur3 #Ghanti",2587,243,124,0,43120
1.59E+18,RSP,ToshimaKarkiDr,Dr.Toshima Karki,11/5/2022,20:07:20,"भोलि कार्तिक २० गते बिहान ७बजे ठेचाे वडा नम्बर १२ गोदावरी नगरपालिका र दिउँसो ३ः३० बजे ढोलाहिटी र सुनाकोठी वाड नम्बर २६ मा घरदैलो गर्न आउदैछौ,भेटौ है।",960,62,48,0,43120
1.59E+18,RSP,ToshimaKarkiDr,Dr.Toshima Karki,11/3/2022,21:46:53,"घोषणा पत्रमा जति नै महिला सशक्तिकरणको विगुल फुके पनि ३३ % महिलालाई अवसर पनि दिन नसक्नेहरुले चुनावको सुरुवात मै महिला सहभागिताको एजेण्डा माथी कुठारघात गरेका छन्|
प्रसंग : मुस्किलले ९% मात्र महिला उम्मेदवारी|",748,53,39,0,43120
1.59E+18,RSP,ToshimaKarkiDr,Dr.Toshima Karki,11/3/2022,6:37:54,"जब सम्म देशले आफनो उत्पादनशील वर्ग (युवा) लाइ आफनै देश भित्र अटाउन सक्दैन| तब सम्म ति आर्थिक समृद्दीका घोषणाहरु सबै मिथ्या हुन् !
#युवारोजगारी_देश_भित्रै",1806,192,94,0,43120
1.59E+18,RSP,ToshimaKarkiDr,Dr.Toshima Karki,11/1/2022,20:57:49,"परिवर्तनको पक्षमा न्याय भएकोछ
सम्पूर्ण न्यायको पक्षमावकालतगर्ने अधिवक्ताज्यूहरु
BhimarjunAcharya
SurendraBhandari
@lalitbasnet
OmPrakashAryal
@MadhuKumarChaulagain
DineshTripathi 
साथै सम्पूर्ण समर्थनगर्ने शुभचिम्तकज्यूहरु तथा मिडियाकर्मीमित्रहरुप्रति हार्दिक कृतज्ञा अर्पण गर्दछु",1276,70,87,0,43120
1.59E+18,RSP,ToshimaKarkiDr,Dr.Toshima Karki,11/1/2022,7:49:55,"शुभबिहानी|
निरन्तर साथको अनुरोध सहित| https://t.co/GYkEPhq43L",1663,100,99,0,43120
1.59E+18,RSP,ToshimaKarkiDr,Dr.Toshima Karki,10/30/2022,21:41:42,"सरकारी कोषबाट मासिक पारिश्रमीक तलब नभएको भनि पत्रमा निर्वाचन आयोग आफैँले उल्लेख गरेर पनि मेरो उम्मेदवारी खारेज गरिएको छ| फेरी पनि दोहोर्याउँछु, नेपाल मेडिकल काउन्सीलको कुनै पनि नियमित सरकारी बजेट या कोष हुने गरको छैन| यसरी उजुरिको म्याद गुज्रिसकेपछि किन यस्तो ?? https://t.co/T9PQw54eci",701,110,42,0,43120
1.59E+18,RSP,ToshimaKarkiDr,Dr.Toshima Karki,10/30/2022,21:31:16,"कानुनी उपचार खोज्न म भोलि ११ बजे सम्मानीत सर्वोच्च अदालत जाँदैछु| हजुरहरुको साथ हौसला र उपस्थितीको अपेक्षा गर्दछु| 
#drtoshimaforlalitpur3",2950,182,172,0,43120
1.58E+18,RSP,ToshimaKarkiDr,Dr.Toshima Karki,10/6/2022,16:55:04,"हामी त्यो देशमा छौँ जाहाँ जलस्रोतको दोस्रो धनी देश भनि पाठ्यक्रममा घोकाईन्छ तर घरमा तिन दिन सम्म धारामा पानी आउदैन | व्यवहारीक शिक्षाबाट हाम्रा पुस्ता सधैँ बन्चित बनाईए | यो झरीले दिएको दशैँ आशिष...
कि धारामा पानी आओस्| कि त्यो पाठ हटाईयोस् |",29,2,0,0,43120
1.67E+18,RSP,yogesbhattarai,Yogesh Bhattarai,6/19/2023,22:15:39,प्रदेशको नामप्रति असहमत आन्दोलरत पक्ष र कोशी प्रदेश सरकारका बिचमा वार्ता प्रारम्भ भएको छ । लोकतन्त्रमा हर समस्याको समाधान वार्ता र संवादबाट नै खोज्न सकिन्छ । निष्कर्ष सकारात्मक हुनेछ भन्नेमा आशाबादी रहौ ।,63,7,7,4223,472236
1.67E+18,RSP,yogesbhattarai,Yogesh Bhattarai,6/15/2023,18:31:49,उधुम गर्मी @ जनकपुर https://t.co/MFUibtXl8R,113,3,30,10606,472236
1.67E+18,RSP,yogesbhattarai,Yogesh Bhattarai,6/8/2023,23:04:28,"नेपाल - भारत सम्बन्धमा दुई गलत धार 
एक:उत्तेजना मार्फत द्वन्द्वलाई निरन्तरता दिने 
दुई:लगलग कामेर लम्पसार हुने, स्वाभिमान गुमाउने 
दुबै गलत
गर्ने केत 
ऐतिहासिक तथ्य र प्रमाणको आधारमा वार्तागर्ने 
पारस्पारिक लाभ र राष्ट्रिय हितमा समाधान खोज्ने 
सबै तिरबाट बलियो कुटनीतिक पहलगर्ने",123,12,38,13111,472236
1.67E+18,RSP,yogesbhattarai,Yogesh Bhattarai,6/8/2023,22:38:29,"मित्र रोहितजीले शिर्सक  राखिदिनु भयो 
मैले के भने पुरा भिडियो सुन्नु होला 

७० वर्षे प्रावधान हटाउने निर्णयमा मेरो सहमति छैन : योगेश भट्टराई, सचिव, ... https://t.co/JVPKzCkaMQ via @YouTube",25,1,10,5971,472236
1.67E+18,RSP,yogesbhattarai,Yogesh Bhattarai,6/7/2023,21:42:59,"एमालेमा ७० बर्षको प्राब्धान किन आयो, अहिले केछ र पछि के हुन्छ ? https://t.co/bEtMFOEVIT",97,7,49,22500,472236
1.67E+18,RSP,yogesbhattarai,Yogesh Bhattarai,6/4/2023,19:12:48,"कमरेड घनश्याम भुसाल तथा दाई ऋषी भुसाल, मित्र भरत भुसाल र दिपु भुसालका पिता जगन्नाथ भुसालको निधनको खबरबाट दु:खी भएको छु । पिताजीमा भावपूर्ण श्रद्धान्जली र सम्पूर्ण परिवारजनमा गहिरो समवेदना ब्यक्त गर्दछु । https://t.co/hTNZCot6Mz",54,4,13,5477,472236
1.66E+18,RSP,yogesbhattarai,Yogesh Bhattarai,6/1/2023,16:42:53,बजेटमा एमालेका १७ बुँदे ध्यानाकर्षण- नीति तथा कार्यक्रमसँगै समन्वय छैन (पूर्णपाठ) – Nepal Press https://t.co/8M2iJsdvZo,21,3,0,1695,472236
1.66E+18,RSP,yogesbhattarai,Yogesh Bhattarai,5/31/2023,23:24:54,योगेश भट्टराईलाई प्रश्न: प्रधानमन्त्रीलाई राज्यमन्त्रीले स्वागत गरेपछि ह... https://t.co/dN5wdsjAPl via @YouTube,20,4,3,2739,472236
1.66E+18,RSP,yogesbhattarai,Yogesh Bhattarai,5/30/2023,1:57:41,"2023  IPL 
CSK romantic 
Jadeja Hero 
see you next https://t.co/9JqMIlTMts",51,1,5,7333,472236
1.66E+18,RSP,yogesbhattarai,Yogesh Bhattarai,5/29/2023,22:21:52,"आज माननीय अर्थमन्त्रीले संघीय संसदमा प्रस्तुत गर्नु भएको आ ब २०८०/ ८१ को बजेटमा उल्लेखित बिषयमा यही जेठ २१  गतेदेखि संसदमा छलफल हुँदैछ ।  
यहाँका सुझाब र टिप्पणीका लागि अनुरोध गर्दछौ ।  
yogeshb44@gmail.com मा email गर्न सक्नुहुनेछ ।  
धन्यवाद !",82,8,28,11988,472236
1.66E+18,RSP,yogesbhattarai,Yogesh Bhattarai,5/29/2023,10:20:30,"गणतन्त्र दिवश, २०८० को हार्दिक शुभकामना ।",35,1,19,6067,472236
1.66E+18,RSP,yogesbhattarai,Yogesh Bhattarai,5/24/2023,22:02:37,"छानबीनमा सबैले सहयोग गर्नु पर्छ ।
छानबीन निष्पक्ष र पारदर्शी हुनु पर्छ https://t.co/hsXNUMNxla",100,9,10,5857,472236
1.66E+18,RSP,yogesbhattarai,Yogesh Bhattarai,5/24/2023,8:38:08,"अद्भुत ! 
साँझमा Everest Base Camp सयौ आरोही र सहयोगीहरु 
Pic. @manish.maharjan444 https://t.co/B3rnRbKuti",63,5,4,3161,472236
1.66E+18,RSP,yogesbhattarai,Yogesh Bhattarai,5/23/2023,12:55:13,https://t.co/dhS9xL1KJr,15,1,1,1575,472236
1.66E+18,RSP,yogesbhattarai,Yogesh Bhattarai,5/23/2023,8:09:31,पहाड र हिमालका बारेमा https://t.co/hIjfWxp2TX,54,9,11,5738,472236
1.66E+18,RSP,yogesbhattarai,Yogesh Bhattarai,5/21/2023,17:36:41,कान्तिपुर दैनिकको प्रधान सम्पादकमा नियुक्त हुनुभएकोमा मित्र उमेश चौहानजीलाई हार्दिक बधाई र शुभकामना ! https://t.co/ND2HylZ6oK,37,0,6,4145,472236
1.66E+18,RSP,manishjhanepal,Manish Jha,5/20/2023,5:23:40,"राजनीतिक नियुक्ति ब्यबथापन गर्न अनावश्यक समिति नराखौ: 

सञ्चालित समिति-२१५
यसअघि खारेज भइसकेका-१०
हाल चालु-२०५ 
यीमध्ये पूर्ण खारेज गर्नुपर्ने-३८
हस्तान्तरण गरेर खारेज गर्नुपर्ने-४८
अर्कोसँग गाभ्न सकिने-१८  
आवश्यक पर्ने-१०१ 
  https://t.co/BxZeuiwlxR",263,27,6,15663,49753
1.66E+18,RSP,manishjhanepal,Manish Jha,5/19/2023,13:16:05,एकातिर राज्य सञ्चालनको लागी पैसा छैन भन्ने सुनिन्छ तर राज्यले उठाउन बाँकी राजस्व बक्यौता ३ खर्ब २५ अर्ब रहेछ। कस्न थाल्ने पो की?,252,22,12,15125,49753
1.66E+18,RSP,manishjhanepal,Manish Jha,5/19/2023,9:26:14,आज अपराह्न ४ बजे सङ्घीय सदनमा सम्माननीय राष्ट्रपति ज्यू बाट आगामी आर्थिक वर्षको नीति तथा कार्यक्रम वाचन हुनेछ। राष्ट्रपति भवनबाट संसद् भवनको यात्राको कारण फेरी नागरिकले दु:ख भोग्न नपरोस् र फेरी एक पटक यो व्यवस्था लज्जित हुन नपरोस्। विनम्र अनुरोध छ।,238,32,6,12985,49753
1.66E+18,RSP,manishjhanepal,Manish Jha,5/18/2023,11:51:26,"पहिलो लहरमा बस्नुहुने सत्ता गठबन्धनका माननीयहरू अझैसम्म उपस्थित हुनुभएन, सदन ५० मिनेट ढिलो भइसक्यो।",395,41,29,35974,49753
1.66E+18,RSP,manishjhanepal,Manish Jha,5/16/2023,17:31:49,"सार्वजनिक लेखा (संसदीय समिति)को पहिलो बैठकमा मेरो केही धारणा: 

१) उपस्थित र अनुपस्थित सदस्यहरूको नाम नियमित रूपमा सार्वजनिक गरियोस्। 

२) यो समितिको काम कारबाही सम्बन्धी सरल रूपमा सबैलाई जानकारी होस। 

३) प्रगति विवरण नियमित रूपमा सामाजिक सञ्जालको माध्यमबाट सार्वजनिक गरियोस्।… https://t.co/19dJDzy2dS",396,36,18,26846,49753
1.66E+18,RSP,manishjhanepal,Manish Jha,5/16/2023,9:31:27,अब देखि सार्वजनिक लेखा (संसदीय) समितिमा सर्वसाधारणको गुनासोको पनि सुनुवाइ हुनेछ।,262,26,21,12514,49753
1.66E+18,RSP,manishjhanepal,Manish Jha,5/15/2023,15:39:09,"सरकारले शङ्कास्पद अपराधीलाई कारबाही गर्न कतै हेलचेक्र्याइँ त गरिरहेको छैन? सन्दिग्धहरूको नाम आउँछ तर अपराधीहरूले आफ्नो योजनाअनुसार भाग्न, लुक्न र सार्वजनिक हुन पाइरहेका छन्। सरकारले गलत नियत राख्दै छ भने, हामी पनि भ्रष्टाचार विरुद्ध आन्दोलन गर्ने ल्याकत राख्छौ। https://t.co/pFG8mP03BZ",277,29,14,11537,49753
1.65E+18,RSP,manishjhanepal,Manish Jha,5/5/2023,21:37:13,"लोकतन्त्रको संस्कार सदन हो र सदनको जिम्मा प्रतिपक्षको हुन्छ। लोकतान्त्रिक अभ्यासलाई अझै सबल बनाउनको लागी, अहिले प्रतिपक्षमा बस्ने निर्णय गर्यौं। साथ, सरोकार, सहयोग र सहयात्रा कायम रहोस। जय होस। https://t.co/ncnARtDtZM",718,33,76,28341,49753
1.65E+18,RSP,manishjhanepal,Manish Jha,5/4/2023,14:59:34,"प्रतिनिधि सभा सदस्यको रूपमा पहिलो अधिवेशन (२०७९, पौष २५ देखि २०८० वैशाख १५) दौरान मेरो भूमिका। तपाईहरको सहकार्य, सुझाव र सतर्कता प्रति कृतज्ञ छु र रहनेछु। https://t.co/unHmID7q2Z",1224,124,103,67836,49753
1.65E+18,RSP,manishjhanepal,Manish Jha,5/4/2023,12:14:19,"राजनीतिमा सैद्धान्तिक, प्राविधिक र व्यवहारिक सहमतिको आधारमा सरकार सञ्चालनमा आबद्धताको निर्णय हुन्छ। नेपाली जनमतले हाम्रो राजनीतिक अस्तित्व सशक्त र सकारात्मक रूपमा स्वीकार गरिरहेको बेला, हामीले राजनीतिक सम्झौता गरेर हिँड्न मिल्दैन। https://t.co/dolzkU5kGI",281,32,7,9893,49753
1.65E+18,RSP,manishjhanepal,Manish Jha,5/2/2023,11:46:06,"We are the HOPE, We are the POWER
YES ! We CAN. 
Congratulations, Team !! 
जय देश, जय नेपाल 🇳🇵 https://t.co/fHoORIDObY",771,43,6,16419,49753
1.65E+18,RSP,manishjhanepal,Manish Jha,4/26/2023,18:20:16,"बि. स. २०४६ पश्चात् २५ जनाले गृह मन्त्रालयको नेतृत्व गरे, सबैभन्दा धेरै नेपाली काँग्रेसले, १२ पटक। तर पटक पटक गृहमन्त्रालयको जिम्मेवारी पाएता पनि सुरक्षाकर्मीहरूको मानसिक स्वास्थ्यमा आवश्यक काम गरेको पाइएको छैन। यस सम्बन्धी मेरो आवाज आज सङ्घीय सदनमा। जय होस। https://t.co/GJMFjgN7aW",1008,87,32,32598,49753
1.65E+18,RSP,manishjhanepal,Manish Jha,4/24/2023,12:50:35,लोकतन्त्र दिवसको शुभकामना ! https://t.co/B2eWKO2yZF,300,6,5,10175,49753
1.65E+18,RSP,manishjhanepal,Manish Jha,4/22/2023,9:13:39,"विश्व अर्थतन्त्रले Innovation खोजिरहेको छ हाम्रो दलबाट पटक पटक यो कुरा सदनमा उठाइएको छ तर संयन्त्रमा बौद्धिक दरिद्रता देखिन्छ।  @thapagk @bishwaprakash77  उद्योग मन्त्रालय र अर्थ मन्त्रालय तपाईँको दलसँग छ। केही गर्नुस्। नत्र स्मरण रहोस, हरिले हेर्दै छ।  https://t.co/IKeb2RpqXV",1586,310,126,112899,49753
1.65E+18,RSP,manishjhanepal,Manish Jha,4/20/2023,18:44:02,"कोही सक? 
#vote_for_change https://t.co/w8l9bn2YLN",1324,112,120,63894,49753
1.65E+18,RSP,manishjhanepal,Manish Jha,4/17/2023,17:09:54,बारा २ | With @gparajuli https://t.co/QPDWGUbThR,314,6,8,12858,49753
1.65E+18,RSP,manishjhanepal,Manish Jha,4/17/2023,6:54:30,"राष्ट्रिय स्वतन्त्र पार्टीका मित्रहरूलाई अनुरोध: 
१) अपशब्द प्रयोग नगर्नुस् 
२) पत्रपत्रिका जलाउने काम नगर्नुस् 
३) हामी एक अर्काको प्रतिस्पर्धी हौ, दुस्मन हैन। 
४) हामी जिते पुग्छ, अरू सबै हार्न आवश्यक छैन।",1558,182,166,171900,49753
1.65E+18,RSP,manishjhanepal,Manish Jha,4/16/2023,14:49:08,"निष्पक्ष, नियमित र भयरहित निर्वाचन लोकतन्त्रको आधारभूत सिद्धान्त हो। तर मधेस प्रदेश सरकारको मुख्यमन्त्री लगायतको संयन्त्र बारा-२ मा एक नेताको निर्वाचन क्षेत्रमा केन्द्रित छ। यो लोकतन्त्रको अर्को आधारभूत सिद्धान्त ""कानुनी शासन"" विरुद्ध हो। निर्वाचन आयोगको ध्यान जाओस्। https://t.co/3A9ezOUw8N",222,19,3,7869,49753
1.65E+18,RSP,manishjhanepal,Manish Jha,4/16/2023,10:04:07,"To practice and establish change. 

1. Restrucring your perspective, according to restructured politics. 
2. Standardised operating procedures. 

Thank you !! https://t.co/zZx832r0qT",135,15,2,10204,49753
1.65E+18,RSP,manishjhanepal,Manish Jha,4/14/2023,10:32:14,"नयाँ वर्ष विक्रम सम्बत २०८० को शुभकामना। 
जय होस !",233,2,21,9906,49753
1.65E+18,RSP,manishjhanepal,Manish Jha,4/12/2023,16:55:28,संघिय संसदमा सुरक्षण मुद्रण सम्बन्धि बिधेयक छलफलमा मेरो धारणा। राज्यले बनाउने कागजातहरूको गुणस्तरमा ध्यान दिन अनुरोध। https://t.co/J69g7ZxivP,202,12,4,10289,49753
1.65E+18,RSP,manishjhanepal,Manish Jha,4/11/2023,8:26:46,मैले हिजो बोलेको पुर्ण कुरा यहा छ। मेरो अभिमत बुझ्न चाहनुहुन्छ भने यहा छ। सहयोगको लागी धन्यवाद @SGnepal,303,24,22,19368,49753
1.65E+18,RSP,manishjhanepal,Manish Jha,4/10/2023,18:05:40,"राजनीतिक मिटरब्याजीहरू हाबी छन् यहाँ, एक पटक लगानी गरेर पटक पटक फाइदा खोज्दैन। उनीहरूले आफ्नो गल्ती पटक पटक ढाकछोप गरिरहे। हामीले त सूचना पाउनासाथ निलम्बन गर्‍यौ, सदनमा माफी माग्यौ र अबको ४८ घण्टाभित्र निर्णय हुनेछ। https://t.co/zEg3bwd4u6",457,58,22,25823,49753
1.64E+18,RSP,manishjhanepal,Manish Jha,4/7/2023,13:53:10,"सरकारको नेतृत्व यथावत् छ तर न्यूनतम साझा कार्यक्रममा प्राथमिकताको विषय र प्रतिबद्धता किन परिवर्तन हुँदै छ? बलात्कारी र भ्रष्टाचारी प्रति किन सहानुभूति देखाउँदै छ सरकारको न्यूनतम साझा कार्यक्रम? र, के सदन र गठबन्धनमा राष्ट्रिय स्वतन्त्र पार्टीको अस्तित्व बेवास्ता गर्न खोजेको हो? https://t.co/hh1ChQZibB",312,31,6,17271,49753
1.64E+18,RSP,manishjhanepal,Manish Jha,4/6/2023,17:00:14,"नेपाल अध्यात्मको राजधानी हो। अध्यात्मको चार पक्ष बिशेष हुन्छ: मानवतावाद, धर्म, अनुशासन र प्रकृति। नेपालमा रहेको अध्यात्मको धरोहरहरूलाई संरक्षण, प्रवर्द्धन गर्न र गढीमाई क्षेत्रको लागी विशेष गुरु योजना र गढीमाई विकास कोष स्थापनाको माग सहित सङ्घीय सदनमा मेरो आवाज। https://t.co/9TjJVUnTV4",650,67,12,30030,49753
1.64E+18,RSP,manishjhanepal,Manish Jha,4/3/2023,18:27:41,"आर्थिक असहजतामा रहेकी धनलक्ष्मी (पुनिता) यादवको शिक्षाको लागी आर्थिक सहयोगको अपिल गरेको थिए। आवश्यक श्रोत जुटिसकेछ, सबै मनकारी साथीहरूलाई धन्यवाद। https://t.co/h6bD1qOMUJ",263,23,15,25299,49753
1.64E+18,RSP,manishjhanepal,Manish Jha,4/2/2023,17:05:47,"प्रतिनिधी सभा नियमावली मस्यौदा समितिको प्रतिवेदन २०७९ मा संशोधन प्रस्तावमा  @SumanaShrestha ले राख्नुभएको संशोधन प्रस्तावलाई समर्थन गर्दै राखेको मेरो धारणा। 
We need a parliamentary calendar. https://t.co/tfTyj0k0Mq",456,48,9,20222,49753
1.64E+18,RSP,manishjhanepal,Manish Jha,4/2/2023,15:12:10,"हामी खुला अर्थतन्त्रमा छौ, छाडा अर्थतन्त्रमा हैन। खुला सिमाना मार्फत हुने चोरी पैठारी नियन्त्रण गरियोस र नेपाली ब्यापारीको लगानी संरक्षण गरियोस। संघिय सदन मार्फत आज गृहमन्त्रीको ध्यानाकर्षण। https://t.co/CckTdcFYhM",279,22,11,15136,49753
1.64E+18,RSP,manishjhanepal,Manish Jha,4/1/2023,16:25:04,"लक्ष्य विकास र सुशासन नै हो, 
आउनुस् नयाँ आधार बनाऔँ। स्वागत छ दाइ! https://t.co/nTMJlKCUAR",1444,58,61,55999,49753
1.64E+18,RSP,manishjhanepal,Manish Jha,3/31/2023,13:02:46,जब नगरवासीले सपना देख्छ तब सोच्नुस् कि नगर जीवित छ र जाग्दै छ। जनकपुरमा अन्तर्राष्ट्रिय रङ्गशालाको सपना र रात्रिकालीन व्यापारको योजनामा मेरो साथ छ। अभियन्ता दिनेश पूर्वे जी को सपनाको दर्शन र उद्योग वाणिज्य सङ्घका अध्यक्ष जितेन्द्र महासेटसँगको भेटघाट र छलफल। #जय_जनकपुर https://t.co/2JZdwuW1jw,218,11,5,11497,49753
1.64E+18,RSP,manishjhanepal,Manish Jha,3/29/2023,17:16:22,राजनीति र राज्यको परिकल्पना कमजोरहरूको लागी भएको हो तर यो राज्य प्रणालीको दुरुपयोग शक्तिशाली व्यक्तिहरूले गरिरहेको पाइन्छ। १३ दिन हिँडेर सङ्घीय राजधानी पुगेका मिटरब्याजपीडितहरूको पक्षमा सङ्घीय सदनमा मेरो आवाज। https://t.co/7YA0KInSQv,440,34,20,24658,49753
1.64E+18,RSP,manishjhanepal,Manish Jha,3/26/2023,7:53:58,"धरान BPKIHS BSc Nursing को विद्यार्थी धन लक्ष्मी यादव (पुनिता) जसले कलिलो उमेरमा आमा र हालै बुवा गुमाइन। उनी चौथो बर्षको शिक्षामा छिन तर आर्थिक अभावले असहज परिस्थिति छ, हाम्रो सहयोगले उनलाई आफ्नो शैक्षिक यात्रा सम्पन्न गर्न सघाउन सक्छ। आर्थिक सहयोगको अनुरोध छ। सम्पर्क 9841725255 https://t.co/J8g8laVvM4",332,94,11,55277,49753
1.64E+18,RSP,manishjhanepal,Manish Jha,3/16/2023,17:50:19,"The reason to be proud 
and the reason to be happy. 
Nepal 🇳🇵 Nepal 🇳🇵 https://t.co/HGPC7kTAJ2",435,31,1,12181,49753
1.63E+18,RSP,manishjhanepal,Manish Jha,3/11/2023,8:17:39,"देश, मधेस, मैथिल र मिथिला पेन्टिङ।
@ जनकपुर विमानस्थल !
Choreography/camera @mahatsujit https://t.co/lRjV9Piisz",722,24,25,62722,49753
1.63E+18,RSP,manishjhanepal,Manish Jha,3/3/2023,10:51:58,"हरेक खुशीमा ""दाइ कति खुशी हुन्थ्यो होला"" भनेर सम्झन्छु। हरेक अप्ठ्यारोबिच, ""दाइ भएको भए, सघाउँथ्यो होला"" भनेर सम्झन्छु। जीवनको सबैभन्दा ठूलो साथ गुमाएपछि...... निकै असहज हुँदोरहेछ।  आज दुई वर्ष भयो। https://t.co/oDOEylCY3M",296,2,32,25413,49753
1.63E+18,RSP,manishjhanepal,Manish Jha,3/2/2023,13:08:32,धन्यवाद  !! प्रणाम !! 🙏🙏,54,0,0,3775,49753
1.63E+18,RSP,manishjhanepal,Manish Jha,2/28/2023,12:46:11,"अदालत सम्मानित हो र रहनेछ।
त्यहा काम गर्ने ब्यक्ती सम्मानित रहेनन।",507,56,23,39986,49753
1.63E+18,RSP,manishjhanepal,Manish Jha,2/28/2023,12:12:35,"राज्य, समाज, धर्म र संस्कृति मान्छेले बनाएको हो। जतिखेर मान्छेले मान्छेलाई बहिष्करण गर्न छोड्छ। एक धर्मले अर्को धर्मलाई, एक जातिले अर्को जातिलाई, एक संस्कृतिले अर्को संस्कृतिलाई बहिष्करण गर्न छाडेको दिन विभेद सकिन्छ।
@janakpurfest @ukaalonews
@ManavJyotee
https://t.co/9fYTGFvHq5",81,10,3,5054,49753
1.63E+18,RSP,manishjhanepal,Manish Jha,2/21/2023,7:25:49,"लोकतन्त्र भनेको निर्वाचन र Digitization भनेको समाजीक सञ्जाल भइदियो।
राज्य र नागरिक बिच लोकतन्त्रको सिद्धान्तको आधारमा हुने सेवा र सूचनाको अभ्यासमा,
सूचना प्रविधिको प्रयोगले थप प्रभावकारी बनाउन सक्छ। तर राज्यले बलियो आधार बनाउन आवश्यक छ।
Digitization in Democracy  #Karnali_Utsav https://t.co/XqJfjrUJIl",389,34,8,24701,49753
1.63E+18,RSP,manishjhanepal,Manish Jha,2/16/2023,10:28:59,"हिजो भर्खर सदनमा दमदार आवाज सुनेको थिए, आज चिन्ताजनक खबर सुने। 
मा. डा. चन्द्र भण्डारी दाई र आमाको सुरक्षित स्वास्थ्य अवस्थाको कामना गर्दछु।  🙏 https://t.co/tNfCkPxF1L",187,1,3,10610,49753
1.63E+18,RSP,manishjhanepal,Manish Jha,2/16/2023,7:08:36,राजनीतिको पनि राजनीतिक दायरा निर्धारण हुन आवश्यक छ। सबै ठाउँमा राजनीति गर्नु र राजनीतिक नियुक्ति गर्नु पनि गलत अभ्यास हो र त्यही कारण केही क्षेत्र झन-झन कमजोर हुदैछ। https://t.co/eHuiU48MLS,577,55,28,40722,49753
1.62E+18,RSP,manishjhanepal,Manish Jha,2/13/2023,8:05:21,"अर्थतन्त्रको अर्धवार्षिक समीक्षामा सुझाव: 
१) रेमिटेन्समा Cash Back Scheme"" लागु गर्न सुझाव।
२) Digital Economyको बृहत् अभ्यास। 
३) आम्दानी बढाउने क्षेत्रमा उदारताको खाँचो। 
४) कृषि उत्पादनमा विदेशी उत्पादनको सिन्डिकेट तोडियोस्।
५) बजार उद्यमीको हो, सहज अभ्यास गर्न दिइयोस्। https://t.co/lGFMlkc8Qh",1177,125,52,81123,49753
1.62E+18,RSP,manishjhanepal,Manish Jha,2/5/2023,17:55:59,Turning Point... https://t.co/WpdhZnTbx3,1327,61,125,211613,49753
1.62E+18,RSP,manishjhanepal,Manish Jha,2/5/2023,8:21:50,"यसरी नै सधै, साथ, सहयोग, सरोकार र सावधानी आईरहोस भन्ने याचना गर्दछौ।
मानव हौ, त्रुटी होला। जिवन हो, कमजोरी होला। 
राजनीति हो, बिबाद होला। यात्रा हो, दुर्घटना होला। तर, तपाईहरूले हामीलाई कमजोर हुन न दिनु होला। https://t.co/tJQtXsTYd9",638,52,39,36681,49753
1.62E+18,RSP,manishjhanepal,Manish Jha,2/3/2023,7:12:22,"नयाँ सङ्गठन हो, केही घटनाक्रम हाम्रो लागी नयाँ छ। यो अस्थिर निर्मम राजनीतिमा हामीले सिक्न र बुझ्न बाँकी छ। देशमा ७ दशकको राजनीतिक संस्कार र हामी ७ महिनाको सङ्गठन, तर हामी मध्येका कोही आत्तिएका छैनन। बिस्वास गर्नुस। जय होस। https://t.co/nX1oxHIOPn",730,43,60,52122,49753
1.62E+18,RSP,manishjhanepal,Manish Jha,2/2/2023,8:06:52,"""पुजारी पापी छ भने मन्दिरको के दोश?""
मधेसको पुरातात्त्विक र आध्यात्मिक संरचनाहरूले आवश्यक संरक्षण पाइरहेको छैन। सङ्घीय सदनको विशेष समयमा मेरो सरोकार। जानकी मन्दिरको मार्बल र बत्ती जडानमा भएको भ्रष्टाचार बारे चाँडै छानबिनको प्रतिवेदन सार्वजनिक गर्न माग। https://t.co/Yd7y7wc5nL",812,91,34,48918,49753
1.62E+18,RSP,manishjhanepal,Manish Jha,1/30/2023,9:46:00,"जब नेपालमा राजनीतिको चर्चा हुन्छ। 
१) षडयन्त्र (conspiracy) को चर्चा हुन्छ। 
२) सिध्यान्त, उद्देश्य र बिचार बिर्सेर सबै व्यक्तिको पछाडि लाग्छन्। 
हेरौँ न ! हालसम्म नेपाली राजनीतिक अभ्यासले कस्तो छवि बनाएको रहेछ। सरल, स्वच्छ र निष्पक्ष भएर त केही सोच्नै नसकिने। https://t.co/KOVT5qRfU4",645,48,41,50919,49753
1.62E+18,RSP,manishjhanepal,Manish Jha,1/18/2023,9:53:34,"मैले नेपाल ब्यबस्थापन संघको ""बोर्ड मेम्बर""को पदबाट राजीनामा दिएको छु। दुई कार्यकाल निर्वाचित कार्यकारी सदस्य हुँदा पाएको मत, सहकार्य र सहयात्राको लागी सबैमा धन्यवाद छ। जय होस।",286,3,3,25318,49753
1.61E+18,RSP,manishjhanepal,Manish Jha,1/13/2023,8:08:00,अहिलेसम्मको राजनीतिक उपलब्धि प्रति सम्मान छ तर अब राजनीतिक स्लेबस परिवर्तन गर्ने बेला आएको छ। https://t.co/ta6cMnIsVx,623,49,32,52530,49753
1.61E+18,RSP,manishjhanepal,Manish Jha,1/11/2023,18:23:59,"यदि हामी नेपालको राजनीतिक संस्कारमा परिवर्तन चाहन्छौ भने, हाम्रो अपेक्षा र अभ्यासमा परिवर्तन आवश्यक छ। आज राती ९ बजे @DahalTbd संगको संवाद the bRAVOdELTA show मा @AP1HDTV https://t.co/RGlBT2akUt",563,43,47,50421,49753
1.61E+18,RSP,manishjhanepal,Manish Jha,12/22/2022,22:18:40,"अपेक्षा, बिस्वास र जिम्मेवारी 
#Parliament #Nepal #RSP https://t.co/llEKcJAwbY",362,5,33,29176,49753
1.61E+18,RSP,manishjhanepal,Manish Jha,12/21/2022,16:57:21,"कसैले उद्यमशिलता भनेको के हो भनेर सोधे भने, ‘उद्यमशिलता भनेको जोखिम मोल्नु हो’ भन्ने जवाफ आउँछ। तर, उद्यमशिलतामा जोखिम हुने भए पनि उद्यमशिलता भनेको जोखिम भने होइन।
""उद्यमशिलताप्रति उत्साह र आवश्यकता"" @capitalnepal1 https://t.co/Pgelukjt1c",103,16,2,7335,49753
1.60E+18,RSP,manishjhanepal,Manish Jha,12/19/2022,7:14:39,Dream. Work Hard. Achieve #messi https://t.co/upeev2BuYx,111,0,1,5227,49753
1.60E+18,RSP,manishjhanepal,Manish Jha,12/13/2022,11:29:24,"कामचलाउ सरकारले अध्यादेश ल्याउनु सरासर गलत हो। पात्र, समुदाय र सम्प्रदाय तपसिलका कुरा हुन।",401,40,11,0,49753
1.60E+18,RSP,manishjhanepal,Manish Jha,12/7/2022,9:31:59,"यो गलत र स्तरहिन तरिका हो। 
पंकज दासको अभियोग आधारहीन छ। RSS को एजेन्ट र भारतीय मिडिया संवादाताले हाम्रो आन्तरिक कुरामा बोल्न मिल्दैन, हामीलाई रिस उठ्नु स्वाभाविक हो। तर त्यो भन्दैमा हामीले पनि स्तर गुमाउनु हुन्न। राष्ट्रियता झल्काउन साम्प्रदायिक भेदभावको बाटो लीन हुन्न। 🙏",207,29,19,0,49753
1.60E+18,RSP,manishjhanepal,Manish Jha,12/4/2022,14:20:24,"नेतृत्व केवल आफ्नो र आफ्नो परिवारको समृद्धिमा सिमित रहँदैन। आज अरूलाई सफल हुन सघाउनुस, भोली तपाईको सफलताको सहयात्री हुनेछन। #Messi #Leadership https://t.co/t5srFIz2mI",200,18,1,0,49753
1.60E+18,RSP,manishjhanepal,Manish Jha,12/1/2022,10:14:24,"समानुपातिक मतगणना 
बिहान ९:११ बजे:
१,०२,२२,२२२ गन्दा रास्पाको ११,०६,०९१
बिहान ९:५९ मा:
१,०२,३७,०७९ गन्दा रास्पाको ११,०५,८१२
अरूको बढ्ने हाम्रो घट्ने, यो कुन हिसाब हो? 
@ECNOfficial
@DkThapaliya @PShaligramJS @hamrorabi https://t.co/g0QvXGkgxI",230,29,32,0,49753
1.60E+18,RSP,manishjhanepal,Manish Jha,11/28/2022,11:21:19,"अयाेध्या नगरियासं ऐलै, बरतिया हे साेहावन लागे।
जनक नगरिया भेलै सोर, हो सोहावन लागे।
सबैमा बिवाह पञ्चमीको शुभ कामना! https://t.co/oiQrrMPLSW",248,17,4,0,49753
1.60E+18,RSP,manishjhanepal,Manish Jha,11/26/2022,15:52:37,"आदरणीय राम अशिस यादव ज्यू। 
बर्खरै दुई दिन भयो वहा प्रदेश सासंदको रूपमा (जसपाबाट) दोस्रो पटक निर्वाचित हुनुभएको। आज जनकपुर गंगासागरमा सरसफाइमा सहभागी हुन आउनु भयो। अरू सम्मान थाप्दैछन र सगुन खादै छन तर वहाँले काम थालीसक्नु भयो। जय होस। @RamAshi61242308 https://t.co/kTYbOluyhF",469,29,29,0,49753
1.60E+18,RSP,manishjhanepal,Manish Jha,11/23/2022,11:26:22,"तपाईँको सबै कुरामा मेरो सहमति छैन @drckraut जी। तर, भारतको बिहारमा ३ दशक पहिले असफल भैसकेको जातीय र स्वार्थपूर्ण राजनीति अहिले मधेसमा गरिरहेका उपेन्द्र यादव जी लाई हराउनु भएकोमा सम्मान छ। अब मधेसमा परिष्कृत राजनीतिक संस्कारको अभ्यास गरौँ। 
जय होस।",1246,89,29,0,49753
